Type	FSWP-26
Version	3.01
Date	17.Jun 2025
VSupply	ON
Mode	Voltage
Voltage Set	15.0000000000	V
Voltage Min	0.0000000000	V
Voltage Max	16.0000000000	V
Voltage Meas	0.0000000000	V
Current Max	300.0000000000	mA
Current Meas	0.2629969419	mA
VTune	OFF
Voltage Set	0.0000000000	V
Voltage Min	0.0000000000	V
Voltage Max	5.0000000000	V
Voltage Meas	-0.0147692308	V
Current Max	20.0000000000	mA
Current Meas	-0.0469483568	mA
VAux	OFF
Voltage Set	5.0000000000	V
Voltage Min	0.0000000000	V
Voltage Max	6.0000000000	V
Voltage Meas	-0.0067069081	V
Current Max	100.0000000000	mA
Current Meas	0.1207729469	mA
Mode	Phase Noise
Measurement	Phase Noise
Input	RF
RF Att	0.0000000000	dB
Coupling	AC
RBW	3.0000000000	%
XCORR Factor	1000
XCORR Optimize	ON
Estimated Meas Time	6551.8562548773	s
Sweep Count	0
Signal Frequency	62496187.7938485146	Hz
Signal Level	12.2467000000	dBm
Start	1.0000000000	Hz
Stop	10000000.0000000000	Hz
SubSweep	1
Start	1.0000000000	Hz
Stop	3.0000000000	Hz
RBW	0.0900000000	Hz
XCORR Count	1000
SubSweep	2
Start	3.0000000000	Hz
Stop	10.0000000000	Hz
RBW	0.0900000000	Hz
XCORR Count	1000
SubSweep	3
Start	10.0000000000	Hz
Stop	30.0000000000	Hz
RBW	0.3000000000	Hz
XCORR Count	3300
SubSweep	4
Start	30.0000000000	Hz
Stop	100.0000000000	Hz
RBW	0.9000000000	Hz
XCORR Count	10000
SubSweep	5
Start	100.0000000000	Hz
Stop	300.0000000000	Hz
RBW	3.0000000000	Hz
XCORR Count	33000
SubSweep	6
Start	300.0000000000	Hz
Stop	1000.0000000000	Hz
RBW	9.0000000000	Hz
XCORR Count	100000
SubSweep	7
Start	1000.0000000000	Hz
Stop	3000.0000000000	Hz
RBW	30.0000000000	Hz
XCORR Count	330000
SubSweep	8
Start	3000.0000000000	Hz
Stop	10000.0000000000	Hz
RBW	90.0000000000	Hz
XCORR Count	1000000
SubSweep	9
Start	10000.0000000000	Hz
Stop	30000.0000000000	Hz
RBW	300.0000000000	Hz
XCORR Count	3300000
SubSweep	10
Start	30000.0000000000	Hz
Stop	100000.0000000000	Hz
RBW	900.0000000000	Hz
XCORR Count	10000000
SubSweep	11
Start	100000.0000000000	Hz
Stop	300000.0000000000	Hz
RBW	3000.0000000000	Hz
XCORR Count	10000000
SubSweep	12
Start	300000.0000000000	Hz
Stop	1000000.0000000000	Hz
RBW	9000.0000000000	Hz
XCORR Count	10000000
SubSweep	13
Start	1000000.0000000000	Hz
Stop	3000000.0000000000	Hz
RBW	30000.0000000000	Hz
XCORR Count	10000000
SubSweep	14
Start	3000000.0000000000	Hz
Stop	10000000.0000000000	Hz
RBW	90000.0000000000	Hz
XCORR Count	10000000
Integrated Measurements Range	1
Start	1.0000000000	Hz
Stop	10000000.0000000000	Hz
Weighting	OFF
Integrated Measurements Range	2
Start	1.0000000000	Hz
Stop	10000000.0000000000	Hz
Weighting	OFF
Integrated Measurements Range	3
Start	1.0000000000	Hz
Stop	10000000.0000000000	Hz
Weighting	OFF
Integrated Measurements Range	4
Start	1.0000000000	Hz
Stop	10000000.0000000000	Hz
Weighting	OFF
Integrated Measurements Range	5
Start	1.0000000000	Hz
Stop	10000000.0000000000	Hz
Weighting	OFF
Integrated Measurements Range	6
Start	1.0000000000	Hz
Stop	10000000.0000000000	Hz
Weighting	OFF
Integrated Measurements Range	7
Start	1.0000000000	Hz
Stop	10000000.0000000000	Hz
Weighting	OFF
Integrated Measurements Range	8
Start	1.0000000000	Hz
Stop	10000000.0000000000	Hz
Weighting	OFF
Integrated Measurements Range	9
Start	1.0000000000	Hz
Stop	10000000.0000000000	Hz
Weighting	OFF
Integrated Measurements Range	10
Start	1.0000000000	Hz
Stop	10000000.0000000000	Hz
Weighting	OFF
Spot Noise Decade Edges	ON
Spot Noise User Defined	OFF
Spot Noise User Defined Offset	1
State	ON
Offset	1000.0000000000	Hz
Spot Noise User Defined Offset	2
State	ON
Offset	10000.0000000000	Hz
Spot Noise User Defined Offset	3
State	ON
Offset	100000.0000000000	Hz
Spot Noise User Defined Offset	4
State	ON
Offset	1000000.0000000000	Hz
Spot Noise User Defined Offset	5
State	ON
Offset	10000000.0000000000	Hz
Spot Noise User Defined Offset	6
State	ON
Offset	100000000.0000000000	Hz
Window	1	Noise Spectrum
Trace	1
Trace Mode	CLR/WRITE
Trace Result	PN
Smoothing	OFF
Smoothing Value	1.0000000000	%
Spurious Removal	OFF
Spurious Removal Threshold	6.0000000000	dB
Trace Offset	OFF
Trace Offset	0.0000000000	dB
Trace Label	OFF
Trace Label	Trace 1
x-Unit	Hz
y-Unit	dBc/Hz
Values	4663
1.0000000000	-87.1616516113
1.0034632683	-87.2161331177
1.0069385767	-87.2767715454
1.0104259253	-87.3374099731
1.0139254332	-87.3980484009
1.0174369812	-87.4589843750
1.0209606886	-87.5252838135
1.0244965553	-87.5915832520
1.0280447006	-87.6578826904
1.0316051245	-87.7241821289
1.0351779461	-87.7881698608
1.0387630463	-87.8503952026
1.0423606634	-87.9126281738
1.0459706783	-87.9748535156
1.0495932102	-88.0351638794
1.0532282591	-88.0847854614
1.0568759441	-88.1344070435
1.0605362654	-88.1840286255
1.0642092228	-88.2336425781
1.0678949356	-88.2665023804
1.0715934038	-88.2952270508
1.0753046274	-88.3239517212
1.0790288448	-88.3526763916
1.0827658176	-88.3673171997
1.0865157843	-88.3688049316
1.0902787447	-88.3702926636
1.0940546989	-88.3717803955
1.0978437662	-88.3649520874
1.1016459465	-88.3382339478
1.1054613590	-88.3115081787
1.1092898846	-88.2847900391
1.1131316423	-88.2551345825
1.1169868708	-88.2063522339
1.1208553314	-88.1575698853
1.1247371435	-88.1087875366
1.1286325455	-88.0597152710
1.1325412989	-88.0014724731
1.1364636421	-87.9432296753
1.1403995752	-87.8849945068
1.1443492174	-87.8267440796
1.1483124495	-87.7741775513
1.1522893906	-87.7217025757
1.1562801600	-87.6692199707
1.1602846384	-87.6167373657
1.1643031836	-87.5801925659
1.1683354378	-87.5437240601
1.1723817587	-87.5072631836
1.1764421463	-87.4716415405
1.1805164814	-87.4493484497
1.1846050024	-87.4270477295
1.1887077093	-87.4047546387
1.1928246021	-87.3826446533
1.1969556808	-87.3614196777
1.2011011839	-87.3401947021
1.2052608728	-87.3189773560
1.2094351053	-87.2938079834
1.2136237621	-87.2612075806
1.2178269625	-87.2285995483
1.2220447063	-87.1959915161
1.2262769938	-87.1581878662
1.2305239439	-87.1163864136
1.2347856760	-87.0745773315
1.2390621901	-87.0327758789
1.2433534861	-86.9981994629
1.2476595640	-86.9650650024
1.2519805431	-86.9319381714
1.2563166618	-86.9032363892
1.2606676817	-86.8999481201
1.2650337219	-86.8966522217
1.2694149017	-86.8933639526
1.2738113403	-86.9109191895
1.2782229185	-86.9484786987
1.2826498747	-86.9860382080
1.2870920897	-87.0235977173
1.2915496826	-87.0916671753
1.2960226536	-87.1624908447
1.3005112410	-87.2333145142
1.3050153255	-87.3059692383
1.3095350266	-87.3817749023
1.3140703440	-87.4575805664
1.3186213970	-87.5333862305
1.3231881857	-87.5821914673
1.3277708292	-87.6266860962
1.3323693275	-87.6711807251
1.3369836807	-87.6976470947
1.3416141272	-87.6968765259
1.3462605476	-87.6960983276
1.3509230614	-87.6953277588
1.3556017876	-87.6762924194
1.3602966070	-87.6567993164
1.3650077581	-87.6373062134
1.3697352409	-87.6339950562
1.3744791746	-87.6418304443
1.3792393208	-87.6496582031
1.3840161562	-87.6720123291
1.3888094425	-87.7382888794
1.3936192989	-87.8045654297
1.3984458447	-87.8708343506
1.4032890797	-87.9900436401
1.4081491232	-88.1124572754
1.4130259752	-88.2348785400
1.4179197550	-88.3699493408
1.4228304625	-88.5111312866
1.4277582169	-88.6523132324
1.4327028990	-88.7773437500
1.4376648664	-88.8820419312
1.4426438808	-88.9867401123
1.4476402998	-89.0739746094
1.4526538849	-89.1078720093
1.4576849937	-89.1417694092
1.4627333879	-89.1707611084
1.4677993059	-89.1473159790
1.4728827477	-89.1238784790
1.4779838324	-89.1004333496
1.4831025600	-89.0615615845
1.4882389307	-89.0220184326
1.4933931828	-88.9824829102
1.4985653162	-88.9570007324
1.5037553310	-88.9337158203
1.5089633465	-88.9104232788
1.5141893625	-88.9067459106
1.5194333792	-88.9078292847
1.5246957541	-88.9089202881
1.5299762487	-88.9189605713
1.5352749825	-88.9315872192
1.5405921936	-88.9442138672
1.5459277630	-88.9460372925
1.5512818098	-88.9447784424
1.5566543341	-88.9435195923
1.5620455742	-88.9094619751
1.5674554110	-88.8677902222
1.5728839636	-88.8261260986
1.5783313513	-88.7407531738
1.5837976933	-88.6491470337
1.5892828703	-88.5575485229
1.5947870016	-88.4381942749
1.6003103256	-88.3179321289
1.6058527231	-88.1989669800
1.6114143133	-88.0930633545
1.6169950962	-87.9871597290
1.6225953102	-87.8943176270
1.6282148361	-87.8427200317
1.6338539124	-87.7911224365
1.6395124197	-87.7697906494
1.6451905966	-87.7904739380
1.6508884430	-87.8111572266
1.6566059589	-87.8703536987
1.6623432636	-87.9527511597
1.6681005955	-88.0351486206
1.6738777161	-88.1402587891
1.6796748638	-88.2491912842
1.6854921579	-88.3561477661
1.6913294792	-88.4479217529
1.6971870661	-88.5397033691
1.7030650377	-88.6132888794
1.7089632750	-88.6594390869
1.7148818970	-88.7055969238
1.7208211422	-88.7178497314
1.7267808914	-88.7161178589
1.7327612638	-88.7129287720
1.7387623787	-88.6766586304
1.7447843552	-88.6403808594
1.7508270741	-88.5964736938
1.7568907738	-88.5411529541
1.7629753351	-88.4858322144
1.7690811157	-88.4266891479
1.7752079964	-88.3664855957
1.7813560963	-88.3078079224
1.7875255346	-88.2556610107
1.7937163115	-88.2035064697
1.7999285460	-88.1633758545
1.8061622381	-88.1306686401
1.8124175072	-88.1001892090
1.8186944723	-88.0995330811
1.8249932528	-88.0988769531
1.8313137293	-88.1250457764
1.8376561403	-88.1737594604
1.8440206051	-88.2251129150
1.8504070044	-88.3409271240
1.8568155766	-88.4567489624
1.8632462025	-88.6119613647
1.8696992397	-88.7985610962
1.8761746883	-88.9891967773
1.8826724291	-89.2182922363
1.8891928196	-89.4473953247
1.8957357407	-89.6600265503
1.9023011923	-89.8639373779
1.9088895321	-90.0430526733
1.9155006409	-90.1408004761
1.9221346378	-90.2385482788
1.9287915230	-90.2193069458
1.9354715347	-90.1766510010
1.9421746731	-90.0886230469
1.9489010572	-89.9457244873
1.9556506872	-89.8003387451
1.9624238014	-89.6303634644
1.9692202806	-89.4603958130
1.9760403633	-89.3147964478
1.9828839302	-89.1773529053
1.9897513390	-89.0678710938
1.9966424704	-88.9960403442
2.0035574436	-88.9332962036
2.0104963779	-88.9362792969
2.0174593925	-88.9392623901
2.0244464874	-88.9944305420
2.0314579010	-89.0599136353
2.0384933949	-89.1437759399
2.0455532074	-89.2417068481
2.0526378155	-89.3387756348
2.0597467422	-89.4339370728
2.0668802261	-89.5271530151
2.0740385056	-89.5985031128
2.0812215805	-89.6698532104
2.0884294510	-89.7240982056
2.0956623554	-89.7756958008
2.1029202938	-89.8290176392
2.1102032661	-89.8831939697
2.1175117493	-89.9511642456
2.1248455048	-90.0338668823
2.1322045326	-90.1313095093
2.1395888329	-90.2605972290
2.1469991207	-90.3980102539
2.1544346809	-90.5762634277
2.1618962288	-90.7554931641
2.1693835258	-90.9644927979
2.1768968105	-91.1735000610
2.1844360828	-91.3773422241
2.1920015812	-91.5806884766
2.1995930672	-91.7458877563
2.2072110176	-91.9020690918
2.2148551941	-92.0020751953
2.2225260735	-92.0802841187
2.2302234173	-92.0989761353
2.2379472256	-92.0852050781
2.2456979752	-92.0187225342
2.2534756660	-91.9153594971
2.2612800598	-91.7750854492
2.2691116333	-91.6038970947
2.2769701481	-91.4178466797
2.2848560810	-91.2177581787
2.2927691936	-91.0223159790
2.3007099628	-90.8315353394
2.3086779118	-90.6534500122
2.3166735172	-90.4881896973
2.3246970177	-90.3299636841
2.3327481747	-90.1785202026
2.3408272266	-90.0221099854
2.3489341736	-89.8613662720
2.3570692539	-89.6918716431
2.3652327061	-89.5158691406
2.3734242916	-89.3469696045
2.3816442490	-89.1823043823
2.3898925781	-89.0578842163
2.3981695175	-88.9514160156
2.4064753056	-88.9220352173
2.4148097038	-88.9157333374
2.4231729507	-89.0108718872
2.4315650463	-89.1224670410
2.4399862289	-89.3314132690
2.4484367371	-89.5477828979
2.4569165707	-89.8076705933
2.4654254913	-90.0619277954
2.4739642143	-90.2947006226
2.4825322628	-90.5000152588
2.4911301136	-90.6537475586
2.4997575283	-90.7722015381
2.5084149837	-90.8552474976
2.5171024799	-90.9255599976
2.5258200169	-90.9893951416
2.5345678329	-91.0721969604
2.5433456898	-91.1592102051
2.5521540642	-91.2677993774
2.5609929562	-91.3726272583
2.5698626041	-91.4642791748
2.5787627697	-91.5278244019
2.5876939297	-91.5542907715
2.5966558456	-91.5225448608
2.6056489944	-91.4596252441
2.6146731377	-91.3269805908
2.6237285137	-91.1789703369
2.6328153610	-90.9881439209
2.6419336796	-90.7919540405
2.6510834694	-90.5869064331
2.6602649689	-90.3964691162
2.6694786549	-90.2142715454
2.6787238121	-90.0903472900
2.6880011559	-89.9918594360
2.6973104477	-89.9748840332
2.7066521645	-90.0160293579
2.7160260677	-90.1178359985
2.7254326344	-90.2980117798
2.7348716259	-90.5025253296
2.7443432808	-90.7394409180
2.7538478374	-90.9572448730
2.7633852959	-91.1496658325
2.7729558945	-91.2715530396
2.7825593948	-91.3626098633
2.7921962738	-91.3781433105
2.8018665314	-91.3686447144
2.8115704060	-91.3293685913
2.8213076591	-91.2582321167
2.8310787678	-91.1747970581
2.8408837318	-91.0688781738
2.8507225513	-90.9633865356
2.8605954647	-90.8582229614
2.8705027103	-90.7923965454
2.8804440498	-90.7528152466
2.8904199600	-90.7578277588
2.9004304409	-90.8144149780
2.9104754925	-90.8934020996
2.9205553532	-91.0013351440
2.9306702614	-91.0973129272
2.9408199787	-91.1829833984
2.9510049820	-91.1979827881
2.9612252712	-91.1724853516
2.9714810848	-91.1018066406
2.9817721844	-90.9970626831
2.9920992851	-90.9073257446
3.0024619102	-90.8468780518
3.0128602982	-90.8844604492
3.0232946873	-90.9815902710
3.0337653160	-91.1676330566
3.0442721844	-91.4114379883
3.0548155308	-91.6572189331
3.0653953552	-91.8724212646
3.0760118961	-91.9769744873
3.0866649151	-92.0122909546
3.0973551273	-91.9524536133
3.1080822945	-91.8590621948
3.1188464165	-91.7718200684
3.1296479702	-91.7140884399
3.1404869556	-91.7119827271
3.1513633728	-91.7298812866
3.1622776985	-91.7642059326
3.1732296944	-91.7709197998
3.1842195988	-91.7501907349
3.1952474117	-91.7012176514
3.2063136101	-91.6293563843
3.2174181938	-91.5732879639
3.2285611629	-91.5375061035
3.2397425175	-91.5482559204
3.2509627342	-91.5993499756
3.2622220516	-91.6733169556
3.2735199928	-91.7662048340
3.2848572731	-91.8585968018
3.2962338924	-91.9375839233
3.3076496124	-91.9988784790
3.3191051483	-92.0230789185
3.3306002617	-92.0098114014
3.3421351910	-91.9693069458
3.3537099361	-91.9036026001
3.3653249741	-91.8229598999
3.3769800663	-91.7521438599
3.3886756897	-91.6986999512
3.4004118443	-91.6768417358
3.4121885300	-91.7105560303
3.4240059853	-91.7835922241
3.4358644485	-91.8891677856
3.4477639198	-92.0167083740
3.4597046375	-92.1091308594
3.4716866016	-92.1347274780
3.4837102890	-92.0816726685
3.4957754612	-91.9331207275
3.5078823566	-91.7376403809
3.5200312138	-91.5693054199
3.5322222710	-91.4560470581
3.5444555283	-91.4239730835
3.5567314625	-91.5014038086
3.5690495968	-91.6144256592
3.5814104080	-91.7353134155
3.5938138962	-91.8406295776
3.6062602997	-91.9087753296
3.6187500954	-91.9581527710
3.6312828064	-92.0089263916
3.6438591480	-92.0674591064
3.6564791203	-92.1353073120
3.6691424847	-92.1976318359
3.6818499565	-92.2257995605
3.6946012974	-92.1964721680
3.7073969841	-92.0884323120
3.7202367783	-91.8849716187
3.7331211567	-91.5736007690
3.7460501194	-91.2321395874
3.7590239048	-90.9355239868
3.7720425129	-90.7439575195
3.7851064205	-90.7085647583
3.7982153893	-90.8752136230
3.8113698959	-91.2624664307
3.8245697021	-91.7626571655
3.8378155231	-92.2763442993
3.8511071205	-92.6919631958
3.8644447327	-92.9095382690
3.8778283596	-92.8702926636
3.8912587166	-92.6351852417
3.9047353268	-92.3662185669
3.9182586670	-92.1449890137
3.9318287373	-92.0237731934
3.9454460144	-92.0261306763
3.9591102600	-92.1499252319
3.9728219509	-92.3757858276
3.9865810871	-92.6554260254
4.0003876686	-92.9366760254
4.0142426491	-93.1811447144
4.0281448364	-93.3511428833
4.0420956612	-93.4138946533
4.0560946465	-93.3521118164
4.0701422691	-93.1793060303
4.0842385292	-92.9496459961
4.0983834267	-92.7403106689
4.1125774384	-92.5804367065
4.1268205643	-92.4584503174
4.1411132813	-92.3475418091
4.1554551125	-92.2293014526
4.1698470116	-92.1074295044
4.1842885017	-92.0042572021
4.1987800598	-91.9411239624
4.2133216858	-91.9156494141
4.2279138565	-91.8947830200
4.2425560951	-91.8375473022
4.2572493553	-91.7604217529
4.2719936371	-91.7265853882
4.2867889404	-91.8008956909
4.3016357422	-92.0040740967
4.3165335655	-92.2884368896
4.3314828873	-92.5512237549
4.3464841843	-92.6940536499
4.3615374565	-92.6936340332
4.3766427040	-92.6176376343
4.3918004036	-92.5642395020
4.4070110321	-92.5825500488
4.4222736359	-92.6409378052
4.4375896454	-92.6615066528
4.4529581070	-92.6010131836
4.4683809280	-92.5103988647
4.4838562012	-92.5014190674
4.4993853569	-92.6575164795
4.5149679184	-92.9735183716
4.5306048393	-93.3492431641
4.5462956429	-93.6412506104
4.5620408058	-93.7665710449
4.5778408051	-93.7694396973
4.5936951637	-93.7698898315
4.6096048355	-93.8666076660
4.6255693436	-94.0962982178
4.6415891647	-94.4104309082
4.6576642990	-94.6744766235
4.6737952232	-94.7072677612
4.6899819374	-94.4160079956
4.7062249184	-93.9007339478
4.7225241661	-93.3645477295
4.7388796806	-92.9614715576
4.7552919388	-92.7449798584
4.7717609406	-92.6947784424
4.7882871628	-92.7640686035
4.8048706055	-92.9183197021
4.8215112686	-93.1458435059
4.8382096291	-93.4372253418
4.8549661636	-93.7557754517
4.8717803955	-94.1009292603
4.8886528015	-94.1501541138
4.9055838585	-93.9699020386
4.9225735664	-93.6789016724
4.9396219254	-93.3276367188
4.9567294121	-92.9783935547
4.9738960266	-92.7164306641
4.9911222458	-92.6329193115
5.0084080696	-92.7868499756
5.0257534981	-93.1676254272
5.0431594849	-93.6695404053
5.0606255531	-94.1074981689
5.0781521797	-94.3285064697
5.0957393646	-94.2655410767
5.1133875847	-94.2237167358
5.1310968399	-94.1609420776
5.1488671303	-93.9492950439
5.1666994095	-93.5378875732
5.1845936775	-93.0268707275
5.2025494576	-92.5684356689
5.2205672264	-92.1844863892
5.2386479378	-92.1055755615
5.2567911148	-92.1884689331
5.2749967575	-92.3191146851
5.2932658195	-92.4807662964
5.3115983009	-92.6908721924
5.3299937248	-92.9839859009
5.3484535217	-93.5823516846
5.3669767380	-94.1288757324
5.3855643272	-94.1681671143
5.4042162895	-93.8612213135
5.4229326248	-93.3559112549
5.4417138100	-92.8731536865
5.4605603218	-92.5088958740
5.4794721603	-92.5509948730
5.4984493256	-92.7826919556
5.5174922943	-93.0966949463
5.5366010666	-93.4365234375
5.5557761192	-93.8529129028
5.5750174522	-94.0783004761
5.5943255424	-94.1124801636
5.6137003899	-94.1218185425
5.6331429482	-94.1105346680
5.6526522636	-93.9494247437
5.6722292900	-93.7123336792
5.6918740273	-93.4902267456
5.7115869522	-93.4016189575
5.7313680649	-93.5456848145
5.7512173653	-93.6587524414
5.7711358070	-93.4909973145
5.7911229134	-93.1564941406
5.8111796379	-92.6661529541
5.8313055038	-92.4717864990
5.8515009880	-92.6218032837
5.8717665672	-93.1907653809
5.8921022415	-93.8269805908
5.9125084877	-94.0508193970
5.9329853058	-94.1168136597
5.9535331726	-94.2620315552
5.9741520882	-94.6465072632
5.9948425293	-94.9390640259
6.0156044960	-95.0246734619
6.0364384651	-94.7106475830
6.0573449135	-94.3840408325
6.0783233643	-93.9896926880
6.0993742943	-93.7961120605
6.1204986572	-93.8085174561
6.1416954994	-93.9779891968
6.1629662514	-94.1531906128
6.1843104362	-94.1246337891
6.2057290077	-93.8050231934
6.2272214890	-93.4777984619
6.2487878799	-93.4190750122
6.2704296112	-93.5423660278
6.2921462059	-93.7091217041
6.3139376640	-93.8374099731
6.3358049393	-94.2681198120
6.3577480316	-95.0559921265
6.3797669411	-95.9504394531
6.4018621445	-96.3335342407
6.4240336418	-96.0011901855
6.4462819099	-95.0848617554
6.4686074257	-94.3879928589
6.4910101891	-94.2708206177
6.5134906769	-94.4433670044
6.5360488892	-94.5512695313
6.5586853027	-94.6315917969
6.5814003944	-94.7823181152
6.6041936874	-95.0400695801
6.6270661354	-95.2472763062
6.6500177383	-95.3866195679
6.6730489731	-95.5791625977
6.6961598396	-95.7735900879
6.7193508148	-95.7172851563
6.7426218987	-95.4090270996
6.7659740448	-94.7100982666
6.7894062996	-94.0477905273
6.8129205704	-93.5857620239
6.8365159035	-93.3151168823
6.8601927757	-93.2725524902
6.8839516640	-93.4071655273
6.9077930450	-93.7642745972
6.9317169189	-94.3506927490
6.9557237625	-95.2013015747
6.9798135757	-96.1025619507
7.0039868355	-96.6161575317
7.0282440186	-96.7247619629
7.0525846481	-96.5959396362
7.0770101547	-96.5295639038
7.1015210152	-96.6279220581
7.1261157990	-96.7887878418
7.1507959366	-96.9017486572
7.1755614281	-96.7564163208
7.2004127502	-96.3406982422
7.2253499031	-95.8406219482
7.2503733635	-95.4662780762
7.2754840851	-95.1826858521
7.3006811142	-94.8852767944
7.3259658813	-94.8122406006
7.3513379097	-94.8945541382
7.3767981529	-95.0621871948
7.4023461342	-95.2724990845
7.4279828072	-95.3579788208
7.4537081718	-95.2218627930
7.4795227051	-95.1277389526
7.5054268837	-95.2755661011
7.5314202309	-95.5194854736
7.5575041771	-95.7633056641
7.5836782455	-95.9459762573
7.6099429131	-95.8798751831
7.6362986565	-95.2799148560
7.6627454758	-94.7068710327
7.6892838478	-94.4953536987
7.7159142494	-94.9230728149
7.7426371574	-95.5501556396
7.7694520950	-95.9393997192
7.7963600159	-95.8583679199
7.8233613968	-95.4909896851
7.8504562378	-95.3217926025
7.8776450157	-95.4374389648
7.9049277306	-95.9902496338
7.9323048592	-96.4684295654
7.9597768784	-96.5109863281
7.9873442650	-95.8579711914
8.0150070190	-95.2015991211
8.0427656174	-95.1197662354
8.0706205368	-95.3749084473
8.0985708237	-95.7391586304
8.1266193390	-95.8405914307
8.1547641754	-95.7637939453
8.1830062866	-95.7141189575
8.2113466263	-95.8189697266
8.2397851944	-95.7795486450
8.2683229446	-95.4542236328
8.2969579697	-95.3044509888
8.3256931305	-95.4666061401
8.3545274734	-95.9678192139
8.3834619522	-96.3315963745
8.4124965668	-96.5040283203
8.4416322708	-96.7428512573
8.4708681107	-96.8323059082
8.5002050400	-96.5855255127
8.5296440125	-96.2171401978
8.5591850281	-96.3987197876
8.5888280869	-96.7214126587
8.6185741425	-96.5788116455
8.6484231949	-96.3960494995
8.6783752441	-96.4595184326
8.7084312439	-96.5060043335
8.7385911942	-96.3294982910
8.7688560486	-96.2246475220
8.7992248535	-96.3802490234
8.8296995163	-96.4332809448
8.8602790833	-96.0936431885
8.8909654617	-95.8136215210
8.9217586517	-95.9985961914
8.9526576996	-96.0172424316
8.9836635590	-95.5514068604
9.0147771835	-95.3506546021
9.0459976196	-95.8370590210
9.0773267746	-96.9300460815
9.1087646484	-97.5186080933
9.1403112411	-96.6414260864
9.1719665527	-95.6714019775
9.2037324905	-95.6193161011
9.2356081009	-96.1687850952
9.2675933838	-96.2135543823
9.2996902466	-95.9384078979
9.3318977356	-96.3019790649
9.3642177582	-96.9385910034
9.3966484070	-97.0453796387
9.4291925430	-96.9905166626
9.4618482590	-97.0144348145
9.4946174622	-96.9135665894
9.5275011063	-96.9788742065
9.5604972839	-97.2401351929
9.5936088562	-96.9675827026
9.6268339157	-96.1623687744
9.6601753235	-95.5838165283
9.6936311722	-95.4745101929
9.7272033691	-95.8922195435
9.7608919144	-96.5305938721
9.7946968079	-96.9487686157
9.8286190033	-97.1628494263
9.8626585007	-97.2277755737
9.8968162537	-97.3745803833
9.9310922623	-97.5341567993
9.9654865265	-97.7176895142
10.0000000000	-96.9058990479
10.0346345901	-96.8413848877
10.0693864822	-96.7633819580
10.1042613983	-96.6793289185
10.1392536163	-96.5932312012
10.1743707657	-96.5065078735
10.2096061707	-96.4143447876
10.2449674606	-96.3199081421
10.2804470062	-96.2186965942
10.3160533905	-96.1183395386
10.3517789841	-96.0189895630
10.3876323700	-95.9358444214
10.4236068726	-95.8603591919
10.4597082138	-95.8268890381
10.4959316254	-95.8068847656
10.5322837830	-95.8388900757
10.5687589645	-95.8961639404
10.6053638458	-95.9906692505
10.6420917511	-96.1130294800
10.6789503098	-96.2492980957
10.7159337997	-96.3908157349
10.7530479431	-96.5286407471
10.7902870178	-96.6524353027
10.8276586533	-96.7691345215
10.8651571274	-96.8791961670
10.9027881622	-96.9837188721
10.9405460358	-97.0839462280
10.9784383774	-97.1643447876
11.0164585114	-97.2261047363
11.0546140671	-97.2657928467
11.0928983688	-97.2883453369
11.1313180923	-97.3096160889
11.1698675156	-97.3520812988
11.2085533142	-97.4183273315
11.2473707199	-97.5098342896
11.2863254547	-97.6221389771
11.3254127502	-97.7316970825
11.3646373749	-97.8176345825
11.4039955139	-97.8622055054
11.4434919357	-97.8787612915
11.4831228256	-97.8322906494
11.5228948593	-97.7754669189
11.5628004074	-97.7035064697
11.6028470993	-97.6465530396
11.6430301666	-97.6018066406
11.6833553314	-97.5890197754
11.7238168716	-97.5917129517
11.7644214630	-97.6027374268
11.8051643372	-97.6003265381
11.8460512161	-97.5809249878
11.8870754242	-97.5445861816
11.9282464981	-97.4984664917
11.9695558548	-97.4594802856
12.0110120773	-97.4316329956
12.0526084900	-97.4060440063
12.0943517685	-97.3649902344
12.1362361908	-97.2941284180
12.1782703400	-97.1765594482
12.2204456329	-97.0487518311
12.2627706528	-96.9197082520
12.3052387238	-96.8440780640
12.3478574753	-96.8097457886
12.3906202316	-96.8373184204
12.4335346222	-96.9233627319
12.4765939713	-97.0320892334
12.5198059082	-97.1608810425
12.5631647110	-97.2925033569
12.6066761017	-97.4209213257
12.6503391266	-97.5443191528
12.6941490173	-97.6407852173
12.7381153107	-97.7001266479
12.7822294235	-97.7180557251
12.8264999390	-97.6412963867
12.8709201813	-97.5216293335
12.9154977798	-97.3805389404
12.9602270126	-97.2532196045
13.0051136017	-97.1926269531
13.0501527786	-97.1854553223
13.0953512192	-97.2381286621
13.1407032013	-97.3432006836
13.1862154007	-97.4494171143
13.2318820953	-97.5474548340
13.2777099609	-97.6083755493
13.3236923218	-97.6203460693
13.3698387146	-97.5967254639
13.4161405563	-97.5398864746
13.4626073837	-97.4651641846
13.5092306137	-97.4060058594
13.5560188293	-97.3647537231
13.6029663086	-97.3468017578
13.6500797272	-97.3369903564
13.6973524094	-97.3278961182
13.7447919846	-97.3285140991
13.7923927307	-97.3577957153
13.8401622772	-97.4619522095
13.8880929947	-97.6128540039
13.9361934662	-97.7855148315
13.9844570160	-97.9396667480
14.0328922272	-97.9674072266
14.0814905167	-97.8981857300
14.1302604675	-97.7651901245
14.1791963577	-97.6098175049
14.2283058167	-97.5154647827
14.2775802612	-97.4765090942
14.3270301819	-97.4729614258
14.3766469955	-97.4887390137
14.4264402390	-97.5064620972
14.4764013290	-97.5315704346
14.5265398026	-97.5798721313
14.5768480301	-97.6617813110
14.6273345947	-97.7840576172
14.6779909134	-97.9429321289
14.7288274765	-98.0809783936
14.7798366547	-98.1552734375
14.8310260773	-98.1474838257
14.8823881149	-98.0581893921
14.9339323044	-97.9283676147
14.9856519699	-97.8394317627
15.0375537872	-97.8205184937
15.0896310806	-97.8813629150
15.1418933868	-98.0177078247
15.1943330765	-98.2111740112
15.2469577789	-98.4030303955
15.2997608185	-98.5246658325
15.3527507782	-98.5548629761
15.4059200287	-98.5106353760
15.4592771530	-98.4391784668
15.5128154755	-98.4054565430
15.5665435791	-98.4493637085
15.6204538345	-98.4972839355
15.6745538712	-98.4861907959
15.7288379669	-98.3935012817
15.7833137512	-98.2382583618
15.8379745483	-98.0691375732
15.8928289413	-97.9288177490
15.9478731155	-97.8309097290
16.0031032562	-97.7777709961
16.0585289001	-97.7828674316
16.1141433716	-97.8413314819
16.1699523926	-97.9218521118
16.2259521484	-97.9778518677
16.2821502686	-97.9751205444
16.3385391235	-97.9197387695
16.3951263428	-97.8321075439
16.4519062042	-97.6925659180
16.5088863373	-97.4689102173
16.5660591125	-97.1791534424
16.6234340668	-96.8962707520
16.6810054779	-96.7144088745
16.7387790680	-96.7073745728
16.7967472076	-96.9021682739
16.8549232483	-97.2707977295
16.9132938385	-97.7276458740
16.9718723297	-98.1342391968
17.0306491852	-98.3980102539
17.0896339417	-98.5497283936
17.1488189697	-98.6621475220
17.2082138062	-98.7639083862
17.2678089142	-98.8213043213
17.3276138306	-98.7987213135
17.3876228333	-98.7253952026
17.4478435516	-98.6859436035
17.5082683563	-98.7431716919
17.5689086914	-98.8777313232
17.6297531128	-99.0075073242
17.6908130646	-99.0645828247
17.7520790100	-99.0468902588
17.8135623932	-98.9891433716
17.8752536774	-98.9076309204
17.9371643066	-98.7995071411
17.9992828369	-98.6857528687
18.0616226196	-98.6245880127
18.1241741180	-98.6649398804
18.1869468689	-98.7936325073
18.2499313354	-98.9377670288
18.3131389618	-99.0220336914
18.3765602112	-99.0266799927
18.4402065277	-99.0004577637
18.5040683746	-99.0252227783
18.5681571960	-99.1542358398
18.6324615479	-99.3390808105
18.6969947815	-99.4353179932
18.7617454529	-99.3276824951
18.8267250061	-99.0572280884
18.8919258118	-98.7644500732
18.9573574066	-98.5450515747
19.0230102539	-98.4070281982
19.0888957977	-98.3289947510
19.1550025940	-98.3257522583
19.2213459015	-98.4484176636
19.2879123688	-98.7265777588
19.3547153473	-99.1091308594
19.4217453003	-99.5195846558
19.4890098572	-99.4871978760
19.5565052032	-99.2575912476
19.6242370605	-99.0284347534
19.6921997070	-98.8429946899
19.7604026794	-98.6919937134
19.8288364410	-98.5859527588
19.8975124359	-98.5665054321
19.9664268494	-98.6634216309
20.0355739594	-98.8653335571
20.1049671173	-99.1258087158
20.1745929718	-99.3846359253
20.2444667816	-99.5893936157
20.3145771027	-99.7304916382
20.3849372864	-99.7085113525
20.4555339813	-99.5958786011
20.5263805389	-99.4306335449
20.5974674225	-99.2606048584
20.6688041687	-99.1467895508
20.7403850555	-99.1313400269
20.8122177124	-99.2185821533
20.8842945099	-99.4413146973
20.9566268921	-99.5844726563
21.0292034149	-99.5744171143
21.1020374298	-99.5197067261
21.1751174927	-99.4406890869
21.2484550476	-99.3262023926
21.3220424652	-99.1707153320
21.3958911896	-98.9017257690
21.4699878693	-98.6645050049
21.5443496704	-98.5962448120
21.6189613342	-98.6619186401
21.6938362122	-98.8613662720
21.7689666748	-99.1169052124
21.8443622589	-99.4027938843
21.9200134277	-99.5789871216
21.9959316254	-99.6574707031
22.0721073151	-99.6886444092
22.1485538483	-99.6642074585
22.2252578735	-99.5917892456
22.3022346497	-99.5105361938
22.3794708252	-99.4069366455
22.4569816589	-99.2701644897
22.5347537994	-99.1448822021
22.6128025055	-99.1554183960
22.6911144257	-99.1822280884
22.7697048187	-99.1579818726
22.8485603333	-99.0956573486
22.9276943207	-99.1022186279
23.0070972443	-99.2929840088
23.0867805481	-99.4618301392
23.1667346954	-99.6535110474
23.2469711304	-99.8423309326
23.3274803162	-99.9349670410
23.4082736969	-99.9253692627
23.4893398285	-99.8072738647
23.5706958771	-99.7917404175
23.6523246765	-99.8283843994
23.7342433929	-99.7995529175
23.8164386749	-99.7028732300
23.8989257813	-99.7921752930
23.9816932678	-99.9800720215
24.0647525787	-100.1375045776
24.1480922699	-100.0641098022
24.2317276001	-99.9234771729
24.3156471252	-99.7287063599
24.3998641968	-99.7112121582
24.4843635559	-99.8449478149
24.5691642761	-100.0027999878
24.6542530060	-99.9535751343
24.7396411896	-99.8523254395
24.8253192902	-99.8585510254
24.9113006592	-100.1000976563
24.9975719452	-100.3128509521
25.0841503143	-100.4365844727
25.1710281372	-100.3770599365
25.2581996918	-100.3169403076
25.3456802368	-100.3208160400
25.4334583282	-100.3997344971
25.5215454102	-100.4572525024
25.6099300385	-100.4606933594
25.6986293793	-100.3804016113
25.7876281738	-100.0945053101
25.8769435883	-99.7956542969
25.9665584564	-99.6708679199
26.0564937592	-99.6598358154
26.1467323303	-99.6428833008
26.2372894287	-99.5777511597
26.3281536102	-99.5697860718
26.4193401337	-99.5970382690
26.5108356476	-99.5472564697
26.6026535034	-99.4746246338
26.6947841644	-99.4290008545
26.7872409821	-99.3682327271
26.8800086975	-99.4289779663
26.9731063843	-99.6715850830
27.0665187836	-100.2205200195
27.1602630615	-100.6407318115
27.2543239594	-100.7114486694
27.3487186432	-100.5838623047
27.4434318542	-100.2752227783
27.5384807587	-99.9860076904
27.6338520050	-99.9260787964
27.7295608521	-100.0520248413
27.8255920410	-100.3166275024
27.9219646454	-100.6579132080
28.0186634064	-100.9286346436
28.1157054901	-100.9164886475
28.2130756378	-100.7107696533
28.3107891083	-100.8354721069
28.4088344574	-101.2302169800
28.5072269440	-101.6156005859
28.6059532166	-101.8146209717
28.7050285339	-101.6623764038
28.8044395447	-101.2711791992
28.9042015076	-100.7217864990
29.0043029785	-100.2555160522
29.1047573090	-100.1442718506
29.2055530548	-100.4094085693
29.3067054749	-100.6107025146
29.4081993103	-100.6157989502
29.5100536346	-100.5182037354
29.6122512817	-100.4471435547
29.7148113251	-100.4716567993
29.8177204132	-100.4770355225
29.9209918976	-100.3947219849
30.0246143341	-100.4676742554
30.1286029816	-100.4684066772
30.2329425812	-100.4769821167
30.3376541138	-100.4946365356
30.4427185059	-100.5227432251
30.5481548309	-100.5617065430
30.6539497375	-100.6106414795
30.7601184845	-100.6666259766
30.8666458130	-100.7209625244
30.9735507965	-100.7659530640
31.0808181763	-100.7957458496
31.1884651184	-100.8066940308
31.2964763641	-100.7983169556
31.4048690796	-100.7739410400
31.5136299133	-100.7432403564
31.6227760315	-100.7181549072
31.7322998047	-100.7049942017
31.8421955109	-100.7060699463
31.9524784088	-100.7195129395
32.0631370544	-100.7397766113
32.1741867065	-100.7593688965
32.2856101990	-100.7706604004
32.3974304199	-100.7739715576
32.5096282959	-100.7755432129
32.6222229004	-100.7839813232
32.7351989746	-100.8079223633
32.8485755920	-100.8536911011
32.9623374939	-100.9236297607
33.0764999390	-101.0156173706
33.1910514832	-101.1237564087
33.3060073853	-101.2398986816
33.4213523865	-101.3542556763
33.5371055603	-101.4598236084
33.6532516479	-101.5515213013
33.7698059082	-101.6270217896
33.8867568970	-101.6875152588
34.0041236877	-101.7372894287
34.1218833923	-101.7809829712
34.2400627136	-101.8193359375
34.3586425781	-101.8452911377
34.4776420593	-101.8438568115
34.5970458984	-101.7978134155
34.7168693542	-101.6982803345
34.8371009827	-101.5531845093
34.9577598572	-101.3911819458
35.0788230896	-101.2443695068
35.2003173828	-101.1358413696
35.3222236633	-101.0751342773
35.4445610046	-101.0583572388
35.5673103333	-101.0729980469
35.6904945374	-101.1047286987
35.8140983582	-101.1436233521
35.9381370544	-101.1873855591
36.0625991821	-101.2404403687
36.1875000000	-101.3094253540
36.3128242493	-101.3971633911
36.4385910034	-101.4977722168
36.5647850037	-101.5960464478
36.6914253235	-101.6726760864
36.8184928894	-101.7237777710
36.9460144043	-101.7124023438
37.0739631653	-101.6836471558
37.2023696899	-101.6542816162
37.3312072754	-101.6312713623
37.4605026245	-101.6086730957
37.5902328491	-101.5720825195
37.7204246521	-101.5085220337
37.8510589600	-101.4165496826
37.9821548462	-101.3106079102
38.1136932373	-101.2165527344
38.2456970215	-101.1609039307
38.3781509399	-101.1595001221
38.5110702515	-101.2105102539
38.6444396973	-101.2942581177
38.7782859802	-101.3809890747
38.9125823975	-101.4443664551
39.0473518372	-101.4738006592
39.1825790405	-101.4768753052
39.3182868958	-101.4704132080
39.4544525146	-101.4675292969
39.5911026001	-101.4699401855
39.7282142639	-101.4695587158
39.8658103943	-101.4438629150
40.0038833618	-101.4005737305
40.1424255371	-101.3822937012
40.2814559937	-101.3889541626
40.4209594727	-101.4239120483
40.5609550476	-101.4800872803
40.7014236450	-101.5451049805
40.8423919678	-101.6085662842
40.9838371277	-101.6664276123
41.1257820129	-101.7200469971
41.2682075500	-101.7955169678
41.4111366272	-101.8595275879
41.5545539856	-101.8853454590
41.6984748840	-101.8941421509
41.8428840637	-101.8879547119
41.9878044128	-101.8737640381
42.1332168579	-101.8619308472
42.2791442871	-101.8753280640
42.4255638123	-101.9347839355
42.5725021362	-102.0003814697
42.7199363708	-102.0708618164
42.8678970337	-102.1319122314
43.0163574219	-102.1748886108
43.1653404236	-102.2080612183
43.3148307800	-102.2298049927
43.4648475647	-102.2482452393
43.6153755188	-102.2731628418
43.7664337158	-102.3039474487
43.9180068970	-102.3371963501
44.0701141357	-102.3721466064
44.2227363586	-102.3657608032
44.3759002686	-102.3231735229
44.5295829773	-102.2569732666
44.6838073730	-102.1468429565
44.8385581970	-102.0636978149
44.9938507080	-102.0415573120
45.1496734619	-102.0479049683
45.3060493469	-102.0813522339
45.4629516602	-102.1799774170
45.6204109192	-102.3238906860
45.7784004211	-102.4474487305
45.9369544983	-102.5865249634
46.0960426331	-102.7943191528
46.2556915283	-102.9565734863
46.4158859253	-103.0070343018
46.5766448975	-103.0101623535
46.7379455566	-102.9495391846
46.8998222351	-102.8617248535
47.0622444153	-102.8030624390
47.2252426147	-102.7277755737
47.3887901306	-102.6633834839
47.5529212952	-102.6187744141
47.7176055908	-102.5609664917
47.8828735352	-102.4281311035
48.0486984253	-102.2589187622
48.2151145935	-102.1513290405
48.3820915222	-102.0703964233
48.5496597290	-102.1003265381
48.7177963257	-102.1807861328
48.8865280151	-102.3101043701
49.0558319092	-102.3732299805
49.2257347107	-102.3421478271
49.3962097168	-102.1959457397
49.5672912598	-102.0024185181
49.7389526367	-101.8885726929
49.9112205505	-101.8204116821
50.0840721130	-101.8829040527
50.2575378418	-101.9992370605
50.4316024780	-102.2202148438
50.6062545776	-102.4384231567
50.7815284729	-102.6108093262
50.9573936462	-102.7286071777
51.1338806152	-102.7576141357
51.3109664917	-102.7259521484
51.4886817932	-102.6596527100
51.6669960022	-102.6423110962
51.8459396362	-102.7091064453
52.0254936218	-102.7999343872
52.2056808472	-102.9403686523
52.3864784241	-103.0290145874
52.5679168701	-103.0169754028
52.7499694824	-102.9416732788
52.9326667786	-102.8718109131
53.1159820557	-102.7697982788
53.2999458313	-102.6810760498
53.4845352173	-102.6147003174
53.6697731018	-102.5813598633
53.8556442261	-102.6215515137
54.0421676636	-102.7368774414
54.2293281555	-102.9249877930
54.4171485901	-103.1229171753
54.6056022644	-103.2394104004
54.7947273254	-103.2355880737
54.9844932556	-103.1022338867
55.1749267578	-102.9445877075
55.3660087585	-102.8519287109
55.5577659607	-102.8361663818
55.7501716614	-102.8765792847
55.9432601929	-102.9112472534
56.1370010376	-102.8634490967
56.3314323425	-102.6825790405
56.5265159607	-102.3196945190
56.7222938538	-101.9245986938
56.9187316895	-101.6987304688
57.1158676147	-101.7131423950
57.3136711121	-101.9716949463
57.5121726990	-102.4030990601
57.7113494873	-102.6893997192
57.9112281799	-102.9456253052
58.1117858887	-103.1932144165
58.3130531311	-103.3804702759
58.5150032043	-103.4895858765
58.7176666260	-103.5302734375
58.9210166931	-103.5736541748
59.1250877380	-103.6018142700
59.3298454285	-103.5737304688
59.5353317261	-103.4257202148
59.7415161133	-103.2732925415
59.9484252930	-103.1646575928
60.1560401917	-103.1393432617
60.3643875122	-103.2360610962
60.5734405518	-103.4778213501
60.7832336426	-103.6696929932
60.9937362671	-103.7871246338
61.2049865723	-103.8282699585
61.4169502258	-103.8117370605
61.6296615601	-103.7944564819
61.8430976868	-103.7810287476
62.0572891235	-103.7590942383
62.2722053528	-103.7008056641
62.4878807068	-103.5754470825
62.7042884827	-103.4652557373
62.9214630127	-103.3595123291
63.1393852234	-103.2085494995
63.3580513000	-102.9790725708
63.5774879456	-102.7604370117
63.7976684570	-102.5970764160
64.0186309814	-102.5850448608
64.2403335571	-102.7557601929
64.4628295898	-102.8794021606
64.6860733032	-102.9619903564
64.9101104736	-103.1149291992
65.1349105835	-103.3451766968
65.3604965210	-103.4899291992
65.5868530273	-103.5218963623
65.8140106201	-103.3938522339
66.0419387817	-103.1135864258
66.2706680298	-102.7683105469
66.5001754761	-102.5198822021
66.7304992676	-102.3426361084
66.9616012573	-102.2998199463
67.1935195923	-102.5394439697
67.4262161255	-102.9695281982
67.6597442627	-103.3948516846
67.8940658569	-103.6420822144
68.1292114258	-103.8188705444
68.3651580811	-103.9791030884
68.6019363403	-104.0369338989
68.8395156860	-104.0054931641
69.0779418945	-103.9430694580
69.3171691895	-103.9248886108
69.5572433472	-103.9725723267
69.7981338501	-104.0644912720
70.0398788452	-104.1409835815
70.2824401855	-104.0864486694
70.5258560181	-103.9873046875
70.7701034546	-103.9563598633
71.0152130127	-103.9848709106
71.2611465454	-104.0287857056
71.5079574585	-104.1067657471
71.7555999756	-104.2402038574
72.0041275024	-104.3896942139
72.2534866333	-104.5058898926
72.5037384033	-104.5495300293
72.7548294067	-104.4605102539
73.0068130493	-104.2401046753
73.2596511841	-104.0345764160
73.5133819580	-103.9972229004
73.7679672241	-104.1271743774
74.0234603882	-104.3141250610
74.2798156738	-104.4671707153
74.5370788574	-104.5328063965
74.7952194214	-104.4986038208
75.0542678833	-104.4523086548
75.3141937256	-104.5036926270
75.5750427246	-104.6275177002
75.8367691040	-104.6856765747
76.0994262695	-104.6239318848
76.3629760742	-104.5078430176
76.6274566650	-104.3871154785
76.8928298950	-104.2910690308
77.1591415405	-104.2488708496
77.4263610840	-104.2626495361
77.6945190430	-104.3639297485
77.9635925293	-104.4904479980
78.2336120605	-104.4930801392
78.5045547485	-104.3880004883
78.7764511108	-104.2309036255
79.0492630005	-104.0849609375
79.3230514526	-104.0228271484
79.5977783203	-104.0895233154
79.8734436035	-104.1861038208
80.1500778198	-104.2501602173
80.4276504517	-104.3685302734
80.7062149048	-104.5439910889
80.9857101440	-104.7131423950
81.2662048340	-104.8426513672
81.5476379395	-104.8521423340
81.8300781250	-104.8334884644
82.1134719849	-104.8928146362
82.3978652954	-104.9834518433
82.6832275391	-104.9012069702
82.9695968628	-104.7233352661
83.2569351196	-104.6193389893
83.5452880859	-104.7566680908
83.8346252441	-105.0097808838
84.1249771118	-105.0802154541
84.4163208008	-105.0374450684
84.7086944580	-105.0306091309
85.0020523071	-105.0466232300
85.2964553833	-105.0326766968
85.5918502808	-104.9603347778
85.8882904053	-104.8726806641
86.1857376099	-104.8220596313
86.4842376709	-104.8200302124
86.7837524414	-104.9309082031
87.0843200684	-105.1225128174
87.3859100342	-105.2436141968
87.6885681152	-105.1724243164
87.9922485352	-104.9494247437
88.2970046997	-104.8892669678
88.6027908325	-105.1021194458
88.9096679688	-105.3191146851
89.2175750732	-105.3830337524
89.5265808105	-105.3653411865
89.8366241455	-105.2974929810
90.1477661133	-105.1859207153
90.4599685669	-105.0510711670
90.7732696533	-104.9337463379
91.0876312256	-104.8697052002
91.4031143188	-104.9406814575
91.7196578979	-105.2014770508
92.0373229980	-105.4887924194
92.3560638428	-105.4883651733
92.6759338379	-105.2541809082
92.9968872070	-105.0640945435
93.3189773560	-104.9751892090
93.6421585083	-104.9987640381
93.9664840698	-105.1353149414
94.2919082642	-105.3419799805
94.6184844971	-105.6179885864
94.9461669922	-105.8255538940
95.2750091553	-105.8040466309
95.6049652100	-105.7334594727
95.9360885620	-105.7509307861
96.2683258057	-105.6565322876
96.6017532349	-105.2742614746
96.9363021851	-104.9309387207
97.2720336914	-104.8732757568
97.6089019775	-105.0697326660
97.9469680786	-105.2730026245
98.2861785889	-105.3881988525
98.6265869141	-105.4101333618
98.9681472778	-105.3153305054
99.3109207153	-104.6589279175
99.6548461914	-103.1541519165
100.0000000000	-104.3894729614
100.3463439941	-104.4438400269
100.6938934326	-104.5531387329
101.0425872803	-104.7215728760
101.3925399780	-104.8972549438
101.7437057495	-105.0758132935
102.0960922241	-105.2216796875
102.4496383667	-105.3364410400
102.8044738770	-105.4238662720
103.1605300903	-105.4759750366
103.5178222656	-105.5070114136
103.8762969971	-105.5225601196
104.2360610962	-105.5208053589
104.5970840454	-105.4817276001
104.9593505859	-105.4085617065
105.3228149414	-105.2997131348
105.6875915527	-105.1412124634
106.0536346436	-104.9755401611
106.4209518433	-104.8249588013
106.7894744873	-104.7125473022
107.1593322754	-104.7011108398
107.5304794312	-104.7629318237
107.9029006958	-104.8923950195
108.2765579224	-105.0881576538
108.6515731812	-105.2984619141
109.0278854370	-105.4903106689
109.4054946899	-105.6502075195
109.7843551636	-105.7510910034
110.1645889282	-105.8108139038
110.5461349487	-105.8499298096
110.9290084839	-105.8772201538
111.3131484985	-105.9034576416
111.6986770630	-105.9321365356
112.0855407715	-105.9605636597
112.4737396240	-105.9868316650
112.8632278442	-106.0071563721
113.2541198730	-106.0196685791
113.6463699341	-106.0271072388
114.0399856567	-106.0312805176
114.4348907471	-106.0346527100
114.8312301636	-106.0451507568
115.2289428711	-106.0660171509
115.6280364990	-106.0964202881
116.0284423828	-106.1313018799
116.4303054810	-106.1522979736
116.8335571289	-106.0913848877
117.2382049561	-105.8884582520
117.6441879272	-105.5019531250
118.0516433716	-104.9129562378
118.4605102539	-104.1474533081
118.8707885742	-103.3864669800
119.2824249268	-102.7573852539
119.6955566406	-102.3349761963
120.1101150513	-102.1729278564
120.5261154175	-102.3154678345
120.9434814453	-102.7873535156
121.3623657227	-103.4535369873
121.7826995850	-104.2170944214
122.2044906616	-104.9680557251
122.6276702881	-105.5983734131
123.0523834229	-106.0138549805
123.4785690308	-106.2347640991
123.9062347412	-106.3454589844
124.3353118896	-106.3847427368
124.7659378052	-106.3809432983
125.1980590820	-106.3541793823
125.6316757202	-106.3213348389
126.0667953491	-106.3022918701
126.5033569336	-106.3025131226
126.9414901733	-106.3184051514
127.3811492920	-106.3417358398
127.8223266602	-106.3632659912
128.2649688721	-106.3767318726
128.7091979980	-106.3825836182
129.1549835205	-106.3912277222
129.6023101807	-106.4174270630
130.0511016846	-106.4650955200
130.5015258789	-106.5295639038
130.9535217285	-106.6011428833
131.4070739746	-106.6701278687
131.8621215820	-106.7305450439
132.3188171387	-106.7807617188
132.7770996094	-106.8204956055
133.2369689941	-106.8460845947
133.6983489990	-106.8519134521
134.1614074707	-106.8362197876
134.6260681152	-106.8000793457
135.0923461914	-106.7478637695
135.5601501465	-106.6870498657
136.0296630859	-106.6278152466
136.5007934570	-106.5817108154
136.9735565186	-106.5585098267
137.4478759766	-106.5623703003
137.9239349365	-106.5895690918
138.4016265869	-106.6299591064
138.8809661865	-106.6721878052
139.3618927002	-106.7096939087
139.8445739746	-106.7422180176
140.3289184570	-106.7712554932
140.8149414063	-106.7936706543
141.3025665283	-106.8030853271
141.7919616699	-106.7957534790
142.2830505371	-106.7749099731
142.7758483887	-106.7495727539
143.2702636719	-106.7294998169
143.7664794922	-106.7211227417
144.2644042969	-106.7266769409
144.7640533447	-106.7452011108
145.2653656006	-106.7730484009
145.7684783936	-106.8034591675
146.2733459473	-106.8254928589
146.7799530029	-106.8229827881
147.2882385254	-106.7451400757
147.7983703613	-106.6030426025
148.3102569580	-106.4007644653
148.8239288330	-106.1878051758
149.3392791748	-106.0373916626
149.8565216064	-106.0116043091
150.3755340576	-106.1313476563
150.8963623047	-106.3660354614
151.4188995361	-106.6458969116
151.9433288574	-106.8937149048
152.4695739746	-107.0604324341
152.9976501465	-107.1409072876
153.5274658203	-107.1621246338
154.0592041016	-107.1599731445
154.5927734375	-107.1607284546
155.1282043457	-107.1723785400
155.6653900146	-107.1864929199
156.2045288086	-107.1884460449
156.7455444336	-107.1692352295
157.2884216309	-107.1307296753
157.8330993652	-107.0833511353
158.3797454834	-107.0419540405
158.9282836914	-107.0312957764
159.4787292480	-107.0937957764
160.0310668945	-107.1681823730
160.5852508545	-107.2308120728
161.1414337158	-107.2541961670
161.6995391846	-107.2371444702
162.2595672607	-107.2075500488
162.8214569092	-107.2015838623
163.3853912354	-107.2382125854
163.9512634277	-107.3077392578
164.5191040039	-107.3985824585
165.0888214111	-107.4091873169
165.6605987549	-107.3582916260
166.2343444824	-107.2874374390
166.8100891113	-107.2187957764
167.3877410889	-107.1648330688
167.9674835205	-107.1274871826
168.5492248535	-107.1040191650
169.1329956055	-107.0949325562
169.7186889648	-107.1162185669
170.3064880371	-107.1504135132
170.8963470459	-107.1941299438
171.4882354736	-107.2395401001
172.0820770264	-107.2777633667
172.6780853271	-107.3056411743
173.2761383057	-107.3119888306
173.8762817383	-107.3251037598
174.4783935547	-107.3637390137
175.0826873779	-107.4295730591
175.6890869141	-107.5498123169
176.2975769043	-107.6613769531
176.9080810547	-107.7277603149
177.5207824707	-107.7891769409
178.1356201172	-107.8334197998
178.7525939941	-107.8209075928
179.3715972900	-107.7201461792
179.9928436279	-107.6188964844
180.6162414551	-107.5207519531
181.2417907715	-107.4473724365
181.8694152832	-107.4236221313
182.4993133545	-107.4855728149
183.1313934326	-107.5535049438
183.7656555176	-107.6106567383
184.4020233154	-107.6525344849
185.0406799316	-107.6643600464
185.6815643311	-107.6635360718
186.3246612549	-107.6590576172
186.9698944092	-107.6543807983
187.6174468994	-107.6698074341
188.2672576904	-107.7023620605
188.9193115234	-107.7794418335
189.5735168457	-107.8680801392
190.2301025391	-107.9206924438
190.8889465332	-107.9568939209
191.5500793457	-107.9557800293
192.2134094238	-107.8855895996
192.8791351318	-107.7977981567
193.5471496582	-107.6581649780
194.2174987793	-107.5787811279
194.8900604248	-107.5968399048
195.5650482178	-107.7096176147
196.2423706055	-107.8416442871
196.9220581055	-107.9043960571
197.6039733887	-107.9524917603
198.2883758545	-107.9706268311
198.9751281738	-107.9671173096
199.6642761230	-107.9488830566
200.3558044434	-107.9422454834
201.0496063232	-107.9589233398
201.7459411621	-108.0119628906
202.4446716309	-108.0803451538
203.1458282471	-108.1482696533
203.8493041992	-108.1925735474
204.5553283691	-108.1974258423
205.2637939453	-108.1827011108
205.9747161865	-108.1660995483
206.6879882813	-108.1540908813
207.4038391113	-108.1410980225
208.1221771240	-108.1300506592
208.8430023193	-108.1119384766
209.5662078857	-108.1010742188
210.2920227051	-108.1062240601
211.0203704834	-108.1057815552
211.7512207031	-108.0702514648
212.4844970703	-108.0252380371
213.2204284668	-108.0183334351
213.9589080811	-108.0690917969
214.6999511719	-108.1544952393
215.4434356689	-108.2070083618
216.1896057129	-108.2005691528
216.9383697510	-108.1597061157
217.6897277832	-108.1462936401
218.4435577393	-108.2035217285
219.2001342773	-108.3122100830
219.9593200684	-108.4479675293
220.7211456299	-108.5616989136
221.4854736328	-108.5815963745
222.2525787354	-108.5088653564
223.0223388672	-108.3866195679
223.7947692871	-108.2930908203
224.5697479248	-108.2217636108
225.3475341797	-108.0636062622
226.1280212402	-107.7273559570
226.9112091064	-107.4081954956
227.6969757080	-107.3955917358
228.4855957031	-107.6826705933
229.2769470215	-108.0985031128
230.0710296631	-108.4271621704
230.8677520752	-108.4689483643
231.6673431396	-108.4383239746
232.4697113037	-108.4125518799
233.2748718262	-108.3979339600
234.0826721191	-108.3922119141
234.8934020996	-108.4177246094
235.7069549561	-108.4696655273
236.5233154297	-108.5114135742
237.3423614502	-108.5159072876
238.1643981934	-108.4793548584
238.9892578125	-108.4247589111
239.8169860840	-108.3732376099
240.6474609375	-108.3743820190
241.4809265137	-108.4674606323
242.3172912598	-108.6410980225
243.1565399170	-108.7473907471
243.9985656738	-108.8008956909
244.8436431885	-108.7926788330
245.6916503906	-108.7299880981
246.5425872803	-108.6494293213
247.3963470459	-108.5823135376
248.2531890869	-108.5676803589
249.1130065918	-108.5677032471
249.9757995605	-108.5778961182
250.8414306641	-108.6153030396
251.7102203369	-108.6662750244
252.5820007324	-108.7314224243
253.4568023682	-108.7920684814
254.3346405029	-108.7795715332
255.2153778076	-108.7314147949
256.0993041992	-108.7479705811
256.9862976074	-108.8877868652
257.8763427734	-108.9872817993
258.7693481445	-109.0086059570
259.6655883789	-108.9540405273
260.5649414063	-108.9093551636
261.4673767090	-108.9357070923
262.3728332520	-108.9920196533
263.2815246582	-109.0013198853
264.1933898926	-108.9311904907
265.1084289551	-108.8852462769
266.0264587402	-108.8791503906
266.9478454590	-108.8775787354
267.8724060059	-108.8572692871
268.8001708984	-108.8070831299
269.7309875488	-108.7687454224
270.6651916504	-108.7947311401
271.6026306152	-108.8471527100
272.5433044434	-108.8868331909
273.4870910645	-108.9149703979
274.4343261719	-108.9937744141
275.3847961426	-109.1285400391
276.3385925293	-109.1991119385
277.2955322266	-109.0983657837
278.2559204102	-108.8705062866
279.2196350098	-108.7294006348
280.1867065430	-108.7115859985
281.1569824219	-108.8355484009
282.1307373047	-108.9684829712
283.1079101563	-108.9914932251
284.0884399414	-109.0056915283
285.0722045898	-109.0805130005
286.0595397949	-109.1272811890
287.0502929688	-109.1015930176
288.0444641113	-109.0750732422
289.0419311523	-109.0778579712
290.0430297852	-109.0996780396
291.0475769043	-109.1679382324
292.0556030273	-109.2760772705
293.0669555664	-109.3604049683
294.0820007324	-109.3899459839
295.1005249023	-109.3702316284
296.1225891113	-109.3333511353
297.1480407715	-109.3106460571
298.1771850586	-109.2241668701
299.2099304199	-109.0230331421
300.2462158203	-109.2029266357
301.2859497070	-109.2352600098
302.3294372559	-109.2678909302
303.3765258789	-109.3008117676
304.4272766113	-109.3298339844
305.4814758301	-109.3561553955
306.5394897461	-109.3768997192
307.6011657715	-109.3929519653
308.6665344238	-109.4068069458
309.7354125977	-109.4200820923
310.8081665039	-109.4368667603
311.8846435547	-109.4570312500
312.9648437500	-109.4854660034
314.0486145020	-109.5151214600
315.1362915039	-109.5458679199
316.2277526855	-109.5687866211
317.3229980469	-109.5859298706
318.4220275879	-109.5916976929
319.5247192383	-109.5907211304
320.6313781738	-109.5874938965
321.7418518066	-109.5864944458
322.8562011719	-109.5929641724
323.9742126465	-109.6049118042
325.0962829590	-109.6265487671
326.2222290039	-109.6501770020
327.3520812988	-109.6741943359
328.4856872559	-109.6921768188
329.6233825684	-109.7020034790
330.7650146484	-109.7053375244
331.9106140137	-109.6987152100
333.0599670410	-109.6905059814
334.2135314941	-109.6831283569
335.3710632324	-109.6829605103
336.5325927734	-109.6922378540
337.6979675293	-109.7059783936
338.8675842285	-109.7220611572
340.0412292480	-109.7229080200
341.2189331055	-109.7062835693
342.4005432129	-109.6660766602
343.5864257813	-109.5940475464
344.7764282227	-109.5184783936
345.9705505371	-109.4448165894
347.1686096191	-109.4051742554
348.3710327148	-109.4052734375
349.5775756836	-109.4375839233
350.7883300781	-109.5055618286
352.0030822754	-109.5854644775
353.2222290039	-109.6574630737
354.4455871582	-109.7156600952
355.6731872559	-109.7432861328
356.9048461914	-109.7546386719
358.1409912109	-109.7570037842
359.3813781738	-109.7550277710
360.6260986328	-109.7564392090
361.8749084473	-109.7624053955
363.1282348633	-109.7742233276
364.3859252930	-109.7949981689
365.6479492188	-109.8319244385
366.9141540527	-109.8807983398
368.1849365234	-109.9391021729
369.4601440430	-110.0021209717
370.7397460938	-110.0532073975
372.0235900879	-110.0881423950
373.3120727539	-110.1058731079
374.6050109863	-110.1055831909
375.9024353027	-110.0910415649
377.2041625977	-110.0691528320
378.5105895996	-110.0412216187
379.8215332031	-110.0086898804
381.1370239258	-109.9772109985
382.4568786621	-109.9533233643
383.7814941406	-109.9368133545
385.1107177734	-109.9267120361
386.4445190430	-109.9203186035
387.7827453613	-109.9208526611
389.1258239746	-109.9361495972
390.4735412598	-109.9696655273
391.8259277344	-110.0206604004
393.1827697754	-110.0772323608
394.5445556641	-110.1086807251
395.9110412598	-110.1098327637
397.2822570801	-110.0887298584
398.6582031250	-110.0606536865
400.0387268066	-110.0503616333
401.4242553711	-110.0775375366
402.8145751953	-110.1248245239
404.2096862793	-110.1751708984
405.6094360352	-110.2125473022
407.0142517090	-110.2248306274
408.4239196777	-110.2069931030
409.8384704590	-110.1738967896
411.2576904297	-110.1385726929
412.6820678711	-110.1076812744
414.1113891602	-110.0847167969
415.5456237793	-110.0705337524
416.9846191406	-110.0660247803
418.4288330078	-110.0752716064
419.8780517578	-110.1001052856
421.3322753906	-110.1401367188
422.7913208008	-110.1911163330
424.2556152344	-110.2456817627
425.7250061035	-110.2947769165
427.1994934082	-110.3288955688
428.6788330078	-110.3390426636
430.1635437012	-110.3274307251
431.6534118652	-110.2993011475
433.1484069824	-110.2640686035
434.6483764648	-110.2332153320
436.1537475586	-110.2177352905
437.6643676758	-110.2256393433
439.1801757813	-110.2603454590
440.7010192871	-110.3211669922
442.2273559570	-110.3968963623
443.7590026855	-110.4718170166
445.2959289551	-110.5304336548
446.8379516602	-110.5620956421
448.3855590820	-110.5638046265
449.9385375977	-110.5373229980
451.4968566895	-110.4842834473
453.0603637695	-110.4056549072
454.6295166016	-110.3093566895
456.2041015625	-110.2190246582
457.7841491699	-110.1688690186
459.3694152832	-110.1854782104
460.9604187012	-110.2548751831
462.5569152832	-110.3427200317
464.1589660645	-110.4186630249
465.7662963867	-110.4706420898
467.3794555664	-110.5008697510
468.9981994629	-110.5137100220
470.6225585938	-110.5115966797
472.2522888184	-110.5005187988
473.8879089355	-110.4936141968
475.5292053223	-110.5051193237
477.1761779785	-110.5396270752
478.8285827637	-110.5881118774
480.4869995117	-110.6356353760
482.1511230469	-110.6737289429
483.8210449219	-110.7056503296
485.4964599609	-110.7390670776
487.1779479980	-110.7738265991
488.8652954102	-110.7972946167
490.5584411621	-110.8024902344
492.2572021484	-110.7735748291
493.9620971680	-110.7133178711
495.6729125977	-110.6437301636
497.3896789551	-110.5902557373
499.1120910645	-110.5703735352
500.8407287598	-110.5908126831
502.5753784180	-110.6489334106
504.3160095215	-110.7312469482
506.0626831055	-110.8386840820
507.8151245117	-110.8760452271
509.5739440918	-110.8550186157
511.3388061523	-110.8235931396
513.1098022461	-110.8010177612
514.8866577148	-110.7980194092
516.6699829102	-110.8165893555
518.4594116211	-110.8492279053
520.2550659180	-110.8800582886
522.0566406250	-110.8930206299
523.8648071289	-110.8839874268
525.6791992188	-110.8652191162
527.4998168945	-110.8564910889
529.3265380859	-110.8710556030
531.1597900391	-110.9091491699
532.9994506836	-110.9623184204
534.8454589844	-111.0481719971
536.6975708008	-111.1156005859
538.5563964844	-111.1281585693
540.4216918945	-111.1084594727
542.2933959961	-111.0667419434
544.1713256836	-111.0244369507
546.0560302734	-111.0007553101
547.9472656250	-111.0019531250
549.8450927734	-111.0208053589
551.7491455078	-111.0438919067
553.6600952148	-111.0574264526
555.5776367188	-111.0328292847
557.5018920898	-110.9953918457
559.4324340820	-110.9619827271
561.3700561523	-110.9525756836
563.3143310547	-110.9736099243
565.2653198242	-111.0117263794
567.2227783203	-111.0516357422
569.1873168945	-111.0593032837
571.1586914063	-111.0572280884
573.1368408203	-111.0562286377
575.1215820313	-111.0499725342
577.1134643555	-111.0336227417
579.1123046875	-111.0101699829
581.1180419922	-111.0216445923
583.1303710938	-111.0586547852
585.1500244141	-111.1063613892
587.1766357422	-111.1529922485
589.2103271484	-111.2075805664
591.2507324219	-111.2468490601
593.2984619141	-111.2681274414
595.3533325195	-111.2936935425
597.4152832031	-111.3276596069
599.4841308594	-111.3745269775
601.5603637695	-111.3741531372
603.6438598633	-111.3259963989
605.7345581055	-111.2566223145
607.8321533203	-111.1861267090
609.9373779297	-111.2078323364
612.0498657227	-111.2840042114
614.1696777344	-111.3756561279
616.2964477539	-111.4546966553
618.4309692383	-111.4284515381
620.5728759766	-111.3662796021
622.7222290039	-111.3168029785
624.8786621094	-111.3154754639
627.0429077148	-111.3633499146
629.2145996094	-111.3974151611
631.3938598633	-111.4410095215
633.5806884766	-111.4855651855
635.7747192383	-111.5037765503
637.9766845703	-111.5030670166
640.1862792969	-111.4979476929
642.4035644531	-111.5272293091
644.6281127930	-111.5546798706
646.8607788086	-111.5405883789
649.1011352539	-111.4762191772
651.3492431641	-111.4340820313
653.6047973633	-111.4096145630
655.8685302734	-111.4234390259
658.1401367188	-111.4558105469
660.4195556641	-111.5257644653
662.7065429688	-111.5834960938
665.0017700195	-111.5901336670
667.3049926758	-111.5583038330
669.6161499023	-111.5268859863
671.9349975586	-111.5420608521
674.2622070313	-111.5971145630
676.5974731445	-111.6500930786
678.9408569336	-111.7119979858
681.2919311523	-111.7053375244
683.6515502930	-111.6431808472
686.0193481445	-111.5202178955
688.3953857422	-111.4195404053
690.7792358398	-111.3737640381
693.1716918945	-111.3888092041
695.5724487305	-111.4382400513
697.9815673828	-111.5226669312
700.3985595703	-111.5888214111
702.8244018555	-111.6524276733
705.2586059570	-111.7284164429
707.7012329102	-111.8071594238
710.1519165039	-111.8753433228
712.6115112305	-111.8924713135
715.0795898438	-111.8516311646
717.5562133789	-111.8100738525
720.0410766602	-111.7872467041
722.5349121094	-111.8064575195
725.0373535156	-111.8191680908
727.5484619141	-111.7942733765
730.0679321289	-111.7605285645
732.5964965820	-111.7648773193
735.1337890625	-111.8007507324
737.6798706055	-111.8146820068
740.2344360352	-111.7859420776
742.7981567383	-111.7501907349
745.3708496094	-111.7539596558
747.9523925781	-111.8111801147
750.5424804688	-111.9141159058
753.1419067383	-112.0246887207
755.7504272461	-112.1185302734
758.3679199219	-112.1654586792
760.9940795898	-112.1168899536
763.6297607422	-112.0415802002
766.2745361328	-112.0109939575
768.9284667969	-112.0424194336
771.5912475586	-112.0844497681
774.2636108398	-112.1153945923
776.9451904297	-112.1191253662
779.6361083984	-112.0551452637
782.3359375000	-111.9448928833
785.0455322266	-111.8601150513
787.7644653320	-111.8188247681
790.4928588867	-111.7746887207
793.2302856445	-111.7652664185
795.9776000977	-111.7942810059
798.7344360352	-111.8339843750
801.5007934570	-111.9081649780
804.2767333984	-112.0655822754
807.0618896484	-112.1230468750
809.8571166992	-112.0480651855
812.6620483398	-111.9668960571
815.4766235352	-112.0114440918
818.3005371094	-112.0706710815
821.1347045898	-112.0380020142
823.9786376953	-111.9939880371
826.8324584961	-112.0398025513
829.6957397461	-112.1601409912
832.5693359375	-112.2003173828
835.4528808594	-112.1773071289
838.3464355469	-112.1740951538
841.2495727539	-112.2591552734
844.1632080078	-112.3122253418
847.0869140625	-112.3090820313
850.0207519531	-112.2991409302
852.9642944336	-112.3128433228
855.9185180664	-112.3503112793
858.8829345703	-112.4219589233
861.8576049805	-112.4438095093
864.8421630859	-112.4204177856
867.8375244141	-112.4014968872
870.8432006836	-112.4203491211
873.8593750000	-112.4549179077
876.8854370117	-112.3779907227
879.9224853516	-112.2699661255
882.9700317383	-112.2020568848
886.0281982422	-112.1963348389
889.0964355469	-112.2728500366
892.1757812500	-112.3479766846
895.2657470703	-112.3431167603
898.3664550781	-112.2935562134
901.4774169922	-112.2476348877
904.5996704102	-112.2811126709
907.7327270508	-112.3864746094
910.8765869141	-112.4796066284
914.0308837891	-112.4731750488
917.1965942383	-112.4139938354
920.3732299805	-112.3672714233
923.5609130859	-112.3614959717
926.7590942383	-112.3866729736
929.9689331055	-112.3962020874
933.1898193359	-112.3647079468
936.4218750000	-112.3781890869
939.6646118164	-112.4744262695
942.9190673828	-112.5424957275
946.1848754883	-112.5848007202
949.4619140625	-112.6404571533
952.7498168945	-112.6950225830
956.0496215820	-112.7175292969
959.3608398438	-112.6775207520
962.6835327148	-112.6343383789
966.0172119141	-112.6066589355
969.3629760742	-112.5302658081
972.7203369141	-112.4588012695
976.0892944336	-112.4614715576
979.4694213867	-112.4966659546
982.8617553711	-112.5213623047
986.2658691406	-112.5341491699
989.6817626953	-112.4872283936
993.1088867188	-112.4319305420
996.5485229492	-112.4879226685
1000.0000000000	-112.5800247192
1003.4634399414	-112.6128234863
1006.9389038086	-112.6478347778
1010.4258422852	-112.6826705933
1013.9254150391	-112.7183685303
1017.4370727539	-112.7554397583
1020.9609375000	-112.8016052246
1024.4964599609	-112.8572616577
1028.0446777344	-112.9206771851
1031.6053466797	-112.9920043945
1035.1782226563	-113.0554809570
1038.7629394531	-113.1054077148
1042.3605957031	-113.1327209473
1045.9708251953	-113.1207275391
1049.5935058594	-113.0882339478
1053.2281494141	-113.0383453369
1056.8759765625	-112.9797821045
1060.5363769531	-112.9322357178
1064.2094726563	-112.8996734619
1067.8947753906	-112.8892440796
1071.5933837891	-112.9114837646
1075.3048095703	-112.9472732544
1079.0290527344	-112.9910812378
1082.7656250000	-113.0317840576
1086.5157470703	-113.0536727905
1090.2788085938	-113.0607452393
1094.0549316406	-113.0547714233
1097.8435058594	-113.0418777466
1101.6458740234	-113.0359039307
1105.4614257813	-113.0381240845
1109.2901611328	-113.0486068726
1113.1314697266	-113.0637359619
1116.9866943359	-113.0721893311
1120.8553466797	-113.0720443726
1124.7374267578	-113.0634155273
1128.6323242188	-113.0494995117
1132.5412597656	-113.0443649292
1136.4637451172	-113.0532302856
1140.3997802734	-113.0771713257
1144.3488769531	-113.1155395508
1148.3123779297	-113.1568374634
1152.2894287109	-113.1856689453
1156.2803955078	-113.1970443726
1160.2844238281	-113.1885833740
1164.3029785156	-113.1613235474
1168.3355712891	-113.1295700073
1172.3819580078	-113.1025848389
1176.4418945313	-113.0820541382
1180.5163574219	-113.0669479370
1184.6051025391	-113.0509338379
1188.7078857422	-113.0276794434
1192.8243408203	-113.0020217896
1196.9555664063	-112.9812545776
1201.1011962891	-112.9735717773
1205.2611083984	-112.9878845215
1209.4348144531	-113.0261230469
1213.6236572266	-113.0720520020
1217.8270263672	-113.1148147583
1222.0449218750	-113.1461944580
1226.2767333984	-113.1619186401
1230.5238037109	-113.1633834839
1234.7857666016	-113.1615371704
1239.0623779297	-113.1655807495
1243.3531494141	-113.1791610718
1247.6594238281	-113.2019653320
1251.9805908203	-113.2299499512
1256.3167724609	-113.2561798096
1260.6679687500	-113.2721862793
1265.0335693359	-113.2814407349
1269.4149169922	-113.2925338745
1273.8115234375	-113.3152923584
1278.2232666016	-113.3570098877
1282.6496582031	-113.4192962646
1287.0920410156	-113.4961242676
1291.5498046875	-113.5723876953
1296.0230712891	-113.6282806396
1300.5111083984	-113.6533050537
1305.0152587891	-113.6445999146
1309.5351562500	-113.6079559326
1314.0706787109	-113.5565109253
1318.6212158203	-113.5068359375
1323.1881103516	-113.4731597900
1327.7709960938	-113.4617767334
1332.3696289063	-113.4693069458
1336.9835205078	-113.4837417603
1341.6141357422	-113.4961318970
1346.2607421875	-113.5035247803
1350.9234619141	-113.5054092407
1355.6015625000	-113.5010757446
1360.2966308594	-113.4893569946
1365.0079345703	-113.4708480835
1369.7355957031	-113.4507369995
1374.4788818359	-113.4392852783
1379.2392578125	-113.4481124878
1384.0162353516	-113.4834976196
1388.8096923828	-113.5407638550
1393.6190185547	-113.6041030884
1398.4456787109	-113.6521911621
1403.2891845703	-113.6726074219
1408.1494140625	-113.6624069214
1413.0257568359	-113.6233215332
1417.9196777344	-113.5594558716
1422.8305664063	-113.4800567627
1427.7584228516	-113.4021148682
1432.7026367188	-113.3469619751
1437.6647949219	-113.3315200806
1442.6440429688	-113.3602676392
1447.6405029297	-113.4236526489
1452.6535644531	-113.5039291382
1457.6848144531	-113.5837020874
1462.7333984375	-113.6506118774
1467.7995605469	-113.6962203979
1472.8823242188	-113.7169342041
1477.9836425781	-113.6971740723
1483.1025390625	-113.6675567627
1488.2392578125	-113.6468505859
1493.3928222656	-113.6430816650
1498.5651855469	-113.6478958130
1503.7553710938	-113.6444854736
1508.9635009766	-113.6225814819
1514.1889648438	-113.5874328613
1519.4332275391	-113.5567398071
1524.6958007813	-113.5504608154
1529.9764404297	-113.5813369751
1535.2746582031	-113.6501998901
1540.5920410156	-113.7460174561
1545.9277343750	-113.8494720459
1551.2819824219	-113.9390182495
1556.6539306641	-113.9971847534
1562.0452880859	-114.0147552490
1567.4554443359	-113.9933776855
1572.8842773438	-113.9468307495
1578.3309326172	-113.8974456787
1583.7974853516	-113.8671493530
1589.2828369141	-113.8815231323
1594.7872314453	-113.9361953735
1600.3107910156	-113.9721221924
1605.8524169922	-113.9908370972
1611.4143066406	-113.9888992310
1616.9953613281	-113.9711837769
1622.5957031250	-113.9467849731
1628.2145996094	-113.9244689941
1633.8538818359	-113.9105224609
1639.5125732422	-113.9089508057
1645.1910400391	-113.9362411499
1650.8881835938	-113.9911346436
1656.6059570313	-114.0392379761
1662.3435058594	-114.0882415771
1668.1009521484	-114.1310424805
1673.8774414063	-114.1607055664
1679.6748046875	-114.1725540161
1685.4923095703	-114.1670913696
1691.3299560547	-114.1455841064
1697.1867675781	-114.1410522461
1703.0649414063	-114.1621475220
1708.9635009766	-114.1985778809
1714.8823242188	-114.2390899658
1720.8208007813	-114.2721939087
1726.7807617188	-114.3049087524
1732.7614746094	-114.3439712524
1738.7628173828	-114.3844909668
1744.7839355469	-114.4254684448
1750.8269042969	-114.4495773315
1756.8908691406	-114.4312744141
1762.9757080078	-114.3701782227
1769.0808105469	-114.3172988892
1775.2078857422	-114.2661743164
1781.3562011719	-114.2241134644
1787.5258789063	-114.1921157837
1793.7159423828	-114.1897430420
1799.9283447266	-114.1955413818
1806.1623535156	-114.1954345703
1812.4178466797	-114.1869659424
1818.6940917969	-114.1748275757
1824.9930419922	-114.1902313232
1831.3138427734	-114.2326202393
1837.6564941406	-114.2991256714
1844.0201416016	-114.4077606201
1850.4068603516	-114.4660949707
1856.8156738281	-114.4490280151
1863.2467041016	-114.4028701782
1869.6988525391	-114.3305816650
1876.1745605469	-114.2837905884
1882.6726074219	-114.2684783936
1889.1931152344	-114.2662124634
1895.7352294922	-114.2997207642
1902.3010253906	-114.3601531982
1908.8895263672	-114.4514312744
1915.5008544922	-114.6088104248
1922.1340332031	-114.7215270996
1928.7912597656	-114.7358398438
1935.4715576172	-114.6841812134
1942.1749267578	-114.6102981567
1948.9005126953	-114.5744934082
1955.6505126953	-114.5612258911
1962.4238281250	-114.5821075439
1969.2205810547	-114.6035003662
1976.0397949219	-114.6073074341
1982.8836669922	-114.5616302490
1989.7513427734	-114.5026702881
1996.6427001953	-114.4145050049
2003.5579833984	-114.3623886108
2010.4960937500	-114.3595428467
2017.4593505859	-114.3946456909
2024.4467773438	-114.4636001587
2031.4583740234	-114.5544509888
2038.4930419922	-114.6240234375
2045.5533447266	-114.6375045776
2052.6379394531	-114.6144027710
2059.7473144531	-114.5721282959
2066.8798828125	-114.5414581299
2074.0385742188	-114.5420837402
2081.2219238281	-114.5644989014
2088.4299316406	-114.6107254028
2095.6621093750	-114.6576538086
2102.9201660156	-114.7139663696
2110.2036132813	-114.7785034180
2117.5122070313	-114.8238677979
2124.8449707031	-114.8325500488
2132.2043457031	-114.8111038208
2139.5891113281	-114.7455291748
2146.9995117188	-114.6658935547
2154.4343261719	-114.6149673462
2161.8959960938	-114.6124649048
2169.3837890625	-114.6477661133
2176.8972167969	-114.6810379028
2184.4355468750	-114.7102661133
2192.0014648438	-114.7529449463
2199.5932617188	-114.8103561401
2207.2114257813	-114.8664627075
2214.8547363281	-114.9112854004
2222.5258789063	-114.9397354126
2230.2233886719	-114.9345932007
2237.9477539063	-114.9000930786
2245.6975097656	-114.8377532959
2253.4753417969	-114.7661895752
2261.2802734375	-114.7206420898
2269.1120605469	-114.7366256714
2276.9697265625	-114.8405227661
2284.8559570313	-114.9665908813
2292.7695312500	-115.0249938965
2300.7104492188	-114.9906463623
2308.6774902344	-114.9595413208
2316.6735839844	-115.0045318604
2324.6972656250	-115.0924072266
2332.7485351563	-115.1488494873
2340.8266601563	-115.1386337280
2348.9340820313	-115.0951309204
2357.0695800781	-115.0329666138
2365.2331542969	-114.9646606445
2373.4235839844	-114.9163055420
2381.6440429688	-114.9199752808
2389.8925781250	-114.9809951782
2398.1699218750	-115.0612716675
2406.4746093750	-115.1036834717
2414.8093261719	-115.0722274780
2423.1728515625	-115.0147857666
2431.5654296875	-115.0117950439
2439.9855957031	-115.0274658203
2448.4365234375	-115.0218887329
2456.9165039063	-115.0055770874
2465.4260253906	-115.0065841675
2473.9633789063	-115.0635299683
2482.5319824219	-115.1549377441
2491.1301269531	-115.2570724487
2499.7580566406	-115.3087768555
2508.4143066406	-115.2146759033
2517.1020507813	-115.1023712158
2525.8200683594	-115.0377426147
2534.5681152344	-115.0589752197
2543.3464355469	-115.1123428345
2552.1538085938	-115.1474609375
2560.9931640625	-115.1785888672
2569.8630371094	-115.2152938843
2578.7636718750	-115.2163925171
2587.6936035156	-115.1508865356
2596.6560058594	-115.0251388550
2605.6494140625	-114.9624404907
2614.6738281250	-114.9767608643
2623.7282714844	-115.0291137695
2632.8154296875	-115.0961532593
2641.9340820313	-115.1165618896
2651.0842285156	-115.0986022949
2660.2646484375	-115.0705947876
2669.4785156250	-115.0372695923
2678.7241210938	-115.0137100220
2688.0017089844	-115.0440368652
2697.3100585938	-115.1380767822
2706.6518554688	-115.2814865112
2716.0263671875	-115.3974380493
2725.4331054688	-115.4688491821
2734.8710937500	-115.4439773560
2744.3432617188	-115.2892761230
2753.8481445313	-115.1295394897
2763.3859863281	-115.1053085327
2772.9553222656	-115.2070617676
2782.5593261719	-115.3359298706
2792.1965332031	-115.4140701294
2801.8671875000	-115.4453353882
2811.5698242188	-115.4309997559
2821.3073730469	-115.3921737671
2831.0788574219	-115.3311309814
2840.8842773438	-115.2516860962
2850.7219238281	-115.1635284424
2860.5952148438	-115.1078720093
2870.5029296875	-115.1551971436
2880.4448242188	-115.2512817383
2890.4194335938	-115.2934112549
2900.4301757813	-115.3176193237
2910.4758300781	-115.3922195435
2920.5561523438	-115.4672851563
2930.6696777344	-115.4287338257
2940.8198242188	-115.3164062500
2951.0053710938	-115.3181838989
2961.2260742188	-115.4545516968
2971.4804687500	-115.5101013184
2981.7719726563	-115.4048156738
2992.0991210938	-115.2952499390
3002.4621582031	-115.3447265625
3012.8593750000	-115.3717269897
3023.2944335938	-115.4039916992
3033.7653808594	-115.4410858154
3044.2727050781	-115.4680175781
3054.8146972656	-115.4858856201
3065.3950195313	-115.4842681885
3076.0117187500	-115.4656982422
3086.6655273438	-115.4387893677
3097.3542480469	-115.4059524536
3108.0817871094	-115.3787307739
3118.8464355469	-115.3569488525
3129.6484375000	-115.3493652344
3140.4860839844	-115.3450088501
3151.3630371094	-115.3444747925
3162.2775878906	-115.3409118652
3173.2299804688	-115.3358612061
3184.2204589844	-115.3286209106
3195.2470703125	-115.3271789551
3206.3137207031	-115.3316650391
3217.4184570313	-115.3527450562
3228.5620117188	-115.3868560791
3239.7421875000	-115.4287948608
3250.9628906250	-115.4763641357
3262.2224121094	-115.5169372559
3273.5209960938	-115.5504150391
3284.8569335938	-115.5630950928
3296.2338867188	-115.5639419556
3307.6501464844	-115.5569686890
3319.1059570313	-115.5454330444
3330.5998535156	-115.5373840332
3342.1352539063	-115.5335693359
3353.7104492188	-115.5402984619
3365.3259277344	-115.5510711670
3376.9797363281	-115.5626907349
3388.6757812500	-115.5723800659
3400.4123535156	-115.5800094604
3412.1894531250	-115.5844650269
3424.0056152344	-115.5843658447
3435.8645019531	-115.5920104980
3447.7644042969	-115.6093902588
3459.7055664063	-115.6367797852
3471.6860351563	-115.6756134033
3483.7102050781	-115.7265777588
3495.7758789063	-115.7805175781
3507.8833007813	-115.8264160156
3520.0307617188	-115.8554687500
3532.2221679688	-115.8769836426
3544.4558105469	-115.8911972046
3556.7319335938	-115.8861770630
3569.0485839844	-115.8695755005
3581.4099121094	-115.8440856934
3593.8139648438	-115.8104476929
3606.2609863281	-115.7730560303
3618.7490234375	-115.7324218750
3631.2824707031	-115.5628967285
3643.8591308594	-115.0036468506
3656.4794921875	-105.4527130127
3669.1416015625	-95.1467132568
3681.8493652344	-85.6224288940
3694.6013183594	-78.1065597534
3707.3974609375	-72.0990219116
3720.2358398438	-66.9961624146
3733.1206054688	-62.6982841492
3746.0500488281	-59.1764945984
3759.0244140625	-56.4896049500
3772.0415039063	-54.3686637878
3785.1059570313	-52.7957420349
3798.2153320313	-51.7562217712
3811.3703613281	-51.4226531982
3824.5688476563	-51.6339073181
3837.8149414063	-52.3756332397
3851.1071777344	-53.6635246277
3864.4453125000	-55.5879287720
3877.8273925781	-58.2903938293
3891.2580566406	-61.6841850281
3904.7353515625	-65.8465118408
3918.2590332031	-70.8763122559
3931.8276367188	-77.1006164551
3945.4453125000	-84.9738845825
3959.1103515625	-94.8440856934
3972.8225097656	-105.8278884888
3986.5822753906	-115.2152252197
4000.3872070313	-115.9519195557
4014.2424316406	-115.9921798706
4028.1455078125	-116.0136947632
4042.0969238281	-116.0361175537
4056.0942382813	-116.0438232422
4070.1423339844	-116.0347137451
4084.2392578125	-116.0060958862
4098.3847656250	-115.9531478882
4112.5771484375	-115.8968505859
4126.8208007813	-115.8479309082
4141.1137695313	-115.8157424927
4155.4565429688	-115.8094253540
4169.8461914063	-115.8399124146
4184.2885742188	-115.8802566528
4198.7802734375	-115.9179763794
4213.3227539063	-115.9484863281
4227.9130859375	-115.9721832275
4242.5561523438	-115.9953918457
4257.2500000000	-116.0269927979
4271.9951171875	-116.0628433228
4286.7885742188	-116.0929489136
4301.6357421875	-116.1119689941
4316.5341796875	-116.1153182983
4331.4843750000	-116.1054458618
4346.4838867188	-116.0897064209
4361.5375976563	-116.0772857666
4376.6435546875	-116.0754852295
4391.8017578125	-116.0856018066
4407.0102539063	-116.1008224487
4422.2739257813	-116.1157150269
4437.5898437500	-116.1281585693
4452.9594726563	-116.1341323853
4468.3793945313	-116.1299972534
4483.8554687500	-116.1148223877
4499.3852539063	-116.0908813477
4514.9687500000	-116.0617675781
4530.6035156250	-116.0297393799
4546.2949218750	-115.9953155518
4562.0410156250	-115.9600067139
4577.8413085938	-115.9274063110
4593.6938476563	-115.9002304077
4609.6040039063	-115.8761749268
4625.5693359375	-115.8539886475
4641.5898437500	-115.8398208618
4657.6630859375	-115.8451080322
4673.7944335938	-115.8776397705
4689.9819335938	-115.9343795776
4706.2255859375	-116.0022735596
4722.5229492188	-116.0657196045
4738.8789062500	-116.1141662598
4755.2919921875	-116.1447448730
4771.7617187500	-116.1606216431
4788.2861328125	-116.1683120728
4804.8701171875	-116.1750335693
4821.5112304688	-116.1853866577
4838.2104492188	-116.1985855103
4854.9648437500	-116.2098083496
4871.7797851563	-116.2156219482
4888.6528320313	-116.2172546387
4905.5844726563	-116.2176513672
4922.5717773438	-116.2184524536
4939.6210937500	-116.2163772583
4956.7294921875	-116.2091064453
4973.8964843750	-116.2008743286
4991.1206054688	-116.1987762451
5008.4072265625	-116.2037048340
5025.7539062500	-116.2078857422
5043.1601562500	-116.2025070190
5060.6269531250	-116.1729812622
5078.1513671875	-116.1325073242
5095.7392578125	-116.1052780151
5113.3881835938	-116.0847930908
5131.0981445313	-116.0808486938
5148.8666992188	-116.1017456055
5166.6997070313	-116.1437301636
5184.5942382813	-116.1875839233
5202.5507812500	-116.2118301392
5220.5668945313	-116.2125015259
5238.6479492188	-116.2064056396
5256.7915039063	-116.2135696411
5274.9985351563	-116.2395782471
5293.2651367188	-116.2740783691
5311.5981445313	-116.3025131226
5329.9946289063	-116.3176193237
5348.4545898438	-116.3196716309
5366.9760742188	-116.3146591187
5385.5644531250	-116.3163452148
5404.2167968750	-116.3290710449
5422.9340820313	-116.3529205322
5441.7133789063	-116.3788986206
5460.5605468750	-116.3937988281
5479.4726562500	-116.3900222778
5498.4506835938	-116.3717422485
5517.4912109375	-116.3530349731
5536.6010742188	-116.3589019775
5555.7768554688	-116.3973312378
5575.0190429688	-116.4130401611
5594.3247070313	-116.3951110840
5613.7001953125	-116.3434677124
5633.1430664063	-116.2782516479
5652.6533203125	-116.2264251709
5672.2275390625	-116.2157440186
5691.8730468750	-116.2623367310
5711.5869140625	-116.2996749878
5731.3686523438	-116.3243942261
5751.2158203125	-116.3441619873
5771.1347656250	-116.3744049072
5791.1230468750	-116.4396972656
5811.1801757813	-116.4809494019
5831.3037109375	-116.4686965942
5851.5000000000	-116.4345855713
5871.7666015625	-116.4003219604
5892.1030273438	-116.3877334595
5912.5068359375	-116.4161911011
5932.9848632813	-116.4470367432
5953.5332031250	-116.4744033813
5974.1533203125	-116.4926986694
5994.8408203125	-116.4946060181
6015.6040039063	-116.4758453369
6036.4384765625	-116.4668350220
6057.3457031250	-116.4729919434
6078.3217773438	-116.4967803955
6099.3735351563	-116.5045242310
6120.4985351563	-116.4947280884
6141.6967773438	-116.4822998047
6162.9648437500	-116.4684906006
6184.3095703125	-116.4627838135
6205.7290039063	-116.4703598022
6227.2221679688	-116.4911956787
6248.7866210938	-116.5368881226
6270.4287109375	-116.5647506714
6292.1459960938	-116.5537185669
6313.9384765625	-116.5126876831
6335.8066406250	-116.4851226807
6357.7470703125	-116.4828872681
6379.7666015625	-116.4876022339
6401.8627929688	-116.5164947510
6424.0351562500	-116.5686950684
6446.2812500000	-116.5907135010
6468.6074218750	-116.5564117432
6491.0112304688	-116.4983673096
6513.4926757813	-116.4984283447
6536.0483398438	-116.5739822388
6558.6855468750	-116.6469421387
6581.4013671875	-116.6390533447
6604.1958007813	-116.5479431152
6627.0654296875	-116.4521636963
6650.0175781250	-116.4269790649
6673.0498046875	-116.4523315430
6696.1616210938	-116.4999542236
6719.3496093750	-116.5180892944
6742.6220703125	-116.5053787231
6765.9746093750	-116.4944686890
6789.4082031250	-116.4994049072
6812.9194335938	-116.5086135864
6836.5156250000	-116.4972152710
6860.1938476563	-116.4519119263
6883.9536132813	-116.4128189087
6907.7919921875	-116.4285888672
6931.7167968750	-116.4767837524
6955.7246093750	-116.5044174194
6979.8154296875	-116.5234680176
7003.9858398438	-116.5313720703
7028.2436523438	-116.5207519531
7052.5859375000	-116.4768142700
7077.0122070313	-116.3869705200
7101.5190429688	-116.2923355103
7126.1147460938	-116.2614746094
7150.7958984375	-116.3015823364
7175.5625000000	-116.3526306152
7200.4106445313	-116.4160614014
7225.3491210938	-116.4621887207
7250.3735351563	-116.5005950928
7275.4848632813	-116.5227279663
7300.6791992188	-116.4923553467
7325.9648437500	-116.4260101318
7351.3378906250	-116.3700180054
7376.7988281250	-116.3497390747
7402.3442382813	-116.3516921997
7427.9819335938	-116.3723754883
7453.7080078125	-116.4224472046
7479.5239257813	-110.6889648438
7505.4248046875	-90.9259338379
7531.4194335938	-80.6148529053
7557.5039062500	-71.6842269897
7583.6791992188	-65.1464157104
7609.9409179688	-62.7153472900
7636.2973632813	-62.5032310486
7662.7451171875	-64.1912994385
7689.2851562500	-68.0229949951
7715.9121093750	-74.7888641357
7742.6357421875	-83.1839218140
7769.4521484375	-101.3645782471
7796.3613281250	-116.3785400391
7823.3593750000	-116.4830703735
7850.4550781250	-116.5035247803
7877.6450195313	-116.4506912231
7904.9287109375	-116.3237228394
7932.3027343750	-116.2739715576
7959.7758789063	-116.2923278809
7987.3442382813	-116.3139114380
8015.0078125000	-116.3149490356
8042.7675781250	-116.3192901611
8070.6191406250	-116.2992095947
8098.5712890625	-116.2292098999
8126.6201171875	-116.1399612427
8154.7666015625	-116.1144943237
8183.0053710938	-116.1307144165
8211.3466796875	-116.1862640381
8239.7871093750	-116.2425689697
8268.3251953125	-116.2854843140
8296.9570312500	-116.2887268066
8325.6933593750	-116.2639617920
8354.5292968750	-116.2451095581
8383.4648437500	-116.2605209351
8412.4960937500	-116.2813796997
8441.6318359375	-116.2509307861
8470.8691406250	-116.2025070190
8500.2080078125	-116.1849975586
8529.6425781250	-116.1858139038
8559.1845703125	-116.1709289551
8588.8291015625	-116.1988754272
8618.5761718750	-116.2850036621
8648.4218750000	-116.2991638184
8678.3750000000	-116.2515792847
8708.4326171875	-116.2476119995
8738.5937500000	-116.2920989990
8768.8544921875	-116.1978530884
8799.2246093750	-116.0814132690
8829.7001953125	-116.0449295044
8860.2822265625	-116.1146316528
8890.9638671875	-116.2029037476
8921.7578125000	-116.2013931274
8952.6582031250	-116.1624755859
8983.6650390625	-116.1461715698
9014.7744140625	-116.1704635620
9045.9970703125	-116.2312927246
9077.3271484375	-116.2904891968
9108.7656250000	-116.2906875610
9140.3085937500	-116.1947250366
9171.9658203125	-116.1083145142
9203.7324218750	-116.0728836060
9235.6093750000	-116.0643005371
9267.5908203125	-116.0527114868
9299.6894531250	-116.1045989990
9331.8984375000	-116.2142181396
9364.2187500000	-116.2286529541
9396.6464843750	-116.1258163452
9429.1914062500	-116.0450363159
9461.8486328125	-116.0818176270
9494.6191406250	-116.1594619751
9527.4980468750	-116.1978149414
9560.4960937500	-116.1551132202
9593.6083984375	-116.0775375366
9626.8359375000	-116.0545959473
9660.1718750000	-116.1137237549
9693.6298828125	-116.1768493652
9727.2031250000	-116.2053833008
9760.8935546875	-116.2340774536
9794.6943359375	-116.2398834229
9828.6171875000	-116.1945800781
9862.6582031250	-116.1451721191
9896.8173828125	-116.1492919922
9931.0888671875	-116.1906509399
9965.4853515625	-116.1690368652
10000.0000000000	-116.0506286621
10034.6347656250	-116.0565261841
10069.3886718750	-116.0817947388
10104.2636718750	-116.1236419678
10139.2597656250	-116.1636962891
10174.3652343750	-116.2003479004
10209.6035156250	-116.2199478149
10244.9638671875	-116.2281265259
10280.4472656250	-116.2280349731
10316.0527343750	-116.2233810425
10351.7822265625	-116.2243423462
10387.6347656250	-116.2285461426
10423.6123046875	-116.2355270386
10459.7021484375	-116.2389221191
10495.9287109375	-116.2361679077
10532.2812500000	-116.2260437012
10568.7597656250	-116.2016220093
10605.3642578125	-116.1731338501
10642.0947265625	-116.1451110840
10678.9531250000	-116.1216125488
10715.9394531250	-116.1114883423
10753.0419921875	-116.1106872559
10790.2841796875	-116.1184387207
10827.6562500000	-116.1344604492
10865.1572265625	-115.8677444458
10902.7880859375	-112.5207138062
10940.5498046875	-105.6332397461
10978.4414062500	-96.8168792725
11016.4648437500	-89.4705963135
11054.6074218750	-83.1661911011
11092.8945312500	-77.7778625488
11131.3144531250	-73.3430633545
11169.8671875000	-69.6224441528
11208.5537109375	-66.4485397339
11247.3740234375	-63.7877540588
11286.3291015625	-61.6941299438
11325.4189453125	-60.1515655518
11364.6308593750	-59.0366706848
11403.9921875000	-58.3441467285
11443.4892578125	-58.0804672241
11483.1230468750	-58.3965454102
11522.8945312500	-59.1432456970
11562.8037109375	-60.3351364136
11602.8505859375	-61.9898796082
11643.0371093750	-64.2106552124
11683.3486328125	-67.0818252563
11723.8134765625	-70.5567474365
11764.4189453125	-74.7042999268
11805.1640625000	-79.6125564575
11846.0507812500	-85.5780944824
11887.0791015625	-92.9381256104
11928.2490234375	-101.7372970581
11969.5625000000	-110.0651550293
12011.0048828125	-115.5687713623
12052.6044921875	-115.9460449219
12094.3486328125	-115.9972610474
12136.2363281250	-116.0609283447
12178.2695312500	-116.1412811279
12220.4492187500	-116.2237930298
12262.7734375000	-116.2946929932
12305.2451171875	-116.3436965942
12347.8505859375	-116.3658218384
12390.6162109375	-116.3680877686
12433.5312500000	-116.3600540161
12476.5937500000	-116.3500061035
12519.8056640625	-116.3430557251
12563.1679687500	-116.3407592773
12606.6796875000	-116.3446273804
12650.3427734375	-116.3497924805
12694.1562500000	-116.3548202515
12738.1074218750	-116.3580398560
12782.2255859375	-116.3548660278
12826.4960937500	-116.3384628296
12870.9199218750	-116.3037033081
12915.4980468750	-116.2515869141
12960.2304687500	-116.1953582764
13005.1171875000	-116.1493530273
13050.1601562500	-116.1208572388
13095.3447265625	-116.1091079712
13140.6992187500	-116.1077346802
13186.2119140625	-116.1086044312
13231.8818359375	-116.1052551270
13277.7099609375	-116.0946655273
13323.6962890625	-116.0777664185
13369.8427734375	-116.0600585938
13416.1484375000	-116.0492019653
13462.5996093750	-116.0532150269
13509.2265625000	-116.0772323608
13556.0156250000	-116.1196060181
13602.9658203125	-116.1700973511
13650.0791015625	-116.2119827271
13697.3554687500	-116.2279739380
13744.7958984375	-116.2079086304
13792.4003906250	-116.1542053223
13840.1542968750	-116.0818405151
13888.0888671875	-116.0119781494
13936.1904296875	-115.9626312256
13984.4570312500	-115.9420471191
14032.8916015625	-115.9424362183
14081.4941406250	-115.9516525269
14130.2646484375	-115.9618148804
14179.2041015625	-115.9752883911
14228.2978515625	-116.0020446777
14277.5771484375	-116.0509109497
14327.0263671875	-116.1189880371
14376.6474609375	-116.1884613037
14426.4404296875	-116.2357559204
14476.4052734375	-116.2448043823
14526.5439453125	-116.2145919800
14576.8564453125	-116.1573638916
14627.3261718750	-116.0894088745
14677.9873046875	-115.9874572754
14728.8242187500	-113.6785125732
14779.8369140625	-105.0202636719
14831.0253906250	-96.0312957764
14882.3925781250	-88.7122192383
14933.9365234375	-82.8390274048
14985.6601562500	-78.1595611572
15037.5458984375	-74.5041275024
15089.6269531250	-71.7605972290
15141.8896484375	-69.8550643921
15194.3330078125	-68.7406387329
15246.9580078125	-68.3912429810
15299.7646484375	-68.7985153198
15352.7548828125	-69.9708251953
15405.9287109375	-71.9342346191
15459.2695312500	-74.7356414795
15512.8115234375	-78.4489822388
15566.5390625000	-83.1864547729
15620.4531250000	-89.1179580688
15674.5546875000	-96.4959640503
15728.8427734375	-105.5357589722
15783.3183593750	-114.0870895386
15837.9833984375	-116.1070709229
15892.8369140625	-116.0840530396
15947.8642578125	-116.0184707642
16003.0986328125	-115.9887008667
16058.5244140625	-115.9740142822
16114.1425781250	-115.9745788574
16169.9531250000	-115.9864883423
16225.9570312500	-116.0021972656
16282.1552734375	-116.0124588013
16338.5478515625	-116.0086593628
16395.1171875000	-115.9876174927
16451.9003906250	-115.9363479614
16508.8808593750	-115.8915023804
16566.0585937500	-115.8815460205
16623.4355468750	-115.8929367065
16681.0097656250	-115.9262466431
16738.7832031250	-115.9768829346
16796.7578125000	-116.0330886841
16854.9140625000	-116.0778198242
16913.2890625000	-116.0867156982
16971.8691406250	-116.0315017700
17030.6503906250	-115.9685821533
17089.6347656250	-115.9068679810
17148.8242187500	-115.8641433716
17208.2167968750	-115.8558425903
17267.8183593750	-115.9240875244
17327.6054687500	-116.0372390747
17387.6191406250	-116.0919189453
17447.8398437500	-116.0985488892
17508.2695312500	-116.0580062866
17568.9082031250	-115.9678115845
17629.7578125000	-115.9155731201
17690.8164062500	-115.9203720093
17752.0878906250	-115.9391784668
17813.5527343750	-115.9549026489
17875.2500000000	-115.9688415527
17937.1582031250	-115.9978866577
17999.2832031250	-116.0371475220
18061.6230468750	-116.0777740479
18124.1796875000	-116.1038665771
18186.9511718750	-116.0961990356
18249.9414062500	-116.0496444702
18313.1289062500	-116.0038223267
18376.5546875000	-115.9467773438
18440.2011718750	-115.8473281860
18504.0683593750	-115.5541305542
18568.1562500000	-110.2201538086
18632.4667968750	-99.3075027466
18697.0000000000	-84.9924011230
18761.7558593750	-76.8310241699
18826.7148437500	-72.1443862915
18891.9199218750	-66.8938140869
18957.3515625000	-63.8216285706
19023.0097656250	-62.7013359070
19088.8945312500	-62.3461303711
19155.0078125000	-63.2918777466
19221.3515625000	-65.8719940186
19287.9238281250	-68.6678924561
19354.7050781250	-74.1274719238
19421.7382812500	-83.0414276123
19489.0058593750	-90.4469528198
19556.5039062500	-102.4302368164
19624.2382812500	-115.9128646851
19692.2050781250	-116.0494995117
19760.4082031250	-115.9990005493
19828.8476562500	-115.9028320313
19897.5019531250	-115.8432540894
19966.4160156250	-115.8237152100
20035.5683593750	-115.8760452271
20104.9609375000	-115.9329681396
20174.5937500000	-115.9896240234
20244.4667968750	-115.9882965088
20314.5839843750	-115.9185485840
20384.9414062500	-115.8380508423
20455.5449218750	-115.8078155518
20526.3691406250	-115.8148803711
20597.4609375000	-115.8516998291
20668.7988281250	-115.8809890747
20740.3847656250	-115.8925781250
20812.2187500000	-115.8988494873
20884.3007812500	-115.9346771240
20956.6328125000	-116.0057373047
21029.2148437500	-116.0842742920
21102.0253906250	-116.1138381958
21175.1113281250	-116.0632171631
21248.4492187500	-115.9984436035
21322.0429687500	-115.9820251465
21395.8906250000	-116.0158920288
21469.9941406250	-116.0811157227
21544.3554687500	-116.1246490479
21618.9726562500	-116.1265106201
21693.8242187500	-116.1021881104
21768.9609375000	-116.0812530518
21844.3574218750	-116.0501556396
21920.0136718750	-115.9888229370
21995.9316406250	-115.8979721069
22072.1152343750	-115.8116989136
22148.5605468750	-115.7666473389
22225.2714843750	-115.7694549561
22302.2226562500	-115.8111038208
22379.4648437500	-115.5960159302
22456.9746093750	-107.7907485962
22534.7539062500	-98.5246505737
22612.8027343750	-89.7499313354
22691.1210937500	-84.3504180908
22769.7109375000	-80.5361785889
22848.5722656250	-78.5595321655
22927.6816406250	-78.3947906494
23007.0898437500	-80.6284484863
23086.7753906250	-84.5047073364
23166.7343750000	-89.9518432617
23246.9707031250	-98.7868881226
23327.4863281250	-108.0481796265
23408.2792968750	-115.8062591553
23489.3535156250	-115.8962478638
23570.6816406250	-115.7866821289
23652.3183593750	-115.6620178223
23734.2363281250	-115.6169357300
23816.4394531250	-115.7212677002
23898.9257812500	-115.8629913330
23981.6992187500	-115.9882431030
24064.7578125000	-116.0807189941
24148.1054687500	-116.0988616943
24231.7148437500	-115.9716949463
24315.6406250000	-115.7900085449
24399.8574218750	-115.6107864380
24484.3652343750	-115.4781951904
24569.1640625000	-115.4744873047
24654.2597656250	-115.5319824219
24739.6484375000	-115.6389770508
24825.3320312500	-115.7234191895
24911.2871093750	-115.7760314941
24997.5664062500	-115.7721405029
25084.1445312500	-115.7063217163
25171.0214843750	-115.6425704956
25258.1992187500	-115.5957107544
25345.6816406250	-115.5913238525
25433.4648437500	-115.6213760376
25521.5527343750	-115.6482467651
25609.9453125000	-115.6382446289
25698.6152343750	-115.5690841675
25787.6210937500	-115.5045242310
25876.9355468750	-115.4602737427
25966.5585937500	-115.4469757080
26056.4941406250	-115.4732666016
26146.7382812500	-115.4369964600
26237.2968750000	-107.0980224609
26328.1679687500	-90.6064682007
26419.3261718750	-79.4972610474
26510.8281250000	-72.4951171875
26602.6464843750	-69.4140167236
26694.7832031250	-68.1023941040
26787.2402343750	-68.8615264893
26880.0156250000	-72.6057052612
26973.1132812500	-79.6706542969
27066.5351562500	-90.8399734497
27160.2480468750	-104.8973693848
27254.3164062500	-114.2295913696
27348.7109375000	-115.4413681030
27443.4316406250	-115.3810882568
27538.4804687500	-115.3311843872
27633.8593750000	-115.3360366821
27729.5683593750	-115.3781280518
27825.6074218750	-115.4186859131
27921.9492187500	-115.4422988892
28018.6562500000	-115.4469680786
28115.6972656250	-115.4122161865
28213.0742187500	-115.3944320679
28310.7890625000	-115.4522094727
28408.8417968750	-115.5107421875
28507.2343750000	-115.5016250610
28605.9687500000	-115.4626693726
28705.0136718750	-115.4130020142
28804.4316406250	-115.3332214355
28904.1933593750	-115.2984619141
29004.3027343750	-115.3656997681
29104.7578125000	-115.4293365479
29205.5605468750	-115.4219589233
29306.7128906250	-115.4009246826
29408.2148437500	-115.3993835449
29510.0371093750	-115.4237060547
29612.2441406250	-115.4944763184
29714.8046875000	-115.5454330444
29817.7207031250	-115.4853134155
29920.9921875000	-115.3900375366
30024.6230468750	-90.8037109375
30128.6113281250	-89.3600616455
30232.9609375000	-88.2293472290
30337.6367187500	-87.3860473633
30442.7109375000	-87.0679702759
30548.1464843750	-86.9762954712
30653.9492187500	-87.2982177734
30760.1171875000	-88.0299301147
30866.6542968750	-89.0068588257
30973.5585937500	-90.5517654419
31080.8339843750	-92.4397430420
31188.4472656250	-94.6581649780
31296.4667968750	-97.5593872070
31404.8613281250	-100.7748489380
31513.6308593750	-104.4513092041
31622.7773437500	-108.2778244019
31732.3007812500	-111.7174224854
31842.2031250000	-113.9185485840
31952.4882812500	-114.8577041626
32063.1542968750	-115.2228393555
32174.1679687500	-115.2925949097
32285.6015625000	-115.3400878906
32397.4218750000	-115.3736953735
32509.6289062500	-115.3945617676
32622.2246093750	-115.4083480835
32735.2089843750	-115.4114990234
32848.5859375000	-115.3681106567
32962.3554687500	-115.0240173340
33076.4843750000	-114.2697067261
33191.0429687500	-112.0774307251
33305.9960937500	-109.0238800049
33421.3515625000	-105.5549240112
33537.1054687500	-102.2224884033
33653.2578125000	-99.3657073975
33769.8164062500	-96.8793411255
33886.7773437500	-94.9132003784
34004.1054687500	-93.5048522949
34121.8750000000	-92.4684371948
34240.0546875000	-91.8466186523
34358.6445312500	-91.8354034424
34477.6445312500	-92.1999282837
34597.0546875000	-92.9471359253
34716.8789062500	-94.3146362305
34837.1210937500	-96.1637802124
34957.7382812500	-98.4448852539
35078.8125000000	-101.2770538330
35200.3085937500	-104.7036056519
35322.2226562500	-108.2645721436
35444.5585937500	-111.7463760376
35567.3203125000	-113.8499603271
35690.5039062500	-114.8003692627
35814.1171875000	-115.1260757446
35938.1171875000	-115.1705780029
36062.5898437500	-115.1762619019
36187.4921875000	-115.1718521118
36312.8242187500	-115.1572113037
36438.5898437500	-115.1285934448
36564.7968750000	-115.0809326172
36691.4375000000	-114.9026107788
36818.5156250000	-114.3009490967
36945.9921875000	-112.5582809448
37073.9531250000	-108.9385452271
37202.3593750000	-104.9399795532
37331.2070312500	-101.0025787354
37460.5000000000	-97.5882186890
37590.2460937500	-94.9383850098
37720.4375000000	-92.8364639282
37851.0781250000	-91.2730636597
37982.1328125000	-90.2382507324
38113.6835937500	-89.9060211182
38245.6875000000	-90.1167755127
38378.1484375000	-90.8558502197
38511.0703125000	-92.1378326416
38644.4531250000	-94.0498657227
38778.2968750000	-96.7183074951
38912.6015625000	-100.0165405273
39047.3320312500	-103.8901519775
39182.5703125000	-108.1408691406
39318.2773437500	-112.0447540283
39454.4531250000	-113.9546737671
39591.1015625000	-114.7022476196
39728.2265625000	-114.8517150879
39865.8203125000	-114.8581390381
40003.8945312500	-114.8384933472
40142.4453125000	-114.7972717285
40281.4335937500	-114.7435302734
40420.9453125000	-114.6741409302
40560.9414062500	-114.5116577148
40701.4257812500	-114.0362854004
40842.3906250000	-112.2983016968
40983.8476562500	-108.9632110596
41125.7929687500	-105.2058868408
41268.2304687500	-101.6642379761
41411.1171875000	-98.6955184937
41554.5390625000	-96.3982772827
41698.4648437500	-94.8297119141
41842.8828125000	-94.0158386230
41987.8046875000	-93.8589248657
42133.2265625000	-94.3657989502
42279.1523437500	-95.5513534546
42425.5859375000	-97.4373703003
42572.4765625000	-100.0452651978
42719.9257812500	-103.4115600586
42867.8828125000	-107.4099349976
43016.3554687500	-111.1310348511
43165.3398437500	-113.4727783203
43314.8437500000	-114.4327087402
43464.8593750000	-114.6200942993
43615.3984375000	-114.6061172485
43766.4101562500	-114.5560531616
43917.9960937500	-114.4989089966
44070.1015625000	-114.4536743164
44222.7382812500	-114.4254302979
44375.9023437500	-114.3733749390
44529.5937500000	-114.0727691650
44683.8203125000	-112.9275894165
44838.5820312500	-110.5315551758
44993.8281250000	-107.2626647949
45149.6601562500	-103.9824371338
45306.0351562500	-101.2684631348
45462.9492187500	-99.3042449951
45620.4101562500	-98.1270065308
45778.4140625000	-97.7408447266
45936.9648437500	-98.1986923218
46096.0664062500	-99.4737243652
46255.6679687500	-101.5675582886
46415.8710937500	-104.4579086304
46576.6289062500	-107.9444885254
46737.9453125000	-111.3188247681
46899.8203125000	-113.5180130005
47062.2578125000	-114.3534698486
47225.2539062500	-114.4564285278
47388.8164062500	-114.3578109741
47552.8945312500	-114.2302017212
47717.5898437500	-114.1197128296
47882.8593750000	-114.0468063354
48048.6992187500	-114.0150299072
48215.1132812500	-114.0109863281
48382.1054687500	-114.0005035400
48549.6718750000	-113.9050216675
48717.8242187500	-113.5726242065
48886.5000000000	-112.8413391113
49055.8164062500	-112.1635208130
49225.7187500000	-110.9153289795
49396.2109375000	-109.8550872803
49567.2929687500	-109.2759552002
49738.9648437500	-109.3078994751
49911.2343750000	-109.9485931396
50084.1015625000	-111.0585021973
50257.5664062500	-112.3220901489
50431.5742187500	-113.3141403198
50606.2421875000	-113.8583374023
50781.5156250000	-113.8703765869
50957.3945312500	-113.8022766113
51133.8828125000	-113.7615356445
51310.9804687500	-113.7625579834
51488.6953125000	-113.7943725586
51667.0234375000	-113.8322067261
51845.9140625000	-113.8567886353
52025.4804687500	-113.8639907837
52205.6679687500	-113.8466720581
52386.4804687500	-113.7409667969
52567.9179687500	-113.3705291748
52749.9843750000	-112.5401840210
52932.6796875000	-111.3235244751
53116.0117187500	-110.0955352783
53299.9179687500	-109.2277755737
53484.5195312500	-109.0776062012
53669.7617187500	-110.0913391113
53855.6445312500	-111.2686157227
54042.1679687500	-112.4143905640
54229.3398437500	-113.2147598267
54417.1640625000	-113.6269531250
54605.6328125000	-113.8024673462
54794.6992187500	-113.8663482666
54984.4765625000	-113.8708801270
55174.9140625000	-113.8429031372
55366.0078125000	-113.7878646851
55557.7656250000	-113.7401580811
55750.1875000000	-113.7008743286
55943.2773437500	-113.5875473022
56137.0351562500	-113.0817718506
56331.3984375000	-111.4746475220
56526.5000000000	-108.6485290527
56722.2773437500	-104.1114425659
56918.7343750000	-101.2803497314
57115.8671875000	-100.4174499512
57313.6875000000	-100.4436035156
57512.1914062500	-101.3571777344
57711.3789062500	-103.1418075562
57911.1992187500	-106.9775009155
58111.7695312500	-111.4733428955
58313.0390625000	-112.9452056885
58515.0039062500	-113.3915023804
58717.6679687500	-113.4855346680
58921.0312500000	-113.4953460693
59125.1015625000	-113.4698410034
59329.8789062500	-113.4604187012
59535.3007812500	-113.4201736450
59741.5000000000	-112.5563888550
59948.4101562500	-103.9101867676
60156.0390625000	-96.0011062622
60364.3867187500	-91.4195480347
60573.4570312500	-87.9862976074
60783.2500000000	-84.8560562134
60993.7695312500	-83.7718429565
61204.9531250000	-84.2637557983
61416.9335937500	-85.7038269043
61629.6484375000	-89.5315170288
61843.0976562500	-96.2409286499
62057.2890625000	-102.0604629517
62272.2226562500	-108.4643707275
62487.8984375000	-112.8464279175
62704.3203125000	-113.2493362427
62921.4257812500	-113.2339935303
63139.3515625000	-113.1843261719
63358.0312500000	-113.1399078369
63577.4687500000	-113.1369247437
63797.6679687500	-113.1491317749
64018.6289062500	-113.0882644653
64240.3554687500	-112.7910995483
64462.8476562500	-112.4160614014
64686.1093750000	-111.9068527222
64910.0781250000	-111.7671279907
65134.8906250000	-111.9637222290
65360.4804687500	-112.4045333862
65586.8515625000	-112.7035140991
65814.0156250000	-112.7605972290
66041.9531250000	-112.7848663330
66270.6875000000	-112.8237380981
66500.2109375000	-112.8533248901
66730.4609375000	-112.8629150391
66961.5781250000	-112.8376235962
67193.5000000000	-112.8252334595
67426.2187500000	-112.8470764160
67659.7500000000	-112.8239593506
67894.0859375000	-112.3871459961
68129.2343750000	-111.3655471802
68365.1953125000	-110.5038909912
68601.8984375000	-109.7331466675
68839.5000000000	-109.8381576538
69077.9218750000	-110.8191070557
69317.1718750000	-111.9169464111
69557.2421875000	-112.3360595703
69798.1562500000	-112.5014419556
70039.8984375000	-112.4556961060
70282.4765625000	-112.3800888062
70525.8203125000	-112.3515548706
70770.0859375000	-112.3593673706
71015.1875000000	-112.3629989624
71261.1484375000	-112.3654251099
71507.9609375000	-112.3029022217
71755.6250000000	-112.0555419922
72004.1484375000	-111.1217727661
72253.5312500000	-110.0339660645
72503.6953125000	-109.5897827148
72754.8125000000	-109.9871444702
73006.7890625000	-110.9888305664
73259.6484375000	-111.8163223267
73513.3828125000	-112.0612030029
73767.9921875000	-112.1281738281
74023.4843750000	-112.2229309082
74279.8593750000	-112.3416671753
74537.0390625000	-112.4112396240
74795.1953125000	-112.4145812988
75054.2500000000	-112.3468017578
75314.1953125000	-112.1767196655
75575.0390625000	-111.4905471802
75836.7890625000	-109.6188049316
76099.4453125000	-108.3703308105
76363.0156250000	-108.2260589600
76627.4140625000	-109.1025238037
76892.8046875000	-110.5423583984
77159.1250000000	-111.6379547119
77426.3593750000	-111.9372940063
77694.5234375000	-111.9940032959
77963.6093750000	-112.0078506470
78233.6328125000	-111.9993972778
78504.5937500000	-111.9754257202
78776.4062500000	-111.9642257690
79049.2421875000	-111.5413894653
79323.0234375000	-109.8770599365
79597.7578125000	-106.7383880615
79873.4453125000	-104.3570861816
80150.0781250000	-103.5947113037
80427.6796875000	-105.1088409424
80706.2343750000	-107.9554138184
80985.7578125000	-110.5860824585
81266.1562500000	-111.9123153687
81547.6171875000	-111.9608993530
81830.0546875000	-111.9542694092
82113.4687500000	-111.9444732666
82397.8671875000	-111.8472747803
82683.2500000000	-111.6869583130
82969.6171875000	-111.5457992554
83256.9765625000	-111.5185699463
83545.2421875000	-111.5373992920
83834.6015625000	-111.5880737305
84124.9531250000	-111.6346893311
84416.3203125000	-111.6467361450
84708.6875000000	-111.6453628540
85002.0781250000	-111.6435089111
85296.4765625000	-111.6284713745
85591.8984375000	-111.5974960327
85888.2500000000	-111.5851287842
86185.7187500000	-111.5904083252
86484.2187500000	-111.5472335815
86783.7500000000	-111.1974487305
87084.3203125000	-109.0292892456
87385.9375000000	-105.7755737305
87688.5937500000	-104.4179458618
87992.2968750000	-105.1717224121
88296.9609375000	-107.3519668579
88602.7734375000	-110.4076538086
88909.6406250000	-111.3355941772
89217.5781250000	-111.3528060913
89526.5781250000	-111.2733078003
89836.6484375000	-111.1606445313
90147.7968750000	-111.0907516479
90460.0156250000	-111.1575012207
90773.2187500000	-111.0284576416
91087.6093750000	-110.1543350220
91403.0859375000	-109.2895584106
91719.6562500000	-109.3293075562
92037.3281250000	-109.9796905518
92356.0937500000	-110.7453155518
92675.9609375000	-110.9457473755
92996.9453125000	-110.9636001587
93318.9296875000	-110.9900131226
93642.1328125000	-111.0214385986
93966.4609375000	-111.0050811768
94291.9062500000	-110.3407745361
94618.4843750000	-106.8448562622
94946.1953125000	-103.6167373657
95275.0312500000	-101.5922317505
95605.0156250000	-101.6170425415
95936.0312500000	-104.6430053711
96268.3046875000	-108.9853973389
96601.7265625000	-110.7161560059
96936.2968750000	-110.8268890381
97272.0312500000	-110.8792648315
97608.9296875000	-110.9133148193
97946.9921875000	-110.8796539307
98286.2265625000	-110.7671737671
98626.5312500000	-110.4683303833
98968.1171875000	-109.9776153564
99310.8906250000	-109.8660202026
99654.8515625000	-110.3133697510
100000.0000000000	-109.6999969482
100346.3437500000	-109.1473388672
100693.8906250000	-108.3742446899
101042.6406250000	-107.3579940796
101392.5937500000	-106.3445968628
101743.6562500000	-105.3573760986
102096.0390625000	-104.6045150757
102449.6406250000	-104.0724182129
102804.4687500000	-103.7520294189
103160.5312500000	-103.7650909424
103517.8203125000	-104.0728454590
103876.3515625000	-104.5857772827
104236.1250000000	-105.3167343140
104597.0234375000	-106.1782455444
104959.2890625000	-106.9771423340
105322.8125000000	-107.6630020142
105687.5937500000	-108.0134735107
106053.6406250000	-108.1575775146
106420.9531250000	-108.2001113892
106789.5312500000	-108.2076797485
107159.3906250000	-108.2902832031
107530.4218750000	-108.3957977295
107902.8437500000	-108.4864044189
108276.5625000000	-108.4605331421
108651.5703125000	-108.1931381226
109027.8828125000	-107.7756881714
109405.4921875000	-107.2498474121
109784.4140625000	-106.7377014160
110164.6484375000	-106.3939132690
110546.0781250000	-106.2347946167
110928.9453125000	-106.2825927734
111313.1484375000	-106.6040267944
111698.6718750000	-107.1147232056
112085.5390625000	-107.7083969116
112473.7421875000	-108.3191757202
112863.2890625000	-108.8270263672
113254.1875000000	-109.1282348633
113646.3125000000	-109.2902526855
114039.9218750000	-109.3521499634
114434.8906250000	-109.3657226563
114831.2343750000	-109.3949966431
115228.9453125000	-109.4446029663
115628.0312500000	-109.5005569458
116028.5078125000	-109.5457687378
116430.3671875000	-109.5480880737
116833.4921875000	-109.4723510742
117238.1406250000	-109.2328720093
117644.1875000000	-108.5114440918
118051.6406250000	-106.9033737183
118460.5078125000	-103.6659774780
118870.7890625000	-99.7896957397
119282.4921875000	-96.0725555420
119695.6250000000	-92.7675857544
120110.0546875000	-89.9858474731
120526.0468750000	-87.7712249756
120943.4843750000	-86.1922073364
121362.3671875000	-85.1152114868
121782.6953125000	-84.5353698730
122204.4843750000	-84.4519729614
122627.7343750000	-84.8689727783
123052.4531250000	-85.8499374390
123478.5000000000	-87.4368743896
123906.1640625000	-89.5824203491
124335.3125000000	-92.3079452515
124765.9375000000	-95.6058578491
125198.0625000000	-99.3756027222
125631.6796875000	-103.3231658936
126066.7968750000	-106.1856231689
126503.4218750000	-107.6091384888
126941.5625000000	-108.2825317383
127381.0781250000	-108.6613922119
127822.2578125000	-108.9382476807
128264.9609375000	-109.1183471680
128709.2031250000	-109.1902847290
129154.9843750000	-109.1797866821
129602.3046875000	-109.1349258423
130051.1796875000	-109.0528640747
130501.6015625000	-108.8747100830
130953.4453125000	-108.5184631348
131407.0000000000	-107.9376220703
131862.1250000000	-107.1732635498
132318.8125000000	-106.3627853394
132777.0937500000	-105.6822586060
133236.9687500000	-105.2924880981
133698.4218750000	-105.2725830078
134161.4843750000	-105.5987625122
134626.0000000000	-106.2012939453
135092.2656250000	-106.9399185181
135560.1562500000	-107.6278381348
136029.6562500000	-108.1119689941
136500.7968750000	-108.3527908325
136973.5625000000	-108.4262847900
137447.9531250000	-108.4383163452
137924.0000000000	-108.4340286255
138401.5468750000	-108.3728866577
138880.8906250000	-108.1650390625
139361.9062500000	-107.7558975220
139844.5781250000	-107.2117614746
140328.9218750000	-106.7060012817
140814.9375000000	-106.3872985840
141302.6406250000	-106.3414001465
141792.0468750000	-106.5778732300
142282.9843750000	-107.0281372070
142775.7656250000	-107.5567245483
143270.2656250000	-108.0074462891
143766.4687500000	-108.2834320068
144264.4062500000	-108.3914566040
144764.0625000000	-108.4032440186
145265.4375000000	-108.3818511963
145768.5625000000	-108.3395767212
146273.2656250000	-108.2439727783
146779.8750000000	-108.0580825806
147288.2343750000	-107.6635894775
147798.3593750000	-107.3877639771
148310.2500000000	-107.2304458618
148823.9218750000	-107.2421722412
149339.3750000000	-107.4077453613
149856.5937500000	-107.6547698975
150375.4531250000	-107.8887329102
150896.2656250000	-108.0432434082
151418.8906250000	-108.1108627319
151943.3281250000	-108.1294479370
152469.5781250000	-108.1435470581
152997.6406250000	-108.1733856201
153527.5468750000	-108.2018966675
154059.2812500000	-108.1820373535
154592.6875000000	-108.0699081421
155128.1093750000	-107.8697586060
155665.3906250000	-107.6481246948
156204.5312500000	-107.4974594116
156745.5468750000	-107.4836120605
157288.4218750000	-107.6138687134
157833.1875000000	-107.8333740234
158379.8281250000	-108.0495223999
158928.3750000000	-108.1945419312
159478.6406250000	-108.1621856689
160030.9843750000	-108.0966720581
160585.2500000000	-108.0347366333
161141.4218750000	-107.9593582153
161699.5312500000	-107.8280181885
162259.5781250000	-107.6116714478
162821.5468750000	-107.3337783813
163385.4687500000	-107.0716400146
163951.1718750000	-106.9148788452
164519.0156250000	-106.9950942993
165088.8125000000	-107.3176727295
165660.5937500000	-107.5546722412
166234.3437500000	-107.7107925415
166810.0937500000	-107.7694549561
167387.8281250000	-107.7625961304
167967.5781250000	-107.7324218750
168549.1406250000	-107.7039337158
169132.9062500000	-107.6701126099
169718.6875000000	-107.6291351318
170306.5000000000	-107.5926513672
170896.3437500000	-107.5565948486
171488.2343750000	-107.5310287476
172082.1718750000	-107.5211715698
172678.1718750000	-107.5238876343
173276.0468750000	-107.5227737427
173876.1875000000	-107.5205612183
174478.3906250000	-107.5305709839
175082.6875000000	-107.5609512329
175689.0781250000	-107.6335525513
176297.5781250000	-107.6970367432
176908.1718750000	-107.7134323120
177520.8906250000	-107.7091064453
178135.5312500000	-107.6907272339
178752.4843750000	-107.5511703491
179371.5937500000	-106.6673049927
179992.8437500000	-104.6860198975
180616.2343750000	-101.7708282471
181241.7968750000	-98.8036727905
181869.5156250000	-95.3387756348
182499.4062500000	-93.4600524902
183131.2812500000	-93.1162185669
183765.5468750000	-93.5002975464
184402.0156250000	-95.4305572510
185040.6875000000	-98.9372177124
185681.5625000000	-101.8992156982
186324.6718750000	-104.7586288452
186969.9843750000	-106.9896392822
187617.5468750000	-107.5184783936
188267.1562500000	-107.5355987549
188919.2031250000	-107.5185241699
189573.5156250000	-107.4692230225
190230.0937500000	-107.4101028442
190888.9531250000	-107.3357772827
191550.0937500000	-107.2260284424
192213.5156250000	-107.1445388794
192879.2343750000	-107.1019363403
193547.0468750000	-107.0224456787
194217.3906250000	-106.9479293823
194890.0468750000	-106.9373931885
195565.0468750000	-106.9878234863
196242.3750000000	-107.0466842651
196922.0468750000	-107.0633087158
197604.0781250000	-107.0785522461
198288.4843750000	-107.1111602783
198975.0156250000	-107.1342010498
199664.1562500000	-107.1121749878
200355.6875000000	-106.9973144531
201049.6093750000	-106.8683700562
201745.9375000000	-106.7054519653
202444.6718750000	-106.6786727905
203145.8281250000	-106.8185348511
203849.4218750000	-106.9353179932
204555.4375000000	-106.9073791504
205263.6875000000	-106.7489852905
205974.6093750000	-106.6270980835
206688.0000000000	-106.6699752808
207403.8437500000	-106.7827835083
208122.1875000000	-106.8273468018
208843.0000000000	-106.8014907837
209566.3125000000	-106.7512435913
210292.1406250000	-106.7791519165
211020.2500000000	-106.8701705933
211751.1093750000	-106.9419937134
212484.5000000000	-106.9443206787
213220.4218750000	-106.9138107300
213958.9062500000	-106.8517761230
214699.9375000000	-106.6738128662
215443.5468750000	-106.0163650513
216189.7343750000	-105.0174713135
216938.2500000000	-104.2047271729
217689.6093750000	-104.0259933472
218443.5625000000	-104.6724166870
219200.1406250000	-105.6557159424
219959.3281250000	-106.3077087402
220721.1406250000	-106.5032119751
221485.5937500000	-106.3992996216
222252.7031250000	-106.0508728027
223022.2187500000	-104.9637908936
223794.6562500000	-103.5039749146
224569.7500000000	-102.4242095947
225347.5468750000	-102.2118530273
226128.0156250000	-103.0919342041
226911.2031250000	-104.4945983887
227697.0937500000	-105.4211349487
228485.7187500000	-105.6374664307
229276.8125000000	-105.5825271606
230070.9062500000	-105.2412338257
230867.7500000000	-104.2083129883
231667.3437500000	-102.7551498413
232469.7187500000	-101.8771514893
233274.8593750000	-102.1296081543
234082.7968750000	-103.7680587769
234893.5312500000	-105.2849273682
235706.8281250000	-106.0535736084
236523.1875000000	-106.3473358154
237342.3750000000	-106.4553146362
238164.3906250000	-106.2947616577
238989.2656250000	-105.8609924316
239816.9843750000	-104.5558624268
240647.5937500000	-100.1627960205
241481.0625000000	-92.6059875488
242317.1562500000	-85.7748489380
243156.4062500000	-82.7150039673
243998.5625000000	-81.4101409912
244843.6406250000	-82.1693725586
245691.6562500000	-84.7281341553
246542.5937500000	-88.9353942871
247396.4843750000	-97.3657150269
248253.3281250000	-104.3517761230
249112.8593750000	-106.0945053101
249975.6562500000	-106.4918518066
250841.4375000000	-106.5116958618
251710.2187500000	-106.4242095947
252582.0000000000	-106.2075271606
253456.8125000000	-105.1318969727
254334.6406250000	-103.7858276367
255215.5156250000	-102.7762756348
256099.4531250000	-102.8197708130
256986.1562500000	-104.2310638428
257876.2187500000	-105.1979980469
258769.3593750000	-105.2706909180
259665.5937500000	-105.1687088013
260564.9375000000	-105.0676727295
261467.3906250000	-104.1992263794
262372.9687500000	-102.7770462036
263281.6875000000	-101.8832092285
264193.2500000000	-102.7903060913
265108.2812500000	-104.8133773804
266026.4687500000	-105.9739913940
266947.8437500000	-106.2799835205
267872.4062500000	-106.2305526733
268800.1562500000	-105.4444732666
269731.1562500000	-103.9468612671
270665.3437500000	-103.1896438599
271602.4687500000	-103.5655822754
272543.1562500000	-104.6207962036
273487.0937500000	-105.8476943970
274434.3125000000	-106.1591415405
275384.8125000000	-106.2247467041
276338.5937500000	-106.2851562500
277295.6875000000	-106.1539688110
278256.0625000000	-106.0213241577
279219.5000000000	-106.0795745850
280186.5625000000	-106.2435150146
281156.9687500000	-106.3896560669
282130.7500000000	-106.4322128296
283107.9062500000	-106.4826278687
284088.4375000000	-106.3932495117
285072.3437500000	-106.0600967407
286059.6875000000	-105.8598632813
287050.1250000000	-106.0609817505
288044.3125000000	-106.1928176880
289041.9375000000	-103.8372268677
290043.0312500000	-97.9992752075
291047.5625000000	-93.3657760620
292055.5937500000	-91.4389648438
293067.1250000000	-92.3157577515
294082.1562500000	-95.9735488892
295100.3750000000	-101.7868118286
296122.4375000000	-105.9346389771
297148.0312500000	-106.5698089600
298177.1875000000	-106.5149536133
299209.9062500000	-106.3853073120
300246.2187500000	-100.5182571411
301286.1250000000	-100.2245101929
302329.5937500000	-99.7461013794
303376.3750000000	-99.2724990845
304427.0937500000	-99.0302429199
305481.4687500000	-98.9873886108
306539.5000000000	-99.2335815430
307601.1875000000	-99.8263549805
308666.5312500000	-100.6245269775
309735.5937500000	-101.6268615723
310808.3437500000	-102.8137741089
311884.4687500000	-103.9504241943
312964.6875000000	-104.9913330078
314048.6250000000	-105.7155075073
315136.3125000000	-106.1436920166
316227.7812500000	-106.3920211792
317323.0000000000	-106.4926147461
318422.0312500000	-106.5209045410
319524.8750000000	-106.5334701538
320631.5312500000	-106.5353546143
321741.6875000000	-106.5301132202
322856.0312500000	-106.5214843750
323974.2187500000	-106.5126647949
325096.2812500000	-106.5051498413
326222.2500000000	-106.5033187866
327352.0937500000	-106.5063323975
328485.8750000000	-106.5115280151
329623.5625000000	-106.5167999268
330764.8437500000	-106.5078506470
331910.4062500000	-106.4717025757
333059.9687500000	-106.4015045166
334213.5312500000	-106.2904586792
335371.0625000000	-106.1239166260
336532.5937500000	-105.9389266968
337698.1562500000	-105.7521133423
338867.7500000000	-105.5756683350
340041.0312500000	-105.4233551025
341218.7500000000	-105.2800521851
342400.5625000000	-105.1356658936
343586.4375000000	-104.9896926880
344776.4375000000	-104.8491592407
345970.5625000000	-104.7568893433
347168.8125000000	-104.7291564941
348371.2187500000	-104.7713851929
349577.4062500000	-104.8817367554
350788.1250000000	-105.0478439331
352003.0625000000	-105.2099533081
353222.2187500000	-105.2714080811
354445.5937500000	-105.0466384888
355673.1875000000	-104.2942962646
356905.0625000000	-102.5305099487
358141.1875000000	-100.0795745850
359381.1875000000	-97.5525436401
360625.9062500000	-95.2224578857
361874.9062500000	-93.2670974731
363128.2500000000	-91.7773056030
364385.9062500000	-90.8768157959
365647.9375000000	-90.4547042847
366914.3437500000	-90.5154418945
368185.1562500000	-91.0644454956
369459.9375000000	-92.1066207886
370739.5312500000	-93.6698150635
372023.5937500000	-95.7924652100
373312.0625000000	-98.2576293945
374605.0312500000	-100.7588348389
375902.4375000000	-102.8581161499
377204.3750000000	-104.2091140747
378510.7812500000	-104.7908782959
379821.3437500000	-105.0096054077
381136.8125000000	-105.1839599609
382456.8750000000	-105.3562164307
383781.5000000000	-105.5219573975
385110.7187500000	-105.6740875244
386444.5312500000	-105.8074264526
387782.9687500000	-105.9147033691
389126.0312500000	-105.9825973511
390473.3125000000	-105.9959716797
391825.6875000000	-105.9764099121
393182.7812500000	-105.9531021118
394544.5312500000	-105.9475860596
395911.0312500000	-105.9660186768
397282.2500000000	-105.9988479614
398658.2187500000	-106.0269088745
400038.9375000000	-106.0304946899
401424.4687500000	-105.9967117310
402814.3437500000	-105.9227905273
404209.4687500000	-105.8196029663
405609.4375000000	-105.7149505615
407014.2500000000	-105.6321563721
408423.9062500000	-105.5803451538
409838.4687500000	-105.5485916138
411257.9375000000	-105.5143356323
412682.3125000000	-105.4575729370
414111.1562500000	-105.3473434448
415545.4062500000	-105.0574417114
416984.6250000000	-104.2700195313
418428.8437500000	-102.6247940063
419878.0625000000	-100.2061462402
421332.2812500000	-97.6233749390
422791.5312500000	-95.3905029297
424255.8750000000	-93.7302551270
425724.7812500000	-92.7148132324
427199.2500000000	-92.3868865967
428678.8437500000	-92.7324066162
430163.5625000000	-93.7526626587
431653.4062500000	-95.4374771118
433148.4062500000	-97.7230606079
434648.5937500000	-100.3785400391
436154.0000000000	-102.8232116699
437664.1250000000	-104.3206634521
439179.9375000000	-104.7844314575
440701.0312500000	-104.6865158081
442227.3750000000	-104.3067398071
443759.0000000000	-103.8615341187
445295.9375000000	-103.3576812744
446838.2187500000	-102.8673934937
448385.8125000000	-102.4479598999
449938.2812500000	-102.0359039307
451496.6250000000	-101.3237686157
453060.3437500000	-99.8907775879
454629.5000000000	-97.7789077759
456204.0937500000	-95.5337600708
457784.1562500000	-93.6115417480
459369.6562500000	-92.1856079102
460960.6562500000	-91.2290039063
462556.6562500000	-90.5779342651
464158.7187500000	-90.0031967163
465766.3125000000	-89.3669738770
467379.4687500000	-88.7411117554
468998.2187500000	-88.3080520630
470622.5625000000	-88.1853103638
472252.5625000000	-88.5097503662
473888.1875000000	-88.9313354492
475528.9375000000	-88.5401306152
477175.9062500000	-86.1888427734
478828.5937500000	-82.0446090698
480487.0000000000	-77.8100585938
482151.1250000000	-74.2672195435
483821.0312500000	-71.5541610718
485496.7500000000	-69.6571197510
487178.2187500000	-68.5445327759
488865.0000000000	-68.1944427490
490558.1875000000	-69.1438751221
492257.1875000000	-71.7178192139
493962.1250000000	-74.4827041626
495672.9375000000	-78.0679855347
497389.6562500000	-82.3110046387
499112.3437500000	-86.3929214478
500841.0000000000	-88.7537918091
502575.6562500000	-89.4399719238
504315.7500000000	-89.7380599976
506062.4062500000	-90.0429306030
507815.1250000000	-90.3867492676
509573.9375000000	-90.8761291504
511338.8125000000	-91.4245300293
513109.8125000000	-91.9186172485
514886.9375000000	-92.6565399170
516670.2500000000	-93.8844833374
518459.1250000000	-95.2671432495
520254.7812500000	-97.0968322754
522056.6562500000	-99.1689300537
523864.7812500000	-101.0364303589
525679.1875000000	-102.5704193115
527499.8125000000	-103.3644409180
529326.8125000000	-103.8861618042
531160.1250000000	-104.4631500244
532999.1875000000	-104.9698944092
534845.1875000000	-105.4068450928
536697.6250000000	-105.5607757568
538556.4375000000	-105.2839965820
540421.6875000000	-104.1642379761
542293.4375000000	-100.5754852295
544171.6250000000	-97.2149734497
546056.3125000000	-95.5131454468
547947.0000000000	-94.4870834351
549844.7500000000	-94.1650848389
551749.1250000000	-95.0661849976
553660.0625000000	-97.4239578247
555577.6875000000	-99.7819213867
557501.8750000000	-102.4141998291
559432.7500000000	-105.2302246094
561370.3125000000	-106.2923660278
563314.0000000000	-106.4049911499
565265.0000000000	-106.5456161499
567222.7500000000	-106.7347488403
569187.3125000000	-106.8720855713
571158.6875000000	-106.9846267700
573136.8750000000	-107.0433959961
575121.8750000000	-106.9985580444
577113.8125000000	-106.9237976074
579112.0000000000	-106.7191696167
581117.6875000000	-106.4159317017
583130.3750000000	-106.2259140015
585150.0000000000	-106.1825637817
587176.6875000000	-106.4423370361
589210.3125000000	-106.7440109253
591251.0000000000	-107.1428833008
593298.8125000000	-107.3659667969
595353.0000000000	-107.4001235962
597415.0000000000	-107.3774795532
599484.1250000000	-107.2473526001
601560.3750000000	-106.8283920288
603643.8750000000	-105.0019226074
605734.5625000000	-102.6412124634
607832.5000000000	-100.7894287109
609937.6875000000	-100.0832443237
612049.5000000000	-100.4188156128
614169.3125000000	-102.0085830688
616296.4375000000	-104.4860687256
618431.0000000000	-106.0475006104
620572.8750000000	-107.2548446655
622722.1875000000	-107.5429382324
624879.0000000000	-107.5089416504
627043.2500000000	-107.4901733398
629214.2500000000	-107.5448760986
631393.5000000000	-107.6633148193
633580.3125000000	-107.7641296387
635774.6875000000	-107.8968658447
637976.6875000000	-107.9935913086
640186.2500000000	-108.0445251465
642403.5625000000	-108.0625991821
644628.5000000000	-108.0760803223
646861.1250000000	-108.1306915283
649100.7500000000	-108.2377014160
651348.8750000000	-108.3299407959
653604.8125000000	-108.3227767944
655868.5625000000	-108.2311172485
658140.1250000000	-108.0963821411
660419.5625000000	-107.8914337158
662706.8750000000	-107.0652542114
665002.1250000000	-105.3614349365
667304.6250000000	-103.2042617798
669615.8125000000	-101.7849578857
671935.0000000000	-101.6687774658
674262.1875000000	-102.7085418701
676597.5000000000	-104.7267913818
678940.8125000000	-106.8628921509
681292.3125000000	-107.7935791016
683651.9375000000	-108.0323486328
686019.0000000000	-108.1317291260
688395.0000000000	-108.2771530151
690779.1875000000	-108.4147644043
693171.6875000000	-108.5251159668
695572.4375000000	-108.5483169556
697981.5625000000	-108.5180435181
700398.9375000000	-108.4652481079
702824.7500000000	-108.4364700317
705258.1875000000	-108.4606857300
707700.8125000000	-108.5323410034
710151.9375000000	-108.6014556885
712611.5000000000	-108.6137771606
715079.5625000000	-108.6013259888
717556.2500000000	-108.5192794800
720041.4375000000	-108.3190994263
722535.3125000000	-106.8801956177
725036.9375000000	-103.6161422729
727548.0625000000	-99.4749526978
730067.9375000000	-96.1135482788
732596.5000000000	-95.2739486694
735133.8125000000	-96.1665039063
737679.8750000000	-99.5808105469
740234.8125000000	-103.6755981445
742798.5625000000	-106.6640090942
745370.4375000000	-107.8624343872
747952.0000000000	-108.0679092407
750542.4375000000	-108.2157974243
753141.9375000000	-108.3330841064
755750.4375000000	-108.4383239746
758367.9375000000	-108.4989013672
760994.5000000000	-108.6183090210
763630.1875000000	-108.8590240479
766274.1250000000	-109.0276870728
768928.0625000000	-109.0494232178
771591.1875000000	-109.0345306396
774263.5625000000	-109.0360946655
776945.1875000000	-108.9674835205
779636.1250000000	-108.8391189575
782336.3750000000	-108.6838684082
785045.9375000000	-108.0252151489
787764.0625000000	-106.0275955200
790492.4375000000	-104.3482513428
793230.2500000000	-103.5082397461
795977.5625000000	-104.1231231689
798734.4375000000	-106.4391174316
801500.8125000000	-108.6929168701
804276.7500000000	-109.3528137207
807062.3125000000	-109.3926086426
809857.5625000000	-109.4209899902
812661.5625000000	-109.4644393921
815476.1875000000	-109.5236740112
818300.5625000000	-109.6542587280
821134.6875000000	-109.8148193359
823978.6875000000	-109.8926010132
826832.5000000000	-109.8989105225
829696.1875000000	-109.8294982910
832569.8125000000	-109.6717300415
835452.4375000000	-109.4715805054
838346.0000000000	-109.3341751099
841249.5625000000	-109.2839202881
844163.1875000000	-108.5775604248
847086.9375000000	-105.1266250610
850020.7500000000	-101.1002273560
852964.7500000000	-99.3435592651
855919.0000000000	-99.1919479370
858882.4375000000	-101.1803894043
861857.1875000000	-105.2729873657
864842.1875000000	-108.8072662354
867837.5000000000	-109.5828018188
870843.2500000000	-109.6133499146
873859.3750000000	-109.6401596069
876885.9375000000	-109.7071838379
879923.0000000000	-109.7819213867
882969.5625000000	-109.8820495605
886027.6875000000	-109.9847030640
889096.4375000000	-109.9766311646
892175.7500000000	-109.8455047607
895265.7500000000	-109.7256164551
898366.5000000000	-109.8023147583
901477.9375000000	-110.0110855103
904600.1875000000	-109.8925247192
907732.1875000000	-107.7309036255
910876.1250000000	-103.3817367554
914030.8750000000	-99.9645690918
917196.5625000000	-100.2927093506
920373.2500000000	-103.4828033447
923560.9375000000	-107.8997573853
926759.6250000000	-110.0746688843
929969.4375000000	-110.1597900391
933189.3125000000	-109.8367538452
936421.3750000000	-109.4193572998
939664.6250000000	-109.0303649902
942919.0625000000	-106.8017578125
946184.8750000000	-103.2051086426
949461.9375000000	-101.2576751709
952750.3125000000	-99.7744674683
956050.1250000000	-98.4861221313
959360.3125000000	-98.3736801147
962683.0000000000	-99.2495574951
966017.2500000000	-93.7384109497
969363.0000000000	-84.1224822998
972720.3125000000	-78.8856658936
976089.3125000000	-76.7205657959
979469.9375000000	-78.1700820923
982862.3125000000	-84.2221069336
986265.3125000000	-92.3334503174
989681.1875000000	-98.0561370850
993108.9375000000	-98.7577743530
996548.5000000000	-99.3109817505
1000000.0000000000	-90.1454162598
1003463.4375000000	-92.7973403931
1006938.8750000000	-95.6203842163
1010426.3750000000	-98.6600570679
1013925.9375000000	-101.5119323730
1017436.5000000000	-103.6304016113
1020960.3750000000	-104.9936599731
1024496.4375000000	-105.5194931030
1028044.6875000000	-105.5502548218
1031605.3125000000	-105.4167022705
1035178.1875000000	-105.3690261841
1038763.5000000000	-105.4381484985
1042361.2500000000	-105.7500915527
1045970.2500000000	-106.3055801392
1049592.8750000000	-107.0054016113
1053228.1250000000	-107.9336395264
1056875.8750000000	-108.8572845459
1060536.3750000000	-109.7291488647
1064209.5000000000	-110.3698730469
1067895.3750000000	-110.8551712036
1071594.0000000000	-110.9188919067
1075304.1250000000	-110.8623123169
1079028.5000000000	-110.5789184570
1082765.6250000000	-110.2055816650
1086515.7500000000	-109.7862472534
1090278.8750000000	-109.4371871948
1094055.0000000000	-109.1831588745
1097844.1250000000	-109.0695495605
1101646.5000000000	-109.1904525757
1105460.7500000000	-109.4184646606
1109289.5000000000	-109.8417816162
1113131.5000000000	-110.3127822876
1116986.7500000000	-110.8148269653
1120855.3750000000	-111.2044830322
1124737.3750000000	-111.5030593872
1128632.8750000000	-111.6833724976
1132541.8750000000	-111.7032928467
1136463.1250000000	-111.6575088501
1140399.2500000000	-111.5191345215
1144348.8750000000	-111.3213577271
1148312.3750000000	-111.1068801880
1152289.5000000000	-110.9011154175
1156280.3750000000	-110.7696228027
1160285.1250000000	-110.6975708008
1164303.6250000000	-110.7603454590
1168334.8750000000	-110.9098892212
1172381.3750000000	-111.1162796021
1176441.8750000000	-111.3716964722
1180516.3750000000	-111.5944747925
1184605.1250000000	-111.7736053467
1188707.8750000000	-111.7897567749
1192824.8750000000	-111.5861663818
1196956.2500000000	-111.2002105713
1201100.5000000000	-110.5069885254
1205260.5000000000	-109.7285232544
1209434.8750000000	-108.9565048218
1213623.6250000000	-108.3391494751
1217827.0000000000	-108.0310287476
1222044.8750000000	-107.9647750854
1226277.3750000000	-108.2167816162
1230524.5000000000	-108.8250579834
1234785.0000000000	-109.5764312744
1239061.6250000000	-110.4448928833
1243353.1250000000	-111.2171096802
1247659.3750000000	-111.7897186279
1251980.6250000000	-112.1591644287
1256316.7500000000	-112.2259140015
1260668.0000000000	-112.0783996582
1265034.2500000000	-111.8154983521
1269415.6250000000	-111.4653015137
1273810.7500000000	-111.1682281494
1278222.6250000000	-111.0014343262
1282649.6250000000	-110.9837036133
1287092.0000000000	-111.1901092529
1291549.8750000000	-111.5777282715
1296023.0000000000	-112.0245361328
1300511.7500000000	-112.4829254150
1305016.0000000000	-112.8156585693
1309534.5000000000	-112.9596633911
1314070.0000000000	-112.9208221436
1318621.1250000000	-112.6862716675
1323188.1250000000	-112.1837539673
1327771.0000000000	-111.5906524658
1332369.6250000000	-111.0135345459
1336984.2500000000	-110.5377883911
1341614.8750000000	-110.3674545288
1346260.0000000000	-110.4917373657
1350922.6250000000	-110.8520812988
1355601.5000000000	-111.4027709961
1360296.6250000000	-112.0422286987
1365007.8750000000	-112.5406188965
1369735.6250000000	-112.8092575073
1374479.6250000000	-112.7857513428
1379240.0000000000	-112.4040374756
1384015.5000000000	-111.6111831665
1388808.8750000000	-110.7145385742
1393619.0000000000	-109.8743286133
1398445.7500000000	-109.2381286621
1403289.1250000000	-108.9880752563
1408149.3750000000	-109.1911926270
1413026.5000000000	-109.6653213501
1417920.3750000000	-110.0921707153
1422829.7500000000	-109.9108886719
1427757.6250000000	-107.7128982544
1432702.6250000000	-103.6870880127
1437664.7500000000	-99.5828781128
1442644.0000000000	-95.9188003540
1447640.6250000000	-92.9462738037
1452654.3750000000	-90.7123107910
1457685.6250000000	-89.3955078125
1462732.6250000000	-88.7888870239
1467798.7500000000	-88.8908615112
1472882.3750000000	-89.7117233276
1477983.6250000000	-91.2688140869
1483102.6250000000	-93.5965728760
1488239.2500000000	-96.8813629150
1493393.6250000000	-100.8621368408
1498566.0000000000	-105.0554122925
1503754.5000000000	-108.4342727661
1508962.7500000000	-110.1788253784
1514189.0000000000	-110.3073348999
1519433.2500000000	-109.9522857666
1524695.7500000000	-109.8322219849
1529976.5000000000	-110.1134719849
1535275.5000000000	-110.8043670654
1540592.8750000000	-111.7911834717
1545926.8750000000	-112.8495864868
1551281.1250000000	-113.6997299194
1556654.0000000000	-114.1139373779
1562045.3750000000	-114.0141220093
1567455.3750000000	-113.5361938477
1572884.2500000000	-112.8784942627
1578331.8750000000	-112.2659988403
1583798.3750000000	-111.9009246826
1589283.7500000000	-111.9096145630
1594786.3750000000	-112.3135681152
1600309.8750000000	-113.0208663940
1605852.5000000000	-113.8320388794
1611414.2500000000	-114.4918060303
1616995.3750000000	-114.8033905029
1622595.7500000000	-114.8066177368
1628215.5000000000	-114.5811004639
1633854.7500000000	-114.2201766968
1639511.7500000000	-113.8569793701
1645190.1250000000	-113.6316070557
1650888.1250000000	-113.6347961426
1656605.8750000000	-113.8669509888
1662343.5000000000	-114.2378616333
1668101.0000000000	-114.6118698120
1673878.3750000000	-114.8776550293
1679675.7500000000	-114.9867248535
1685491.3750000000	-114.9251785278
1691329.0000000000	-114.6897659302
1697186.8750000000	-114.3381652832
1703065.0000000000	-114.0200881958
1708963.5000000000	-113.8996353149
1714882.3750000000	-114.0548629761
1720821.7500000000	-114.4142837524
1726781.7500000000	-114.8294677734
1732760.5000000000	-115.1672363281
1738761.8750000000	-115.3840332031
1744784.0000000000	-115.4943084717
1750826.8750000000	-115.5097961426
1756890.8750000000	-115.4455642700
1762975.7500000000	-115.3562850952
1769081.7500000000	-115.3180923462
1775208.8750000000	-115.4029312134
1781355.2500000000	-115.5674896240
1787524.8750000000	-115.7421035767
1793715.8750000000	-115.8676910400
1799928.3750000000	-115.9097976685
1806162.3750000000	-115.8274002075
1812417.8750000000	-115.5770645142
1818695.1250000000	-115.1972961426
1824994.1250000000	-114.8482284546
1831312.8750000000	-114.7101440430
1837655.5000000000	-114.8578262329
1844020.1250000000	-115.2172775269
1850406.8750000000	-115.6124191284
1856815.6250000000	-115.8714447021
1863246.6250000000	-115.8720626831
1869699.8750000000	-115.4874496460
1876175.5000000000	-114.6793060303
1882671.5000000000	-113.6936340332
1889192.0000000000	-112.7975997925
1895735.2500000000	-112.9881820679
1902301.0000000000	-113.6980133057
1908889.5000000000	-113.9273376465
1915500.8750000000	-111.3653182983
1922135.1250000000	-106.2198104858
1928792.3750000000	-101.2327651978
1935470.5000000000	-97.3248519897
1942173.8750000000	-94.5868453979
1948900.5000000000	-92.9792861938
1955650.5000000000	-92.4647445679
1962423.7500000000	-93.7789840698
1969220.5000000000	-97.4667434692
1976040.8750000000	-101.4005279541
1982884.7500000000	-106.3531951904
1989750.2500000000	-111.3187026978
1996641.6250000000	-113.7896270752
2003556.8750000000	-113.7759552002
2010496.1250000000	-113.2794113159
2017459.3750000000	-113.2840957642
2024446.7500000000	-114.3031997681
2031458.3750000000	-115.3374252319
2038494.2500000000	-116.1837463379
2045554.5000000000	-116.5766372681
2052636.8750000000	-116.4629821777
2059746.1250000000	-115.4931259155
2066879.8750000000	-114.4618148804
2074038.5000000000	-114.2193374634
2081221.7500000000	-114.4940185547
2088430.0000000000	-115.1942214966
2095663.2500000000	-116.0475845337
2102921.5000000000	-116.8523178101
2110202.5000000000	-116.9442291260
2117511.0000000000	-116.6510696411
2124845.0000000000	-116.2400436401
2132204.2500000000	-115.8802719116
2139589.0000000000	-115.8019638062
2146999.5000000000	-116.2342605591
2154435.5000000000	-116.6707000732
2161897.2500000000	-117.0156478882
2169382.5000000000	-117.1106872559
2176896.0000000000	-116.6712036133
2184435.7500000000	-116.1159439087
2192001.2500000000	-115.6391525269
2199593.2500000000	-115.5922164917
2207211.5000000000	-116.2758789063
2214856.0000000000	-116.9294509888
2222527.0000000000	-117.4146728516
2230222.2500000000	-117.5861206055
2237946.5000000000	-117.3488006592
2245697.5000000000	-117.0806961060
2253475.5000000000	-116.8781814575
2261280.2500000000	-116.9229507446
2269112.0000000000	-117.2870712280
2276971.0000000000	-117.5644531250
2284857.2500000000	-117.7358169556
2292768.2500000000	-117.7372360229
2300709.0000000000	-117.4903259277
2308677.5000000000	-117.1976776123
2316673.5000000000	-116.9064941406
2324697.2500000000	-117.0430679321
2332748.7500000000	-117.4045028687
2340828.0000000000	-117.9479293823
2348935.2500000000	-118.1326141357
2357068.2500000000	-117.8019180298
2365231.7500000000	-116.5868072510
2373423.7500000000	-115.4292984009
2381644.0000000000	-115.1740646362
2389892.7500000000	-115.8070373535
2398170.0000000000	-116.3858108521
2406475.7500000000	-113.5777816772
2414810.5000000000	-104.8936462402
2423171.5000000000	-99.0976867676
2431564.0000000000	-95.4475631714
2439985.7500000000	-94.1778106689
2448436.5000000000	-94.7182312012
2456916.5000000000	-97.4878311157
2465426.0000000000	-102.8918075562
2473964.7500000000	-109.5399017334
2482533.2500000000	-115.8504180908
2491128.7500000000	-116.3473205566
2499756.5000000000	-115.9438858032
2508414.2500000000	-116.1706924438
2517102.2500000000	-117.2676544189
2525820.0000000000	-118.3283157349
2534568.0000000000	-118.5318222046
2543346.5000000000	-117.9628982544
2552155.2500000000	-116.8503036499
2560994.5000000000	-116.0679244995
2569861.5000000000	-116.2324523926
2578762.2500000000	-117.3887939453
2587693.5000000000	-118.6155700684
2596656.0000000000	-119.0675811768
2605649.2500000000	-119.0852584839
2614673.7500000000	-118.9376296997
2623729.7500000000	-118.8151168823
2632816.7500000000	-118.8614883423
2641932.5000000000	-119.0569305420
2651082.7500000000	-119.1800079346
2660264.7500000000	-118.8171386719
2669478.5000000000	-117.5857849121
2678724.0000000000	-116.4161148071
2688001.7500000000	-116.2873764038
2697311.5000000000	-117.1718444824
2706653.5000000000	-118.4410781860
2716024.7500000000	-119.1808624268
2725431.7500000000	-119.0967254639
2734871.0000000000	-118.7083816528
2744343.2500000000	-118.4557952881
2753848.0000000000	-118.6275939941
2763386.0000000000	-119.1872329712
2772956.7500000000	-119.7618026733
2782560.7500000000	-119.7606048584
2792195.0000000000	-119.2326278687
2801865.5000000000	-118.6077423096
2811569.7500000000	-118.5109024048
2821307.5000000000	-119.1688613892
2831079.0000000000	-119.6691207886
2840884.2500000000	-119.5897521973
2850723.5000000000	-118.9368209839
2860597.0000000000	-117.9751358032
2870501.2500000000	-117.6340637207
2880443.2500000000	-118.3030929565
2890419.5000000000	-116.8116607666
2900430.2500000000	-106.9862747192
2910475.7500000000	-101.1772308350
2920556.0000000000	-97.5223999023
2930671.2500000000	-96.2591934204
2940821.5000000000	-97.5640335083
2951003.7500000000	-102.7985382080
2961224.2500000000	-112.1178970337
2971480.5000000000	-118.3041152954
2981772.0000000000	-118.5072860718
2992099.2500000000	-118.4328002930
3002462.2500000000	-109.7009887695
3012861.0000000000	-112.1888656616
3023296.0000000000	-114.6288986206
3033763.7500000000	-116.6808395386
3044271.0000000000	-118.1171493530
3054814.7500000000	-118.9275054932
3065395.0000000000	-119.3279495239
3076011.7500000000	-119.5661392212
3086665.5000000000	-119.7406082153
3097356.0000000000	-119.8485260010
3108083.5000000000	-119.8638458252
3118844.7500000000	-119.7799072266
3129646.7500000000	-119.6161880493
3140486.2500000000	-119.4148178101
3151363.0000000000	-119.2290802002
3162277.7500000000	-119.1089019775
3173230.0000000000	-119.0967941284
3184220.5000000000	-119.2054748535
3195248.7500000000	-119.4124221802
3206315.5000000000	-119.6835327148
3217416.7500000000	-119.9717712402
3228560.2500000000	-120.2281875610
3239742.2500000000	-120.4145965576
3250962.7500000000	-120.5147552490
3262222.5000000000	-120.5363616943
3273521.0000000000	-120.5010147095
3284858.7500000000	-120.4218978882
3296235.5000000000	-120.2689590454
3307648.2500000000	-119.8998413086
3319104.2500000000	-119.0624847412
3330599.7500000000	-117.6299133301
3342135.2500000000	-115.7574462891
3353710.5000000000	-113.7548141479
3365326.0000000000	-111.8852920532
3376981.5000000000	-110.3064270020
3388677.5000000000	-109.0954818726
3400410.5000000000	-108.2870025635
3412187.5000000000	-107.8958358765
3424005.5000000000	-107.9300689697
3435864.5000000000	-108.3943710327
3447764.2500000000	-109.2902221680
3459705.5000000000	-110.6113891602
3471688.0000000000	-112.3305130005
3483712.0000000000	-114.3699035645
3495774.0000000000	-116.5503005981
3507881.5000000000	-118.5596542358
3520030.7500000000	-120.0499038696
3532222.2500000000	-120.7214889526
3544456.0000000000	-121.1844635010
3556732.0000000000	-121.3393859863
3569050.5000000000	-121.3716506958
3581411.7500000000	-121.3472595215
3593812.0000000000	-121.2723541260
3606259.0000000000	-121.1373672485
3618749.0000000000	-120.9440307617
3631282.5000000000	-120.7201080322
3643859.2500000000	-120.4551391602
3656479.5000000000	-120.3949356079
3669143.5000000000	-120.5363540649
3681851.5000000000	-120.7971725464
3694599.2500000000	-121.1180191040
3707395.5000000000	-121.4117507935
3720235.7500000000	-121.5931320190
3733120.7500000000	-121.6195449829
3746050.2500000000	-121.5116577148
3759024.5000000000	-121.3302307129
3772043.7500000000	-121.1166839600
3785108.0000000000	-120.8027191162
3798213.2500000000	-120.1082000732
3811368.2500000000	-118.6421279907
3824568.7500000000	-116.3902511597
3837815.0000000000	-113.8199691772
3851107.0000000000	-110.2254180908
3864445.2500000000	-107.6858825684
3877829.5000000000	-106.5308532715
3891260.2500000000	-105.8498611450
3904733.2500000000	-105.6414031982
3918257.0000000000	-105.9046783447
3931827.7500000000	-106.6412353516
3945445.5000000000	-107.8541946411
3959110.2500000000	-109.5445175171
3972822.5000000000	-112.7967987061
3986582.2500000000	-117.0809936523
4000389.5000000000	-119.7518844604
4014244.7500000000	-121.7088012695
4028143.5000000000	-122.6974029541
4042094.7500000000	-123.0313491821
4056094.2500000000	-123.0943069458
4070142.5000000000	-123.0313491821
4084239.2500000000	-122.8959045410
4098384.7500000000	-122.7652053833
4112579.2500000000	-122.6163253784
4126823.0000000000	-122.4730300903
4141111.5000000000	-122.3656005859
4155454.0000000000	-122.3329696655
4169846.2500000000	-122.4375686646
4184288.5000000000	-122.5693054199
4198780.5000000000	-122.7092971802
4213323.0000000000	-122.8284225464
4227915.5000000000	-122.9098281860
4242558.5000000000	-122.9573287964
4257248.0000000000	-122.9374313354
4271992.5000000000	-122.8088836670
4286788.5000000000	-122.3676834106
4301635.5000000000	-121.2873229980
4316534.0000000000	-118.1717147827
4331484.0000000000	-114.9217681885
4346486.0000000000	-112.9406280518
4361540.0000000000	-111.3620529175
4376641.0000000000	-109.8817977905
4391799.5000000000	-109.3515701294
4407010.0000000000	-109.6083755493
4422273.5000000000	-110.3299865723
4437590.0000000000	-112.2569808960
4452959.5000000000	-115.2048416138
4468382.0000000000	-117.5619506836
4483858.0000000000	-119.9643249512
4499383.0000000000	-122.5481414795
4514966.0000000000	-123.7694015503
4530603.5000000000	-123.9711914063
4546295.0000000000	-124.0726547241
4562041.0000000000	-124.1121902466
4577841.5000000000	-124.1049423218
4593696.5000000000	-124.0731964111
4609606.5000000000	-124.0013427734
4625566.5000000000	-123.9430313110
4641587.0000000000	-123.9345855713
4657663.0000000000	-123.9787750244
4673794.5000000000	-124.0675659180
4689982.0000000000	-124.1436462402
4706225.5000000000	-124.2620010376
4722525.5000000000	-124.3667526245
4738881.5000000000	-124.4110183716
4755289.5000000000	-124.3673400879
4771759.0000000000	-123.9873809814
4788286.0000000000	-123.1654586792
4804870.0000000000	-120.6065444946
4821511.5000000000	-117.6739501953
4838210.5000000000	-114.9710540771
4854967.5000000000	-113.1674118042
4871782.5000000000	-112.5022964478
4888650.0000000000	-112.4057617188
4905581.5000000000	-113.2156143188
4922572.0000000000	-114.3467636108
4939621.0000000000	-116.7429122925
4956729.5000000000	-119.8965835571
4973896.5000000000	-122.5879821777
4991123.5000000000	-124.2610702515
5008410.0000000000	-124.6225128174
5025756.5000000000	-124.8182754517
5043157.5000000000	-124.9582977295
5060624.0000000000	-125.0970535278
5078151.5000000000	-125.2283935547
5095739.5000000000	-125.3476028442
5113388.0000000000	-125.4503097534
5131098.0000000000	-125.5143203735
5148869.5000000000	-125.5468978882
5166702.5000000000	-125.5576934814
5184591.5000000000	-125.5774688721
5202548.0000000000	-125.6055831909
5220566.5000000000	-125.6320037842
5238648.0000000000	-125.6277084351
5256791.5000000000	-125.3481445313
5274998.5000000000	-124.2702255249
5293268.0000000000	-121.4926528931
5311601.0000000000	-118.4169464111
5329991.5000000000	-115.6448440552
5348452.0000000000	-113.8167266846
5366976.0000000000	-113.0406875610
5385564.5000000000	-113.1829452515
5404217.0000000000	-114.4247970581
5422934.0000000000	-117.4883346558
5441716.5000000000	-120.7428283691
5460563.5000000000	-123.5584335327
5479470.0000000000	-125.3303222656
5498447.5000000000	-125.7787017822
5517491.5000000000	-125.9374008179
5536601.0000000000	-126.0494766235
5555776.5000000000	-126.1429901123
5575019.0000000000	-126.1973571777
5594327.5000000000	-126.2388763428
5613703.5000000000	-126.2760467529
5633140.0000000000	-126.3498077393
5652650.0000000000	-126.4608840942
5672228.0000000000	-126.6023559570
5691873.5000000000	-126.7747573853
5711587.0000000000	-126.8452987671
5731368.5000000000	-126.7325439453
5751219.0000000000	-126.0950698853
5771138.0000000000	-123.7591323853
5791120.0000000000	-119.2310638428
5811177.0000000000	-116.2312316895
5831304.0000000000	-114.0357284546
5851500.0000000000	-112.7191162109
5871766.5000000000	-112.8664932251
5892103.0000000000	-114.1345291138
5912510.5000000000	-117.3019180298
5932988.0000000000	-120.7857971191
5953530.0000000000	-124.0160675049
5974150.0000000000	-126.5208587646
5994841.0000000000	-126.9912185669
6015604.0000000000	-127.1362304688
6036438.5000000000	-127.2295837402
6057345.5000000000	-127.1903610229
6078325.0000000000	-127.1221771240
6099377.0000000000	-127.0947265625
6120495.0000000000	-127.1541213989
6141693.0000000000	-127.2432479858
6162964.5000000000	-127.3218002319
6184310.0000000000	-127.3786849976
6205729.0000000000	-127.3941955566
6227222.0000000000	-127.0921325684
6248790.0000000000	-125.8349761963
6270432.0000000000	-122.6965637207
6292142.5000000000	-118.3056411743
6313935.0000000000	-115.2242279053
6335803.0000000000	-114.0130004883
6357747.0000000000	-113.9218063354
6379767.0000000000	-115.3105087280
6401863.0000000000	-118.4605026245
6424035.5000000000	-122.9317932129
6446284.5000000000	-126.1887664795
6468611.0000000000	-127.6265487671
6491007.5000000000	-128.1766052246
6513489.0000000000	-128.3764953613
6536048.0000000000	-128.5043945313
6558685.5000000000	-128.5262298584
6581401.0000000000	-128.4870910645
6604195.5000000000	-128.4837036133
6627069.0000000000	-128.5552673340
6650021.5000000000	-128.7276458740
6673046.0000000000	-128.8639831543
6696158.0000000000	-128.8305969238
6719350.0000000000	-128.2993316650
6742622.0000000000	-125.6264877319
6765974.5000000000	-120.9726181030
6789408.5000000000	-117.0363464355
6812923.0000000000	-114.7952804565
6836519.5000000000	-114.3713760376
6860190.0000000000	-115.2160034180
6883950.0000000000	-117.1461639404
6907792.0000000000	-121.1545791626
6931717.0000000000	-125.9512939453
6955724.5000000000	-128.8487091064
6979815.5000000000	-129.4345550537
7003989.5000000000	-129.4019622803
7028247.5000000000	-129.1556396484
7052582.0000000000	-128.8244934082
7077008.0000000000	-128.6468811035
7101519.0000000000	-128.7896423340
7126115.0000000000	-129.1301116943
7150796.0000000000	-129.3412475586
7175562.5000000000	-129.2892761230
7200414.5000000000	-129.1146240234
7225353.0000000000	-128.2841033936
7250369.5000000000	-125.1589050293
7275481.0000000000	-120.0401306152
7300679.0000000000	-117.1027603149
7325965.0000000000	-116.6813430786
7351338.0000000000	-118.0470199585
7376799.0000000000	-121.1389236450
7402348.0000000000	-125.4711608887
7427986.0000000000	-129.1004791260
7453704.0000000000	-130.3115539551
7479519.5000000000	-130.4436340332
7505424.5000000000	-130.3672790527
7531419.5000000000	-130.2315673828
7557504.0000000000	-130.1600799561
7583679.0000000000	-130.1832580566
7609945.0000000000	-130.2637939453
7636301.5000000000	-130.3711700439
7662741.0000000000	-130.4553375244
7689280.5000000000	-130.4507141113
7715912.0000000000	-129.5595245361
7742636.0000000000	-126.3716964722
7769452.0000000000	-123.1638565063
7796361.5000000000	-121.1405029297
7823363.5000000000	-120.7478103638
7850459.5000000000	-122.6182937622
7877640.5000000000	-126.6047668457
7904924.5000000000	-129.6646575928
7932302.5000000000	-130.8954467773
7959776.0000000000	-131.1697845459
7987344.0000000000	-131.2690734863
8015008.0000000000	-131.2613220215
8042767.5000000000	-131.1859436035
8070623.5000000000	-131.1724395752
8098575.5000000000	-131.2827758789
8126615.5000000000	-131.4890747070
8154762.0000000000	-131.7721405029
8183005.5000000000	-131.8402252197
8211347.0000000000	-130.9645996094
8239786.5000000000	-127.5178451538
8268325.0000000000	-124.2689590454
8296961.5000000000	-123.0818405151
8325698.0000000000	-123.9209976196
8354524.5000000000	-126.9305496216
8383460.0000000000	-129.8812103271
8412496.0000000000	-131.5738372803
8441632.0000000000	-131.8402252197
8470869.0000000000	-131.9270324707
8500208.0000000000	-132.1130371094
8529648.0000000000	-132.3592834473
8559190.0000000000	-132.5680847168
8588825.0000000000	-132.5992431641
8618572.0000000000	-132.6225433350
8648422.0000000000	-132.6571044922
8678375.0000000000	-132.2182617188
8708432.0000000000	-129.8440856934
8738593.0000000000	-125.5718002319
8768859.0000000000	-122.8573608398
8799230.0000000000	-122.7107391357
8829696.0000000000	-125.0113067627
8860277.0000000000	-129.0653381348
8890964.0000000000	-132.3487854004
8921758.0000000000	-133.0097045898
8952658.0000000000	-133.1094665527
8983665.0000000000	-133.1250915527
9014779.0000000000	-133.1863098145
9046002.0000000000	-133.2342681885
9077322.0000000000	-133.2427520752
9108761.0000000000	-133.3237304688
9140309.0000000000	-133.4359893799
9171966.0000000000	-132.7209625244
9203732.0000000000	-128.7146606445
9235609.0000000000	-124.3339080811
9267596.0000000000	-122.0023498535
9299694.0000000000	-122.6614532471
9331893.0000000000	-126.0848770142
9364214.0000000000	-130.6983642578
9396646.0000000000	-133.5213165283
9429191.0000000000	-133.8698577881
9461849.0000000000	-134.0027160645
9494619.0000000000	-134.0732269287
9527503.0000000000	-134.1119537354
9560501.0000000000	-134.1135559082
9593603.0000000000	-134.1421966553
9626830.0000000000	-134.1887969971
9660172.0000000000	-133.7690124512
9693630.0000000000	-129.8731842041
9727203.0000000000	-124.9065780640
9760893.0000000000	-123.0303878784
9794699.0000000000	-123.9112091064
9828623.0000000000	-128.0142364502
9862653.0000000000	-133.0230407715
9896812.0000000000	-134.6575775146
9931089.0000000000	-134.8585357666
9965485.0000000000	-134.8716430664
10000000.0000000000	-134.8773345947
Trace	2
Trace Mode	BLANK
Trace	3
Trace Mode	BLANK
Trace	4
Trace Mode	BLANK
Trace	5
Trace Mode	BLANK
Trace	6
Trace Mode	BLANK
Window	2	Integrated Measurements
Window	Range	Trace	Start Offset	Unit	Stop Offset	Unit	Weighting	Int Noise	Unit	PM	Unit	FM	Unit	Jitter	Unit
1	1	1	1.0000000000	Hz	10000000.0000000000	Hz		-24.969118118286132813	dBc	4.5727949142456054688	degree	46100.703125	Hz	2.0324773808422236243e-10	s
1	2	1	1.0000000000	Hz	10000000.0000000000	Hz		-24.969118118286132813	dBc	4.5727949142456054688	degree	46100.703125	Hz	2.0324773808422236243e-10	s
1	3	1	1.0000000000	Hz	10000000.0000000000	Hz		-24.969118118286132813	dBc	4.5727949142456054688	degree	46100.703125	Hz	2.0324773808422236243e-10	s
1	4	1	1.0000000000	Hz	10000000.0000000000	Hz		-24.969118118286132813	dBc	4.5727949142456054688	degree	46100.703125	Hz	2.0324773808422236243e-10	s
1	5	1	1.0000000000	Hz	10000000.0000000000	Hz		-24.969118118286132813	dBc	4.5727949142456054688	degree	46100.703125	Hz	2.0324773808422236243e-10	s
1	6	1	1.0000000000	Hz	10000000.0000000000	Hz		-24.969118118286132813	dBc	4.5727949142456054688	degree	46100.703125	Hz	2.0324773808422236243e-10	s
1	7	1	1.0000000000	Hz	10000000.0000000000	Hz		-24.969118118286132813	dBc	4.5727949142456054688	degree	46100.703125	Hz	2.0324773808422236243e-10	s
1	8	1	1.0000000000	Hz	10000000.0000000000	Hz		-24.969118118286132813	dBc	4.5727949142456054688	degree	46100.703125	Hz	2.0324773808422236243e-10	s
1	9	1	1.0000000000	Hz	10000000.0000000000	Hz		-24.969118118286132813	dBc	4.5727949142456054688	degree	46100.703125	Hz	2.0324773808422236243e-10	s
1	10	1	1.0000000000	Hz	10000000.0000000000	Hz		-24.969118118286132813	dBc	4.5727949142456054688	degree	46100.703125	Hz	2.0324773808422236243e-10	s
