Type	FSWP-26
Version	3.01
Date	23.May 2025
VSupply	ON
Mode	Voltage
Voltage Set	15.0000000000	V
Voltage Min	0.0000000000	V
Voltage Max	16.0000000000	V
Voltage Meas	0.0160000000	V
Current Max	300.0000000000	mA
Current Meas	0.2629969419	mA
VTune	OFF
Voltage Set	0.0000000000	V
Voltage Min	0.0000000000	V
Voltage Max	5.0000000000	V
Voltage Meas	-0.0147692308	V
Current Max	20.0000000000	mA
Current Meas	-0.0469483568	mA
VAux	OFF
Voltage Set	5.0000000000	V
Voltage Min	0.0000000000	V
Voltage Max	6.0000000000	V
Voltage Meas	0.0067069081	V
Current Max	100.0000000000	mA
Current Meas	0.2415458937	mA
Mode	Phase Noise
Measurement	Phase Noise
Input	RF
RF Att	0.0000000000	dB
Coupling	AC
RBW	3.0000000000	%
XCORR Factor	1000
XCORR Optimize	ON
Estimated Meas Time	6551.8562548773	s
Sweep Count	0
Signal Frequency	62500002.3213342428	Hz
Signal Level	11.9346000000	dBm
Start	1.0000000000	Hz
Stop	10000000.0000000000	Hz
SubSweep	1
Start	1.0000000000	Hz
Stop	3.0000000000	Hz
RBW	0.0900000000	Hz
XCORR Count	1000
SubSweep	2
Start	3.0000000000	Hz
Stop	10.0000000000	Hz
RBW	0.0900000000	Hz
XCORR Count	1000
SubSweep	3
Start	10.0000000000	Hz
Stop	30.0000000000	Hz
RBW	0.3000000000	Hz
XCORR Count	3300
SubSweep	4
Start	30.0000000000	Hz
Stop	100.0000000000	Hz
RBW	0.9000000000	Hz
XCORR Count	10000
SubSweep	5
Start	100.0000000000	Hz
Stop	300.0000000000	Hz
RBW	3.0000000000	Hz
XCORR Count	33000
SubSweep	6
Start	300.0000000000	Hz
Stop	1000.0000000000	Hz
RBW	9.0000000000	Hz
XCORR Count	100000
SubSweep	7
Start	1000.0000000000	Hz
Stop	3000.0000000000	Hz
RBW	30.0000000000	Hz
XCORR Count	330000
SubSweep	8
Start	3000.0000000000	Hz
Stop	10000.0000000000	Hz
RBW	90.0000000000	Hz
XCORR Count	1000000
SubSweep	9
Start	10000.0000000000	Hz
Stop	30000.0000000000	Hz
RBW	300.0000000000	Hz
XCORR Count	3300000
SubSweep	10
Start	30000.0000000000	Hz
Stop	100000.0000000000	Hz
RBW	900.0000000000	Hz
XCORR Count	10000000
SubSweep	11
Start	100000.0000000000	Hz
Stop	300000.0000000000	Hz
RBW	3000.0000000000	Hz
XCORR Count	10000000
SubSweep	12
Start	300000.0000000000	Hz
Stop	1000000.0000000000	Hz
RBW	9000.0000000000	Hz
XCORR Count	10000000
SubSweep	13
Start	1000000.0000000000	Hz
Stop	3000000.0000000000	Hz
RBW	30000.0000000000	Hz
XCORR Count	10000000
SubSweep	14
Start	3000000.0000000000	Hz
Stop	10000000.0000000000	Hz
RBW	90000.0000000000	Hz
XCORR Count	10000000
Integrated Measurements Range	1
Start	1.0000000000	Hz
Stop	10000000.0000000000	Hz
Weighting	OFF
Integrated Measurements Range	2
Start	1.0000000000	Hz
Stop	10000000.0000000000	Hz
Weighting	OFF
Integrated Measurements Range	3
Start	1.0000000000	Hz
Stop	10000000.0000000000	Hz
Weighting	OFF
Integrated Measurements Range	4
Start	1.0000000000	Hz
Stop	10000000.0000000000	Hz
Weighting	OFF
Integrated Measurements Range	5
Start	1.0000000000	Hz
Stop	10000000.0000000000	Hz
Weighting	OFF
Integrated Measurements Range	6
Start	1.0000000000	Hz
Stop	10000000.0000000000	Hz
Weighting	OFF
Integrated Measurements Range	7
Start	1.0000000000	Hz
Stop	10000000.0000000000	Hz
Weighting	OFF
Integrated Measurements Range	8
Start	1.0000000000	Hz
Stop	10000000.0000000000	Hz
Weighting	OFF
Integrated Measurements Range	9
Start	1.0000000000	Hz
Stop	10000000.0000000000	Hz
Weighting	OFF
Integrated Measurements Range	10
Start	1.0000000000	Hz
Stop	10000000.0000000000	Hz
Weighting	OFF
Spot Noise Decade Edges	ON
Spot Noise User Defined	OFF
Spot Noise User Defined Offset	1
State	ON
Offset	1000.0000000000	Hz
Spot Noise User Defined Offset	2
State	ON
Offset	10000.0000000000	Hz
Spot Noise User Defined Offset	3
State	ON
Offset	100000.0000000000	Hz
Spot Noise User Defined Offset	4
State	ON
Offset	1000000.0000000000	Hz
Spot Noise User Defined Offset	5
State	ON
Offset	10000000.0000000000	Hz
Spot Noise User Defined Offset	6
State	ON
Offset	100000000.0000000000	Hz
Window	1	Noise Spectrum
Trace	1
Trace Mode	VIEW
Trace Result	PN
Smoothing	ON
Smoothing Value	1.0000000000	%
Spurious Removal	ON
Spurious Removal Threshold	6.0000000000	dB
Trace Offset	OFF
Trace Offset	0.0000000000	dB
Trace Label	OFF
Trace Label	Trace 1
x-Unit	Hz
y-Unit	dBc/Hz
Values	4663
1.0000000000	-56.4382896423
1.0034632683	-56.4382896423
1.0069385767	-56.4382896423
1.0104259253	-56.4382896423
1.0139254332	-56.4382896423
1.0174369812	-56.4382896423
1.0209606886	-56.4382896423
1.0244965553	-56.4382896423
1.0280447006	-56.4382896423
1.0316051245	-56.4382896423
1.0351779461	-56.4382896423
1.0387630463	-56.4382896423
1.0423606634	-56.4382896423
1.0459706783	-56.4382896423
1.0495932102	-56.4382896423
1.0532282591	-56.4382896423
1.0568759441	-56.4382896423
1.0605362654	-56.4382896423
1.0642092228	-56.4382896423
1.0678949356	-56.4382896423
1.0715934038	-56.4382896423
1.0753046274	-56.4382896423
1.0790288448	-56.4382896423
1.0827658176	-56.4382896423
1.0865157843	-56.3503990173
1.0902787447	-56.2551460266
1.0940546989	-56.1598930359
1.0978437662	-56.0629730225
1.1016459465	-55.9620628357
1.1054613590	-55.8611488342
1.1092898846	-55.7602386475
1.1131316423	-55.6580238342
1.1169868708	-55.5472984314
1.1208553314	-55.4365768433
1.1247371435	-55.3258590698
1.1286325455	-55.2147979736
1.1325412989	-55.0929489136
1.1364636421	-54.9710998535
1.1403995752	-54.8492469788
1.1443492174	-54.7273941040
1.1483124495	-54.6031150818
1.1522893906	-54.4787979126
1.1562801600	-54.3544731140
1.1602846384	-54.2301559448
1.1643031836	-54.1182556152
1.1683354378	-54.0064163208
1.1723817587	-53.8945808411
1.1764421463	-53.7840995789
1.1805164814	-53.6949462891
1.1846050024	-53.6057891846
1.1887077093	-53.5166358948
1.1928246021	-53.4313468933
1.1969556808	-53.3639564514
1.2011011839	-53.2965660095
1.2052608728	-53.2291793823
1.2094351053	-53.1664962769
1.2136237621	-53.1127052307
1.2178269625	-53.1126327515
1.2220447063	-53.1126327515
1.2262769938	-53.1126327515
1.2305239439	-53.1126327515
1.2347856760	-53.1126327515
1.2390621901	-53.1126327515
1.2433534861	-53.1126327515
1.2476595640	-53.1126327515
1.2519805431	-53.1126327515
1.2563166618	-53.1126327515
1.2606676817	-53.1126327515
1.2650337219	-53.1126327515
1.2694149017	-53.1126327515
1.2738113403	-53.1126327515
1.2782229185	-53.1126327515
1.2826498747	-53.1126327515
1.2870920897	-53.1126327515
1.2915496826	-53.1126327515
1.2960226536	-53.1126327515
1.3005112410	-53.1126327515
1.3050153255	-53.1126327515
1.3095350266	-53.1126327515
1.3140703440	-53.1126327515
1.3186213970	-53.1126327515
1.3231881857	-53.2252159119
1.3277708292	-53.3420486450
1.3323693275	-53.4588775635
1.3369836807	-53.5801963806
1.3416141272	-53.7083053589
1.3462605476	-53.8364143372
1.3509230614	-53.9645233154
1.3556017876	-54.0792617798
1.3602966070	-54.1936607361
1.3650077581	-54.3080596924
1.3697352409	-54.4061508179
1.3744791746	-54.4930191040
1.3792393208	-54.5798797607
1.3840161562	-54.6618194580
1.3888094425	-54.7288589478
1.3936192989	-54.7958984375
1.3984458447	-54.8629417419
1.4032890797	-54.9280166626
1.4081491232	-54.9929771423
1.4130259752	-55.0579376221
1.4179197550	-55.1263160706
1.4228304625	-55.1963462830
1.4277582169	-55.2663764954
1.4327028990	-55.3344459534
1.4376648664	-55.4000473022
1.4426438808	-55.4656486511
1.4476402998	-55.5269622803
1.4526538849	-55.5751762390
1.4576849937	-55.6233940125
1.4627333879	-55.6428184509
1.4677993059	-55.6428184509
1.4728827477	-55.6428184509
1.4779838324	-55.6428184509
1.4831025600	-55.6428184509
1.4882389307	-55.6428184509
1.4933931828	-55.6428184509
1.4985653162	-55.6428184509
1.5037553310	-55.6428184509
1.5089633465	-55.6428184509
1.5141893625	-55.6428184509
1.5194333792	-55.6428184509
1.5246957541	-55.6428184509
1.5299762487	-55.6428184509
1.5352749825	-55.6428184509
1.5405921936	-55.6428184509
1.5459277630	-55.6428184509
1.5512818098	-55.6428184509
1.5566543341	-55.6428184509
1.5620455742	-55.6428184509
1.5674554110	-55.6428184509
1.5728839636	-55.6428184509
1.5783313513	-55.6428184509
1.5837976933	-55.6428184509
1.5892828703	-55.6254463196
1.5947870016	-55.5398063660
1.6003103256	-55.4519309998
1.6058527231	-55.3527870178
1.6114143133	-55.1400680542
1.6169950962	-54.9273490906
1.6225953102	-54.6823463440
1.6282148361	-54.3354187012
1.6338539124	-53.9884834290
1.6395124197	-53.6019630432
1.6451905966	-53.1604728699
1.6508884430	-52.7189788818
1.6566059589	-52.2541542053
1.6623432636	-52.2541542053
1.6681005955	-52.2541542053
1.6738777161	-52.2541542053
1.6796748638	-52.2541542053
1.6854921579	-52.2541542053
1.6913294792	-52.2541542053
1.6971870661	-52.2541542053
1.7030650377	-52.2541542053
1.7089632750	-52.2541542053
1.7148818970	-52.2541542053
1.7208211422	-52.2541542053
1.7267808914	-52.2541542053
1.7327612638	-52.2541542053
1.7387623787	-52.2541542053
1.7447843552	-52.2541542053
1.7508270741	-52.2541542053
1.7568907738	-52.2541542053
1.7629753351	-52.2541542053
1.7690811157	-52.2541542053
1.7752079964	-52.2541542053
1.7813560963	-52.2541542053
1.7875255346	-52.2541542053
1.7937163115	-52.2541542053
1.7999285460	-52.4306411743
1.8061622381	-53.0807380676
1.8124175072	-53.7191772461
1.8186944723	-54.2018775940
1.8249932528	-54.6845893860
1.8313137293	-55.0417785645
1.8376561403	-55.2935714722
1.8440206051	-55.5401306152
1.8504070044	-55.6584587097
1.8568155766	-55.7767906189
1.8632462025	-55.8834800720
1.8696992397	-55.9808959961
1.8761746883	-56.0803184509
1.8826724291	-56.1988487244
1.8891928196	-56.2543907166
1.8957357407	-56.2543907166
1.9023011923	-56.2543907166
1.9088895321	-56.2543907166
1.9155006409	-56.2543907166
1.9221346378	-56.2543907166
1.9287915230	-56.2543907166
1.9354715347	-56.2543907166
1.9421746731	-56.2543907166
1.9489010572	-56.2543907166
1.9556506872	-56.2543907166
1.9624238014	-56.2543907166
1.9692202806	-56.2543907166
1.9760403633	-56.2543907166
1.9828839302	-56.2543907166
1.9897513390	-56.2543907166
1.9966424704	-56.2543907166
2.0035574436	-56.2543907166
2.0104963779	-56.2543907166
2.0174593925	-56.2543907166
2.0244464874	-56.2543907166
2.0314579010	-56.2543907166
2.0384933949	-56.2543907166
2.0455532074	-56.2550811768
2.0526378155	-56.2550811768
2.0597467422	-56.2550811768
2.0668802261	-56.2550811768
2.0740385056	-56.2550811768
2.0812215805	-56.2550811768
2.0884294510	-56.2550811768
2.0956623554	-56.2550811768
2.1029202938	-56.2550811768
2.1102032661	-56.2550811768
2.1175117493	-56.2550811768
2.1248455048	-56.2550811768
2.1322045326	-56.2550811768
2.1395888329	-56.2543907166
2.1469991207	-56.1978378296
2.1544346809	-56.1620521545
2.1618962288	-56.0918655396
2.1693835258	-56.0799751282
2.1768968105	-55.9811859131
2.1844360828	-55.9280967712
2.1920015812	-55.8178253174
2.1995930672	-55.7829399109
2.2072110176	-55.7809638977
2.2148551941	-55.6662063599
2.2225260735	-55.6544685364
2.2302234173	-55.5514793396
2.2379472256	-55.4984703064
2.2456979752	-55.4576530457
2.2534756660	-55.4576530457
2.2612800598	-55.4576530457
2.2691116333	-55.4576530457
2.2769701481	-55.5514793396
2.2848560810	-55.6662063599
2.2927691936	-55.7809638977
2.3007099628	-55.7829399109
2.3086779118	-55.8737449646
2.3166735172	-55.9280967712
2.3246970177	-56.0799751282
2.3327481747	-56.1620521545
2.3408272266	-56.2550811768
2.3489341736	-56.3195343018
2.3570692539	-56.4392051697
2.3652327061	-56.4392051697
2.3734242916	-56.4392051697
2.3816442490	-56.4392051697
2.3898925781	-56.4392051697
2.3981695175	-56.4392051697
2.4064753056	-56.4392051697
2.4148097038	-56.3744392395
2.4231729507	-56.3195343018
2.4315650463	-56.1620521545
2.4399862289	-55.8737449646
2.4484367371	-55.8675384521
2.4569165707	-55.7809638977
2.4654254913	-55.4288597107
2.4739642143	-55.4038925171
2.4825322628	-55.3789520264
2.4911301136	-55.0348739624
2.4997575283	-55.0348739624
2.5084149837	-55.0348739624
2.5171024799	-55.0348739624
2.5258200169	-55.0348739624
2.5345678329	-55.0348739624
2.5433456898	-55.1320877075
2.5521540642	-55.3619155884
2.5609929562	-55.4038925171
2.5698626041	-55.4288597107
2.5787627697	-55.6150703430
2.5876939297	-55.6150703430
2.5966558456	-55.6150703430
2.6056489944	-55.6150703430
2.6146731377	-55.6150703430
2.6237285137	-55.6150703430
2.6328153610	-55.6150703430
2.6419336796	-55.6150703430
2.6510834694	-55.4925537109
2.6602649689	-55.4038925171
2.6694786549	-55.3619155884
2.6787238121	-55.3368301392
2.6880011559	-55.3368301392
2.6973104477	-55.3368301392
2.7066521645	-55.3368301392
2.7160260677	-55.3368301392
2.7254326344	-55.3368301392
2.7348716259	-55.3368301392
2.7443432808	-55.3368301392
2.7538478374	-55.3368301392
2.7633852959	-55.3368301392
2.7729558945	-55.3368301392
2.7825593948	-55.3368301392
2.7921962738	-55.3368301392
2.8018665314	-55.3368301392
2.8115704060	-55.3619155884
2.8213076591	-55.4925537109
2.8310787678	-55.6150703430
2.8408837318	-55.6923713684
2.8507225513	-55.8029632568
2.8605954647	-55.8029632568
2.8705027103	-55.8029632568
2.8804440498	-55.8029632568
2.8904199600	-55.8029632568
2.9004304409	-55.8431892395
2.9104754925	-55.8711242676
2.9205553532	-55.8731307983
2.9306702614	-55.9335937500
2.9408199787	-56.0665435791
2.9510049820	-56.0672416687
2.9612252712	-56.1002883911
2.9714810848	-56.1218414307
2.9817721844	-56.1607704163
2.9920992851	-56.1607704163
3.0024619102	-56.1607704163
3.0128602982	-56.1303787231
3.0232946873	-56.1218414307
3.0337653160	-56.1218414307
3.0442721844	-56.1218414307
3.0548155308	-56.1218414307
3.0653953552	-56.1218414307
3.0760118961	-56.1303787231
3.0866649151	-56.1602478027
3.0973551273	-56.1899681091
3.1080822945	-56.3189086914
3.1188464165	-56.4197120667
3.1296479702	-56.4345855713
3.1404869556	-56.4484214783
3.1513633728	-56.4484214783
3.1622776985	-56.4484214783
3.1732296944	-56.4484214783
3.1842195988	-56.4441413879
3.1952474117	-56.4345855713
3.2063136101	-56.4197120667
3.2174181938	-56.3189086914
3.2285611629	-56.1899681091
3.2397425175	-56.1602478027
3.2509627342	-56.1303787231
3.2622220516	-56.1218414307
3.2735199928	-56.0665435791
3.2848572731	-56.0665435791
3.2962338924	-56.0665435791
3.3076496124	-56.0665435791
3.3191051483	-56.0665435791
3.3306002617	-56.1218414307
3.3421351910	-56.1274909973
3.3537099361	-56.1303787231
3.3653249741	-56.1602478027
3.3769800663	-56.3524818420
3.3886756897	-56.4197120667
3.4004118443	-56.4345855713
3.4121885300	-56.4441413879
3.4240059853	-56.5616569519
3.4358644485	-56.6290702820
3.4477639198	-56.6290702820
3.4597046375	-56.6290702820
3.4716866016	-56.6290702820
3.4837102890	-56.6290702820
3.4957754612	-56.6290702820
3.5078823566	-56.5616569519
3.5200312138	-56.4795227051
3.5322222710	-56.4795227051
3.5444555283	-56.4795227051
3.5567314625	-56.4795227051
3.5690495968	-56.4795227051
3.5814104080	-56.4979896545
3.5938138962	-56.5616569519
3.6062602997	-56.6290702820
3.6187500954	-56.7067871094
3.6312828064	-56.7855987549
3.6438591480	-56.7855987549
3.6564791203	-56.7855987549
3.6691424847	-56.7855987549
3.6818499565	-56.7855987549
3.6946012974	-56.7855987549
3.7073969841	-56.9280433655
3.7202367783	-56.9867172241
3.7331211567	-57.1443176270
3.7460501194	-57.1522178650
3.7590239048	-57.3412055969
3.7720425129	-57.3412055969
3.7851064205	-57.3412055969
3.7982153893	-57.3412055969
3.8113698959	-57.3412055969
3.8245697021	-57.3412055969
3.8378155231	-57.3412055969
3.8511071205	-57.3412055969
3.8644447327	-57.3412055969
3.8778283596	-57.3412055969
3.8912587166	-57.3412055969
3.9047353268	-57.3412055969
3.9182586670	-57.3412055969
3.9318287373	-57.3412055969
3.9454460144	-57.3412055969
3.9591102600	-57.3412055969
3.9728219509	-57.3412055969
3.9865810871	-57.3412055969
4.0003876686	-57.3412055969
4.0142426491	-57.3412055969
4.0281448364	-57.3412055969
4.0420956612	-57.3412055969
4.0560946465	-57.3412055969
4.0701422691	-57.3412055969
4.0842385292	-57.2583236694
4.0983834267	-57.3004608154
4.1125774384	-57.3412055969
4.1268205643	-57.3881721497
4.1411132813	-57.4514427185
4.1554551125	-57.4986686707
4.1698470116	-57.4986686707
4.1842885017	-57.4986686707
4.1987800598	-57.4986686707
4.2133216858	-57.4986686707
4.2279138565	-57.4986686707
4.2425560951	-57.4986686707
4.2572493553	-57.4986686707
4.2719936371	-57.4986686707
4.2867889404	-57.4514427185
4.3016357422	-57.3881721497
4.3165335655	-57.3522758484
4.3314828873	-57.3087310791
4.3464841843	-57.3004608154
4.3615374565	-57.2717895508
4.3766427040	-57.2583236694
4.3918004036	-57.1859664917
4.4070110321	-57.1859664917
4.4222736359	-57.1859664917
4.4375896454	-57.2583236694
4.4529581070	-57.2717895508
4.4683809280	-57.2991256714
4.4838562012	-57.3004608154
4.4993853569	-57.3087310791
4.5149679184	-57.3522758484
4.5306048393	-57.3881721497
4.5462956429	-57.4514427185
4.5620408058	-57.4514427185
4.5778408051	-57.4514427185
4.5936951637	-57.4514427185
4.6096048355	-57.4514427185
4.6255693436	-57.3522758484
4.6415891647	-57.3445243835
4.6576642990	-57.3445243835
4.6737952232	-57.3445243835
4.6899819374	-57.3445243835
4.7062249184	-57.3087310791
4.7225241661	-57.3004608154
4.7388796806	-57.2991256714
4.7552919388	-57.2717895508
4.7717609406	-57.2717895508
4.7882871628	-57.2717895508
4.8048706055	-57.2991256714
4.8215112686	-57.2991256714
4.8382096291	-57.2991256714
4.8549661636	-57.2717895508
4.8717803955	-57.2672576904
4.8886528015	-57.2594833374
4.9055838585	-57.2591094971
4.9225735664	-57.2591094971
4.9396219254	-57.2591094971
4.9567294121	-57.1859664917
4.9738960266	-57.1795043945
4.9911222458	-57.1795043945
5.0084080696	-57.2085266113
5.0257534981	-57.2591094971
5.0431594849	-57.2594833374
5.0606255531	-57.2672576904
5.0781521797	-57.2946701050
5.0957393646	-57.2991256714
5.1133875847	-57.2991256714
5.1310968399	-57.2991256714
5.1488671303	-57.2991256714
5.1666994095	-57.2991256714
5.1845936775	-57.2946701050
5.2025494576	-57.2672576904
5.2205672264	-57.2672576904
5.2386479378	-57.2672576904
5.2567911148	-57.2672576904
5.2749967575	-57.2672576904
5.2932658195	-57.2672576904
5.3115983009	-57.2672576904
5.3299937248	-57.2672576904
5.3484535217	-57.2672576904
5.3669767380	-57.2946701050
5.3855643272	-57.3445243835
5.4042162895	-57.3914985657
5.4229326248	-57.3998565674
5.4417138100	-57.4136581421
5.4605603218	-57.4167938232
5.4794721603	-57.4394111633
5.4984493256	-57.5152816772
5.5174922943	-57.5353927612
5.5366010666	-57.6425132751
5.5557761192	-57.6425132751
5.5750174522	-57.6425132751
5.5943255424	-57.6425132751
5.6137003899	-57.6425132751
5.6331429482	-57.6425132751
5.6526522636	-57.6425132751
5.6722292900	-57.6425132751
5.6918740273	-57.8688240051
5.7115869522	-57.8837852478
5.7313680649	-57.9681320190
5.7512173653	-57.9804992676
5.7711358070	-57.9914283752
5.7911229134	-58.0526771545
5.8111796379	-58.0526771545
5.8313055038	-58.0526771545
5.8515009880	-58.0526771545
5.8717665672	-58.0526771545
5.8921022415	-58.0526771545
5.9125084877	-58.0526771545
5.9329853058	-57.9914283752
5.9535331726	-57.9914283752
5.9741520882	-57.9914283752
5.9948425293	-58.0639572144
6.0156044960	-58.2905158997
6.0364384651	-58.3125534058
6.0573449135	-58.3779296875
6.0783233643	-58.3858985901
6.0993742943	-58.3858985901
6.1204986572	-58.3858985901
6.1416954994	-58.3858985901
6.1629662514	-58.4336547852
6.1843104362	-58.4336547852
6.2057290077	-58.4336547852
6.2272214890	-58.4336547852
6.2487878799	-58.3858985901
6.2704296112	-58.3858985901
6.2921462059	-58.3858985901
6.3139376640	-58.3858985901
6.3358049393	-58.3858985901
6.3577480316	-58.3858985901
6.3797669411	-58.3779296875
6.4018621445	-58.2905158997
6.4240336418	-58.2905158997
6.4462819099	-58.2905158997
6.4686074257	-58.0331001282
6.4910101891	-57.9804992676
6.5134906769	-57.9746894836
6.5360488892	-57.9746894836
6.5586853027	-57.9746894836
6.5814003944	-57.9746894836
6.6041936874	-57.9746894836
6.6270661354	-57.9686965942
6.6500177383	-57.9053916931
6.6730489731	-57.7958564758
6.6961598396	-57.7607536316
6.7193508148	-57.7545928955
6.7426218987	-57.7076568604
6.7659740448	-57.6442108154
6.7894062996	-57.5424842834
6.8129205704	-57.3753204346
6.8365159035	-57.3643112183
6.8601927757	-57.3604545593
6.8839516640	-57.3604545593
6.9077930450	-57.3604545593
6.9317169189	-57.3376693726
6.9557237625	-57.3376693726
6.9798135757	-57.3376693726
7.0039868355	-57.3376693726
7.0282440186	-57.3376693726
7.0525846481	-57.1820106506
7.0770101547	-57.1820106506
7.1015210152	-57.1820106506
7.1261157990	-57.1820106506
7.1507959366	-57.0374298096
7.1755614281	-56.9815864563
7.2004127502	-56.9806785583
7.2253499031	-56.9677619934
7.2503733635	-56.9571495056
7.2754840851	-56.9571495056
7.3006811142	-56.9571495056
7.3259658813	-56.9571495056
7.3513379097	-56.9571495056
7.3767981529	-56.9571495056
7.4023461342	-56.9571495056
7.4279828072	-56.9571495056
7.4537081718	-56.9571495056
7.4795227051	-56.9571495056
7.5054268837	-56.9571495056
7.5314202309	-56.8533477783
7.5575041771	-56.8364257813
7.5836782455	-56.8362159729
7.6099429131	-56.7601280212
7.6362986565	-56.6872787476
7.6627454758	-56.6872787476
7.6892838478	-56.6872787476
7.7159142494	-56.6872787476
7.7426371574	-56.6872787476
7.7694520950	-56.6872787476
7.7963600159	-56.6872787476
7.8233613968	-56.6872787476
7.8504562378	-56.6872787476
7.8776450157	-56.6872787476
7.9049277306	-56.6872787476
7.9323048592	-56.6872787476
7.9597768784	-56.6628456116
7.9873442650	-56.6280708313
8.0150070190	-56.6051101685
8.0427656174	-56.5118522644
8.0706205368	-56.3949203491
8.0985708237	-56.3712959290
8.1266193390	-56.1373291016
8.1547641754	-56.1340751648
8.1830062866	-55.9848365784
8.2113466263	-55.9629325867
8.2397851944	-55.9233856201
8.2683229446	-55.6889305115
8.2969579697	-55.6671218872
8.3256931305	-55.6480636597
8.3545274734	-55.3351783752
8.3834619522	-55.3045158386
8.4124965668	-55.2426071167
8.4416322708	-55.1495628357
8.4708681107	-55.1318283081
8.5002050400	-55.1278381348
8.5296440125	-55.0925941467
8.5591850281	-55.0923995972
8.5888280869	-55.0904769897
8.6185741425	-55.0507621765
8.6484231949	-55.0387611389
8.6783752441	-55.0387611389
8.7084312439	-54.9529991150
8.7385911942	-54.9465293884
8.7688560486	-54.8979187012
8.7992248535	-54.8979187012
8.8296995163	-54.9465293884
8.8602790833	-54.9529991150
8.8909654617	-54.9529991150
8.9217586517	-54.9529991150
8.9526576996	-54.9529991150
8.9836635590	-54.9529991150
9.0147771835	-54.9529991150
9.0459976196	-54.9465293884
9.0773267746	-54.9465293884
9.1087646484	-54.8708496094
9.1403112411	-54.8556442261
9.1719665527	-54.8267784119
9.2037324905	-54.7331657410
9.2356081009	-54.7271690369
9.2675933838	-54.7036247253
9.2996902466	-54.5274620056
9.3318977356	-54.5125274658
9.3642177582	-54.5125274658
9.3966484070	-54.5125274658
9.4291925430	-54.5125274658
9.4618482590	-54.5049591064
9.4946174622	-54.4981536865
9.5275011063	-54.4955825806
9.5604972839	-54.4125366211
9.5936088562	-54.3542404175
9.6268339157	-54.2827339172
9.6601753235	-54.2827339172
9.6936311722	-54.2827339172
9.7272033691	-54.2827339172
9.7608919144	-54.1397552490
9.7946968079	-53.9953193665
9.8286190033	-53.8823013306
9.8626585007	-53.8604736328
9.8968162537	-53.8460655212
9.9310922623	-53.8460655212
9.9654865265	-53.8232536316
10.0000000000	-53.7899475098
10.0346345901	-53.7616806030
10.0693864822	-53.7301826477
10.1042613983	-53.7046127319
10.1392536163	-53.5958290100
10.1743707657	-53.5188026428
10.2096061707	-53.4870834351
10.2449674606	-53.4739723206
10.2804470062	-53.3783760071
10.3160533905	-53.2595481873
10.3517789841	-53.2587051392
10.3876323700	-53.1356544495
10.4236068726	-52.9916725159
10.4597082138	-52.9572639465
10.4959316254	-52.8466873169
10.5322837830	-52.7219429016
10.5687589645	-52.7089424133
10.6053638458	-52.7026977539
10.6420917511	-52.6982803345
10.6789503098	-52.6981315613
10.7159337997	-52.6588592529
10.7530479431	-52.6498527527
10.7902870178	-52.5805282593
10.8276586533	-52.5805282593
10.8651571274	-52.5805282593
10.9027881622	-52.6498527527
10.9405460358	-52.6588592529
10.9784383774	-52.6981315613
11.0164585114	-52.6982803345
11.0546140671	-52.7026977539
11.0928983688	-52.7219429016
11.1313180923	-52.7219429016
11.1698675156	-52.7026977539
11.2085533142	-52.6981315613
11.2473707199	-52.6588592529
11.2863254547	-52.6498527527
11.3254127502	-52.5805282593
11.3646373749	-52.5689239502
11.4039955139	-52.5595359802
11.4434919357	-52.5595359802
11.4831228256	-52.5595359802
11.5228948593	-52.5595359802
11.5628004074	-52.5595359802
11.6028470993	-52.5595359802
11.6430301666	-52.5595359802
11.6833553314	-52.5595359802
11.7238168716	-52.5595359802
11.7644214630	-52.5595359802
11.8051643372	-52.5689239502
11.8460512161	-52.6498527527
11.8870754242	-52.6588592529
11.9282464981	-52.6645889282
11.9695558548	-52.6981315613
12.0110120773	-52.7219429016
12.0526084900	-52.7315406799
12.0943517685	-52.7541503906
12.1362361908	-52.7610435486
12.1782703400	-52.8070755005
12.2204456329	-52.8115081787
12.2627706528	-52.8137817383
12.3052387238	-52.8292846680
12.3478574753	-52.8767509460
12.3906202316	-52.9535102844
12.4335346222	-52.9916648865
12.4765939713	-53.0188140869
12.5198059082	-53.1339683533
12.5631647110	-53.2068710327
12.6066761017	-53.2616996765
12.6503391266	-53.2999610901
12.6941490173	-53.3923759460
12.7381153107	-53.4203491211
12.7822294235	-53.4676933289
12.8264999390	-53.5101890564
12.8709201813	-53.6054420471
12.9154977798	-53.7107391357
12.9602270126	-53.7294273376
13.0051136017	-53.7460327148
13.0501527786	-53.7573890686
13.0953512192	-53.7590179443
13.1407032013	-53.7624511719
13.1862154007	-53.8452072144
13.2318820953	-53.9787139893
13.2777099609	-54.1789093018
13.3236923218	-54.4043769836
13.3698387146	-54.6172370911
13.4161405563	-54.6941223145
13.4626073837	-54.7162170410
13.5092306137	-54.7692413330
13.5560188293	-54.7971115112
13.6029663086	-54.8259124756
13.6500797272	-54.8345451355
13.6973524094	-54.8548851013
13.7447919846	-55.0066108704
13.7923927307	-55.2319946289
13.8401622772	-55.3921279907
13.8880929947	-55.4734458923
13.9361934662	-55.4779586792
13.9844570160	-55.4917564392
14.0328922272	-55.5282783508
14.0814905167	-55.6479339600
14.1302604675	-55.8275451660
14.1791963577	-56.0527305603
14.2283058167	-56.3022842407
14.2775802612	-56.5638580322
14.3270301819	-56.8367385864
14.3766469955	-57.1188735962
14.4264402390	-57.4045791626
14.4764013290	-57.6964797974
14.5265398026	-58.0060386658
14.5768480301	-58.3351669312
14.6273345947	-58.6794319153
14.6779909134	-59.0045814514
14.7288274765	-59.2608413696
14.7798366547	-59.4434623718
14.8310260773	-59.5658264160
14.8823881149	-59.6565437317
14.9339323044	-59.7698516846
14.9856519699	-59.9263763428
15.0375537872	-60.0892295837
15.0896310806	-60.2240028381
15.1418933868	-60.3046989441
15.1943330765	-60.3098297119
15.2469577789	-60.3148078918
15.2997608185	-60.3157386780
15.3527507782	-60.3251991272
15.4059200287	-60.3405990601
15.4592771530	-60.4004974365
15.5128154755	-60.5119400024
15.5665435791	-60.6775016785
15.6204538345	-60.8489112854
15.6745538712	-61.0142059326
15.7288379669	-61.1880111694
15.7833137512	-61.3899002075
15.8379745483	-61.6196174622
15.8928289413	-61.8230590820
15.9478731155	-61.9106216431
16.0031032562	-61.9267997742
16.0585289001	-61.9644203186
16.1141433716	-62.0946311951
16.1699523926	-62.3325614929
16.2259521484	-62.6318016052
16.2821502686	-62.9109916687
16.3385391235	-63.1047668457
16.3951263428	-63.2226982117
16.4519062042	-63.3456192017
16.5088863373	-63.5280532837
16.5660591125	-63.7937049866
16.6234340668	-64.1439056396
16.6810054779	-64.5669631958
16.7387790680	-64.6495437622
16.7967472076	-64.7521743774
16.8549232483	-64.8258285522
16.9132938385	-65.0293121338
16.9718723297	-65.1005249023
17.0306491852	-65.2021713257
17.0896339417	-65.4470367432
17.1488189697	-65.5754776001
17.2082138062	-65.5775527954
17.2678089142	-65.6734695435
17.3276138306	-66.0403442383
17.3876228333	-66.3914718628
17.4478435516	-66.6175155640
17.5082683563	-66.7730407715
17.5689086914	-66.9370803833
17.6297531128	-67.1737060547
17.6908130646	-67.5037765503
17.7520790100	-67.8917083740
17.8135623932	-68.2640380859
17.8752536774	-68.5616912842
17.9371643066	-68.7860183716
17.9992828369	-68.9864196777
18.0616226196	-69.2091293335
18.1241741180	-69.4520721436
18.1869468689	-69.5749435425
18.2499313354	-69.5928344727
18.3131389618	-69.6400833130
18.3765602112	-69.6768493652
18.4402065277	-69.7681274414
18.5040683746	-70.1829681396
18.5681571960	-70.6263732910
18.6324615479	-70.8992843628
18.6969947815	-70.9397888184
18.7617454529	-70.9508514404
18.8267250061	-70.9654769897
18.8919258118	-71.0690231323
18.9573574066	-71.3076477051
19.0230102539	-71.6374282837
19.0888957977	-71.9974746704
19.1550025940	-72.3258666992
19.2213459015	-72.6114501953
19.2879123688	-72.8967819214
19.3547153473	-73.2073440552
19.4217453003	-73.6359329224
19.4890098572	-73.9332122803
19.5565052032	-74.0047149658
19.6242370605	-74.0360488892
19.6921997070	-74.1306838989
19.7604026794	-74.2819137573
19.8288364410	-74.3465423584
19.8975124359	-74.5776977539
19.9664268494	-74.5808944702
20.0355739594	-74.6573410034
20.1049671173	-74.7503204346
20.1745929718	-75.1027297974
20.2444667816	-75.4782104492
20.3145771027	-75.5897598267
20.3849372864	-75.5955276489
20.4555339813	-75.6382980347
20.5263805389	-75.6458435059
20.5974674225	-75.6522445679
20.6688041687	-75.6656036377
20.7403850555	-75.7794799805
20.8122177124	-76.1428146362
20.8842945099	-76.5271530151
20.9566268921	-76.5821456909
21.0292034149	-76.5922851563
21.1020374298	-76.6534423828
21.1751174927	-76.7014846802
21.2484550476	-76.7820281982
21.3220424652	-76.8016357422
21.3958911896	-77.1471405029
21.4699878693	-77.4310455322
21.5443496704	-77.5247802734
21.6189613342	-77.5422592163
21.6938362122	-77.5689697266
21.7689666748	-77.5913543701
21.8443622589	-77.6549072266
21.9200134277	-78.0429992676
21.9959316254	-78.3307952881
22.0721073151	-78.5403366089
22.1485538483	-78.7051620483
22.2252578735	-79.0269241333
22.3022346497	-79.4369430542
22.3794708252	-79.6864700317
22.4569816589	-79.8989257813
22.5347537994	-80.2283935547
22.6128025055	-80.4427413940
22.6911144257	-80.4824600220
22.7697048187	-80.5165100098
22.8485603333	-80.5532989502
22.9276943207	-80.6704864502
23.0070972443	-80.9847793579
23.0867805481	-80.9907989502
23.1667346954	-81.0662155151
23.2469711304	-81.1081771851
23.3274803162	-81.2870025635
23.4082736969	-81.3380126953
23.4893398285	-81.5271911621
23.5706958771	-81.7994918823
23.6523246765	-81.8747863770
23.7342433929	-82.0110244751
23.8164386749	-82.2404861450
23.8989257813	-82.3876953125
23.9816932678	-82.4219970703
24.0647525787	-82.7639846802
24.1480922699	-82.9686584473
24.2317276001	-83.0219192505
24.3156471252	-83.0336608887
24.3998641968	-83.2184906006
24.4843635559	-83.2968673706
24.5691642761	-83.2989120483
24.6542530060	-83.4091873169
24.7396411896	-83.4384155273
24.8253192902	-83.4535751343
24.9113006592	-83.4573822021
24.9975719452	-83.6014938354
25.0841503143	-83.6989135742
25.1710281372	-83.7334518433
25.2581996918	-83.7526016235
25.3456802368	-84.0066680908
25.4334583282	-84.0780715942
25.5215454102	-84.1490097046
25.6099300385	-84.1530075073
25.6986293793	-84.3252105713
25.7876281738	-84.3855972290
25.8769435883	-84.4993209839
25.9665584564	-84.5749359131
26.0564937592	-84.6687164307
26.1467323303	-84.7564620972
26.2372894287	-84.8502807617
26.3281536102	-85.1993560791
26.4193401337	-85.2472381592
26.5108356476	-85.2609786987
26.6026535034	-85.2983016968
26.6947841644	-85.3596191406
26.7872409821	-85.4197845459
26.8800086975	-85.4941024780
26.9731063843	-85.5328369141
27.0665187836	-85.7300033569
27.1602630615	-85.7437057495
27.2543239594	-85.9192886353
27.3487186432	-85.9264297485
27.4434318542	-85.9665603638
27.5384807587	-86.3191757202
27.6338520050	-86.5782852173
27.7295608521	-86.5782852173
27.8255920410	-86.5782852173
27.9219646454	-86.5782852173
28.0186634064	-86.5782852173
28.1157054901	-86.5782852173
28.2130756378	-86.5782852173
28.3107891083	-86.5782852173
28.4088344574	-86.6312026978
28.5072269440	-86.6315078735
28.6059532166	-86.6315078735
28.7050285339	-86.6315078735
28.8044395447	-86.6315078735
28.9042015076	-86.6315078735
29.0043029785	-86.6315078735
29.1047573090	-86.6315078735
29.2055530548	-86.6312026978
29.3067054749	-86.5899810791
29.4081993103	-86.5899810791
29.5100536346	-86.5899810791
29.6122512817	-86.5899810791
29.7148113251	-86.5899810791
29.8177204132	-86.5899810791
29.9209918976	-86.5899810791
30.0246143341	-86.5899810791
30.1286029816	-86.5899810791
30.2329425812	-86.5899810791
30.3376541138	-86.3683624268
30.4427185059	-86.3296585083
30.5481548309	-85.9775161743
30.6539497375	-85.9731216431
30.7601184845	-85.5802459717
30.8666458130	-85.5450515747
30.9735507965	-85.2019271851
31.0808181763	-85.1213150024
31.1884651184	-84.8657226563
31.2964763641	-84.7450332642
31.4048690796	-84.5556030273
31.5136299133	-84.5190734863
31.6227760315	-84.4794006348
31.7322998047	-84.4428710938
31.8421955109	-84.2581863403
31.9524784088	-84.2436904907
32.0631370544	-84.1961822510
32.1741867065	-84.1889648438
32.2856101990	-83.9700469971
32.3974304199	-83.8366775513
32.5096282959	-83.7027664185
32.6222229004	-83.5356674194
32.7351989746	-83.4904327393
32.8485755920	-83.4838638306
32.9623374939	-83.3656768799
33.0764999390	-83.3518676758
33.1910514832	-82.5717086792
33.3060073853	-81.6299667358
33.4213523865	-80.8035202026
33.5371055603	-80.1463012695
33.6532516479	-80.1463012695
33.7698059082	-80.1463012695
33.8867568970	-80.1463012695
34.0041236877	-80.1463012695
34.1218833923	-80.1463012695
34.2400627136	-80.1463012695
34.3586425781	-80.1463012695
34.4776420593	-80.1463012695
34.5970458984	-80.1463012695
34.7168693542	-80.1463012695
34.8371009827	-80.1463012695
34.9577598572	-80.1463012695
35.0788230896	-80.1463012695
35.2003173828	-80.1463012695
35.3222236633	-80.1463012695
35.4445610046	-80.1463012695
35.5673103333	-80.1463012695
35.6904945374	-80.1463012695
35.8140983582	-80.1463012695
35.9381370544	-80.1463012695
36.0625991821	-80.1463012695
36.1875000000	-80.1463012695
36.3128242493	-80.1463012695
36.4385910034	-80.3137969971
36.5647850037	-80.9201354980
36.6914253235	-81.5527038574
36.8184928894	-81.9682846069
36.9460144043	-82.0302505493
37.0739631653	-82.1175842285
37.2023696899	-82.2259368896
37.3312072754	-82.2999191284
37.4605026245	-82.4334869385
37.5902328491	-82.4986038208
37.7204246521	-82.5225753784
37.8510589600	-83.2029190063
37.9821548462	-84.1506500244
38.1136932373	-85.3135375977
38.2456970215	-86.5648269653
38.3781509399	-87.2975234985
38.5110702515	-87.3590850830
38.6444396973	-87.4844818115
38.7782859802	-87.4949569702
38.9125823975	-87.5681228638
39.0473518372	-87.6315994263
39.1825790405	-87.6411972046
39.3182868958	-87.6798477173
39.4544525146	-87.8390655518
39.5911026001	-87.9114990234
39.7282142639	-87.9646530151
39.8658103943	-88.0355072021
40.0038833618	-88.2301025391
40.1424255371	-88.3449935913
40.2814559937	-88.3914794922
40.4209594727	-88.4621047974
40.5609550476	-88.5042037964
40.7014236450	-88.5216522217
40.8423919678	-88.5394973755
40.9838371277	-88.5394973755
41.1257820129	-88.5394973755
41.2682075500	-88.5713348389
41.4111366272	-88.6225433350
41.5545539856	-88.6454010010
41.6984748840	-88.7943725586
41.8428840637	-88.7987136841
41.9878044128	-88.8374938965
42.1332168579	-88.8853073120
42.2791442871	-88.9244537354
42.4255638123	-89.0744934082
42.5725021362	-89.1811294556
42.7199363708	-89.1933364868
42.8678970337	-89.2150573730
43.0163574219	-89.2952423096
43.1653404236	-89.3301315308
43.3148307800	-89.3473739624
43.4648475647	-89.3473739624
43.6153755188	-89.3473739624
43.7664337158	-89.3473739624
43.9180068970	-89.3473739624
44.0701141357	-89.3473739624
44.2227363586	-89.3473739624
44.3759002686	-89.3473739624
44.5295829773	-89.3473739624
44.6838073730	-89.3473739624
44.8385581970	-89.3301315308
44.9938507080	-89.2952423096
45.1496734619	-89.2718276978
45.3060493469	-89.2150573730
45.4629516602	-89.1933364868
45.6204109192	-89.1933364868
45.7784004211	-89.1933364868
45.9369544983	-89.1933364868
46.0960426331	-89.1933364868
46.2556915283	-89.1933364868
46.4158859253	-89.1811294556
46.5766448975	-88.8853073120
46.7379455566	-88.6454010010
46.8998222351	-88.5017547607
47.0622444153	-88.3724288940
47.2252426147	-88.3627014160
47.3887901306	-88.2234878540
47.5529212952	-88.1033782959
47.7176055908	-87.7650985718
47.8828735352	-87.7650985718
48.0486984253	-87.7650985718
48.2151145935	-87.7650985718
48.3820915222	-87.7650985718
48.5496597290	-87.7650985718
48.7177963257	-87.7650985718
48.8865280151	-87.7650985718
49.0558319092	-87.7650985718
49.2257347107	-87.7650985718
49.3962097168	-87.7650985718
49.5672912598	-87.6224212646
49.7389526367	-87.5378646851
49.9112205505	-87.5378646851
50.0840721130	-87.5378646851
50.2575378418	-87.5378646851
50.4316024780	-87.5378646851
50.6062545776	-87.4121780396
50.7815284729	-87.3398895264
50.9573936462	-87.3167572021
51.1338806152	-87.1509704590
51.3109664917	-87.1064376831
51.4886817932	-86.9310073853
51.6669960022	-86.6732711792
51.8459396362	-86.6231842041
52.0254936218	-86.6231842041
52.2056808472	-86.6231842041
52.3864784241	-86.6231842041
52.5679168701	-86.6231842041
52.7499694824	-86.6231842041
52.9326667786	-86.7174530029
53.1159820557	-86.9310073853
53.2999458313	-87.0760879517
53.4845352173	-87.3398895264
53.6697731018	-87.4121780396
53.8556442261	-87.5369567871
54.0421676636	-87.5378646851
54.2293281555	-87.9092178345
54.4171485901	-87.9294052124
54.6056022644	-87.9426727295
54.7947273254	-87.9494400024
54.9844932556	-88.1815567017
55.1749267578	-88.2470169067
55.3660087585	-88.5427322388
55.5577659607	-88.5547714233
55.7501716614	-88.7036972046
55.9432601929	-88.8957290649
56.1370010376	-88.9182434082
56.3314323425	-89.2164535522
56.5265159607	-89.2164535522
56.7222938538	-89.2164535522
56.9187316895	-89.2164535522
57.1158676147	-89.2164535522
57.3136711121	-89.2164535522
57.5121726990	-89.2164535522
57.7113494873	-89.2164535522
57.9112281799	-90.3752746582
58.1117858887	-91.3908462524
58.3130531311	-91.4917144775
58.5150032043	-91.7658157349
58.7176666260	-91.7898941040
58.9210166931	-92.1443328857
59.1250877380	-92.1526107788
59.3298454285	-92.1526107788
59.5353317261	-92.1526107788
59.7415161133	-92.1933822632
59.9484252930	-92.3021163940
60.1560401917	-92.4549484253
60.3643875122	-92.4973983765
60.5734405518	-92.4973983765
60.7832336426	-92.4973983765
60.9937362671	-92.4973983765
61.2049865723	-92.4973983765
61.4169502258	-92.4973983765
61.6296615601	-92.4973983765
61.8430976868	-92.4973983765
62.0572891235	-92.4973983765
62.2722053528	-92.4973983765
62.4878807068	-92.4973983765
62.7042884827	-92.4973983765
62.9214630127	-92.4973983765
63.1393852234	-92.4973983765
63.3580513000	-92.4549484253
63.5774879456	-92.4214706421
63.7976684570	-92.3021163940
64.0186309814	-92.1933822632
64.2403335571	-92.1526107788
64.4628295898	-92.1443328857
64.6860733032	-92.0292816162
64.9101104736	-92.0292816162
65.1349105835	-92.0292816162
65.3604965210	-92.0292816162
65.5868530273	-91.9855728149
65.8140106201	-91.8178100586
66.0419387817	-91.6241455078
66.2706680298	-91.4627532959
66.5001754761	-91.1234283447
66.7304992676	-91.1234283447
66.9616012573	-91.1149444580
67.1935195923	-91.1149444580
67.4262161255	-91.1149444580
67.6597442627	-91.1149444580
67.8940658569	-91.1149444580
68.1292114258	-91.1149444580
68.3651580811	-91.1149444580
68.6019363403	-91.1149444580
68.8395156860	-91.1149444580
69.0779418945	-91.1149444580
69.3171691895	-91.1149444580
69.5572433472	-91.1149444580
69.7981338501	-91.1149444580
70.0398788452	-91.1149444580
70.2824401855	-91.1149444580
70.5258560181	-91.1149444580
70.7701034546	-91.1149444580
71.0152130127	-91.1149444580
71.2611465454	-91.1149444580
71.5079574585	-91.1234283447
71.7555999756	-91.1305007935
72.0041275024	-91.2471771240
72.2534866333	-91.2471771240
72.5037384033	-91.1305007935
72.7548294067	-91.1149444580
73.0068130493	-91.1149444580
73.2596511841	-91.1149444580
73.5133819580	-91.1149444580
73.7679672241	-91.1149444580
74.0234603882	-91.1149444580
74.2798156738	-91.1149444580
74.5370788574	-91.1149444580
74.7952194214	-91.1149444580
75.0542678833	-91.1149444580
75.3141937256	-91.1149444580
75.5750427246	-91.1149444580
75.8367691040	-91.1149444580
76.0994262695	-91.1149444580
76.3629760742	-91.1149444580
76.6274566650	-91.1149444580
76.8928298950	-91.1149444580
77.1591415405	-91.1305007935
77.4263610840	-91.2471771240
77.6945190430	-91.2471771240
77.9635925293	-91.3972778320
78.2336120605	-91.4875869751
78.5045547485	-91.5519256592
78.7764511108	-91.7590713501
79.0492630005	-91.8753738403
79.3230514526	-91.8753738403
79.5977783203	-91.8753738403
79.8734436035	-91.8753738403
80.1500778198	-91.8753738403
80.4276504517	-91.8753738403
80.7062149048	-91.8753738403
80.9857101440	-91.8753738403
81.2662048340	-91.8753738403
81.5476379395	-91.8753738403
81.8300781250	-91.8753738403
82.1134719849	-91.8753738403
82.3978652954	-91.8753738403
82.6832275391	-91.8753738403
82.9695968628	-91.8753738403
83.2569351196	-91.8753738403
83.5452880859	-91.8753738403
83.8346252441	-91.8753738403
84.1249771118	-91.8753738403
84.4163208008	-91.8753738403
84.7086944580	-91.8753738403
85.0020523071	-91.9902114868
85.2964553833	-92.6203689575
85.5918502808	-92.7717514038
85.8882904053	-92.7717514038
86.1857376099	-92.7717514038
86.4842376709	-92.7717514038
86.7837524414	-92.7717514038
87.0843200684	-92.7717514038
87.3859100342	-92.7717514038
87.6885681152	-92.7717514038
87.9922485352	-92.7717514038
88.2970046997	-92.7717514038
88.6027908325	-92.7717514038
88.9096679688	-92.7717514038
89.2175750732	-92.7717514038
89.5265808105	-92.7717514038
89.8366241455	-92.7717514038
90.1477661133	-92.7717514038
90.4599685669	-92.7717514038
90.7732696533	-92.8613967896
91.0876312256	-93.2200317383
91.4031143188	-93.3269729614
91.7196578979	-93.3572845459
92.0373229980	-93.5288848877
92.3560638428	-93.5866165161
92.6759338379	-93.8845825195
92.9968872070	-94.5956268311
93.3189773560	-94.6296005249
93.6421585083	-94.6862106323
93.9664840698	-94.7600784302
94.2919082642	-94.8189010620
94.6184844971	-94.8959960938
94.9461669922	-94.9706726074
95.2750091553	-94.9706726074
95.6049652100	-94.9706726074
95.9360885620	-94.9706726074
96.2683258057	-94.9706726074
96.6017532349	-94.9706726074
96.9363021851	-94.9706726074
97.2720336914	-95.0848159790
97.6089019775	-95.0848159790
97.9469680786	-95.0848159790
98.2861785889	-95.0848159790
98.6265869141	-95.0848159790
98.9681472778	-95.0848159790
99.3109207153	-95.0848159790
99.6548461914	-95.0848159790
100.0000000000	-95.0848159790
100.3463439941	-95.3274765015
100.6938934326	-95.5262451172
101.0425872803	-95.5430374146
101.3925399780	-95.5496215820
101.7437057495	-95.5681533813
102.0960922241	-95.5967941284
102.4496383667	-95.6209564209
102.8044738770	-95.6218414307
103.1605300903	-95.6425704956
103.5178222656	-95.6550598145
103.8762969971	-95.6550598145
104.2360610962	-95.6550598145
104.5970840454	-95.6550598145
104.9593505859	-95.6550598145
105.3228149414	-95.6550598145
105.6875915527	-95.6550598145
106.0536346436	-95.6550598145
106.4209518433	-95.6550598145
106.7894744873	-95.6550598145
107.1593322754	-95.6425704956
107.5304794312	-95.6218414307
107.9029006958	-95.6209564209
108.2765579224	-95.5967941284
108.6515731812	-95.5967941284
109.0278854370	-95.5967941284
109.4054946899	-95.5967941284
109.7843551636	-95.6209564209
110.1645889282	-95.6218414307
110.5461349487	-95.6425704956
110.9290084839	-95.6550598145
111.3131484985	-95.6550598145
111.6986770630	-95.6550598145
112.0855407715	-95.6550598145
112.4737396240	-95.6550598145
112.8632278442	-95.6550598145
113.2541198730	-95.6550598145
113.6463699341	-95.6550598145
114.0399856567	-95.6550598145
114.4348907471	-95.6218414307
114.8312301636	-95.6209564209
115.2289428711	-95.5967941284
115.6280364990	-95.5967941284
116.0284423828	-95.5967941284
116.4303054810	-95.5967941284
116.8335571289	-95.5967941284
117.2382049561	-95.5886154175
117.6441879272	-95.4528427124
118.0516433716	-95.0525054932
118.4605102539	-94.9438858032
118.8707885742	-94.8376693726
119.2824249268	-94.4238586426
119.6955566406	-94.2583465576
120.1101150513	-94.2006988525
120.5261154175	-94.1623840332
120.9434814453	-94.1623840332
121.3623657227	-94.1623840332
121.7826995850	-94.1623840332
122.2044906616	-94.1623840332
122.6276702881	-94.1623840332
123.0523834229	-94.1623840332
123.4785690308	-94.2583465576
123.9062347412	-94.4238586426
124.3353118896	-94.4923171997
124.7659378052	-94.8693466187
125.1980590820	-94.9438858032
125.6316757202	-95.0525054932
126.0667953491	-95.2852554321
126.5033569336	-95.5886154175
126.9414901733	-95.5886154175
127.3811492920	-95.5886154175
127.8223266602	-95.5886154175
128.2649688721	-95.5886154175
128.7091979980	-95.2852554321
129.1549835205	-95.0957794189
129.6023101807	-95.0525054932
130.0511016846	-94.8693466187
130.5015258789	-94.4923171997
130.9535217285	-94.4238586426
131.4070739746	-94.2774505615
131.8621215820	-94.1623840332
132.3188171387	-94.0593261719
132.7770996094	-94.0593261719
133.2369689941	-94.0593261719
133.6983489990	-94.0593261719
134.1614074707	-94.0593261719
134.6260681152	-94.0593261719
135.0923461914	-94.0593261719
135.5601501465	-94.1623840332
136.0296630859	-94.2774505615
136.5007934570	-94.4923171997
136.9735565186	-94.8693466187
137.4478759766	-95.0957794189
137.9239349365	-95.0977401733
138.4016265869	-95.2852554321
138.8809661865	-95.7207412720
139.3618927002	-95.8669815063
139.8445739746	-96.1209487915
140.3289184570	-96.1475219727
140.8149414063	-96.1475219727
141.3025665283	-96.1475219727
141.7919616699	-96.1475219727
142.2830505371	-96.1475219727
142.7758483887	-96.1475219727
143.2702636719	-96.1475219727
143.7664794922	-96.1475219727
144.2644042969	-96.1209487915
144.7640533447	-95.8669815063
145.2653656006	-95.8669815063
145.7684783936	-95.8669815063
146.2733459473	-95.8669815063
146.7799530029	-95.8669815063
147.2882385254	-95.8628082275
147.7983703613	-95.7200622559
148.3102569580	-95.6198577881
148.8239288330	-95.6198577881
149.3392791748	-95.7200622559
149.8565216064	-95.7756576538
150.3755340576	-95.8628082275
150.8963623047	-95.9544143677
151.4188995361	-96.0106887817
151.9433288574	-96.0684204102
152.4695739746	-96.1209487915
152.9976501465	-96.1864776611
153.5274658203	-96.2308425903
154.0592041016	-96.2522048950
154.5927734375	-96.4285430908
155.1282043457	-96.4500808716
155.6653900146	-96.4731292725
156.2045288086	-96.5329666138
156.7455444336	-96.5674057007
157.2884216309	-96.5674057007
157.8330993652	-96.5329666138
158.3797454834	-96.4731292725
158.9282836914	-96.4500808716
159.4787292480	-96.4285430908
160.0310668945	-96.2522048950
160.5852508545	-96.2308425903
161.1414337158	-96.2074432373
161.6995391846	-96.1864776611
162.2595672607	-96.0684204102
162.8214569092	-96.0106887817
163.3853912354	-95.9544143677
163.9512634277	-95.8752593994
164.5191040039	-95.8752593994
165.0888214111	-95.8752593994
165.6605987549	-95.9544143677
166.2343444824	-96.0106887817
166.8100891113	-96.0684204102
167.3877410889	-96.1566925049
167.9674835205	-96.1864776611
168.5492248535	-96.2074432373
169.1329956055	-96.2308425903
169.7186889648	-96.2308425903
170.3064880371	-96.2308425903
170.8963470459	-96.2308425903
171.4882354736	-96.2308425903
172.0820770264	-96.2074432373
172.6780853271	-96.2074432373
173.2761383057	-96.2074432373
173.8762817383	-96.2074432373
174.4783935547	-96.2074432373
175.0826873779	-96.2370452881
175.6890869141	-96.3514099121
176.2975769043	-96.3514099121
176.9080810547	-96.3514099121
177.5207824707	-96.3514099121
178.1356201172	-96.3514099121
178.7525939941	-96.3514099121
179.3715972900	-96.3514099121
179.9928436279	-96.3514099121
180.6162414551	-96.3514099121
181.2417907715	-96.3514099121
181.8694152832	-96.3514099121
182.4993133545	-96.2370452881
183.1313934326	-96.2074432373
183.7656555176	-96.1685867310
184.4020233154	-96.1566925049
185.0406799316	-95.8752593994
185.6815643311	-95.7523498535
186.3246612549	-95.6357345581
186.9698944092	-95.7523498535
187.6174468994	-95.7629394531
188.2672576904	-96.1566925049
188.9193115234	-96.1685867310
189.5735168457	-96.2370452881
190.2301025391	-96.3514099121
190.8889465332	-96.5556030273
191.5500793457	-96.7180786133
192.2134094238	-96.7215728760
192.8791351318	-96.8992385864
193.5471496582	-96.9739913940
194.2174987793	-96.9739913940
194.8900604248	-96.8992385864
195.5650482178	-96.8727722168
196.2423706055	-96.7276306152
196.9220581055	-96.7215728760
197.6039733887	-96.7215728760
198.2883758545	-96.7215728760
198.9751281738	-96.7227783203
199.6642761230	-96.7276306152
200.3558044434	-96.7276306152
201.0496063232	-96.7276306152
201.7459411621	-96.7276306152
202.4446716309	-96.7276306152
203.1458282471	-96.7276306152
203.8493041992	-96.7276306152
204.5553283691	-96.7276306152
205.2637939453	-96.7276306152
205.9747161865	-96.7276306152
206.6879882813	-96.7227783203
207.4038391113	-96.7215728760
208.1221771240	-96.6473770142
208.8430023193	-96.6174240112
209.5662078857	-96.5793609619
210.2920227051	-96.5793609619
211.0203704834	-96.5793609619
211.7512207031	-96.5575866699
212.4844970703	-96.5556030273
213.2204284668	-96.5373229980
213.9589080811	-96.5301666260
214.6999511719	-96.5301666260
215.4434356689	-96.5301666260
216.1896057129	-96.5301666260
216.9383697510	-96.5301666260
217.6897277832	-96.5373229980
218.4435577393	-96.5556030273
219.2001342773	-96.5575866699
219.9593200684	-96.5793609619
220.7211456299	-96.6174240112
221.4854736328	-96.6174240112
222.2525787354	-96.6174240112
223.0223388672	-96.6174240112
223.7947692871	-96.6174240112
224.5697479248	-96.6163940430
225.3475341797	-96.5793609619
226.1280212402	-96.5575866699
226.9112091064	-96.5373229980
227.6969757080	-96.5301666260
228.4855957031	-96.3004150391
229.2769470215	-96.3004150391
230.0710296631	-96.3004150391
230.8677520752	-96.3004150391
231.6673431396	-96.3004150391
232.4697113037	-96.3004150391
233.2748718262	-96.3004150391
234.0826721191	-96.3004150391
234.8934020996	-96.3004150391
235.7069549561	-96.3004150391
236.5233154297	-96.5301666260
237.3423614502	-96.5373229980
238.1643981934	-96.6163940430
238.9892578125	-96.6215209961
239.8169860840	-96.7676696777
240.6474609375	-96.7986450195
241.4809265137	-96.8482055664
242.3172912598	-97.2882461548
243.1565399170	-97.3793945313
243.9985656738	-97.5419158936
244.8436431885	-97.8109970093
245.6916503906	-97.8806076050
246.5425872803	-97.8953094482
247.3963470459	-97.9013137817
248.2531890869	-97.9411163330
249.1130065918	-98.0074615479
249.9757995605	-98.0440521240
250.8414306641	-98.0443267822
251.7102203369	-98.0587005615
252.5820007324	-98.0656051636
253.4568023682	-98.0763397217
254.3346405029	-98.0824279785
255.2153778076	-98.0993804932
256.0993041992	-98.1253738403
256.9862976074	-98.1481781006
257.8763427734	-98.1897583008
258.7693481445	-98.3858032227
259.6655883789	-98.4621124268
260.5649414063	-98.4651107788
261.4673767090	-98.4762268066
262.3728332520	-98.7247924805
263.2815246582	-98.7784729004
264.1933898926	-98.8076248169
265.1084289551	-98.8122406006
266.0264587402	-98.8352279663
266.9478454590	-98.8352279663
267.8724060059	-98.8352279663
268.8001708984	-98.8352279663
269.7309875488	-98.8352279663
270.6651916504	-98.8352279663
271.6026306152	-98.8352279663
272.5433044434	-98.8855743408
273.4870910645	-98.8855743408
274.4343261719	-98.8855743408
275.3847961426	-98.8855743408
276.3385925293	-98.9062652588
277.2955322266	-98.9458770752
278.2559204102	-98.9837875366
279.2196350098	-98.9859085083
280.1867065430	-99.0359573364
281.1569824219	-99.1550979614
282.1307373047	-99.1834106445
283.1079101563	-99.1855850220
284.0884399414	-99.2765655518
285.0722045898	-99.2822952271
286.0595397949	-99.4953842163
287.0502929688	-99.5371322632
288.0444641113	-99.6192169189
289.0419311523	-99.6374816895
290.0430297852	-99.7348937988
291.0475769043	-99.9410476685
292.0556030273	-100.0168533325
293.0669555664	-100.0586929321
294.0820007324	-100.1029586792
295.1005249023	-100.1857833862
296.1225891113	-100.5444183350
297.1480407715	-100.9396743774
298.1771850586	-101.0586471558
299.2099304199	-101.0839614868
300.2462158203	-107.3584365845
301.2859497070	-107.3624267578
302.3294372559	-107.3852005005
303.3765258789	-107.4252166748
304.4272766113	-107.4856109619
305.4814758301	-107.5492019653
306.5394897461	-107.6152267456
307.6011657715	-107.6723175049
308.6665344238	-107.7232666016
309.7354125977	-107.7541275024
310.8081665039	-107.7567138672
311.8846435547	-107.7591018677
312.9648437500	-107.7591934204
314.0486145020	-107.7591934204
315.1362915039	-107.7591934204
316.2277526855	-107.7591934204
317.3229980469	-107.7591934204
318.4220275879	-107.7591934204
319.5247192383	-107.7591934204
320.6313781738	-107.7604217529
321.7418518066	-107.7604980469
322.8562011719	-107.7611389160
323.9742126465	-107.7620544434
325.0962829590	-107.7654113770
326.2222290039	-107.7662811279
327.3520812988	-107.7692947388
328.4856872559	-107.7725601196
329.6233825684	-107.7737274170
330.7650146484	-107.7737274170
331.9106140137	-107.7737274170
333.0599670410	-107.7737274170
334.2135314941	-107.7737274170
335.3710632324	-107.7737274170
336.5325927734	-107.7737274170
337.6979675293	-107.7725601196
338.8675842285	-107.7692947388
340.0412292480	-107.7662811279
341.2189331055	-107.7662811279
342.4005432129	-107.7692947388
343.5864257813	-107.7763061523
344.7764282227	-107.7864532471
345.9705505371	-107.7947311401
347.1686096191	-107.8023910522
348.3710327148	-107.8137741089
349.5775756836	-107.8145446777
350.7883300781	-107.8278198242
352.0030822754	-107.8440093994
353.2222290039	-107.8451919556
354.4455871582	-107.8461761475
355.6731872559	-107.8515319824
356.9048461914	-107.8515319824
358.1409912109	-107.8515319824
359.3813781738	-107.8515319824
360.6260986328	-107.8515319824
361.8749084473	-107.8515319824
363.1282348633	-107.8515319824
364.3859252930	-107.8515319824
365.6479492188	-107.8748321533
366.9141540527	-107.8832778931
368.1849365234	-107.8973388672
369.4601440430	-107.9027481079
370.7397460938	-107.9158706665
372.0235900879	-107.9257049561
373.3120727539	-107.9314346313
374.6050109863	-107.9392089844
375.9024353027	-107.9423599243
377.2041625977	-107.9802551270
378.5105895996	-108.0300598145
379.8215332031	-108.0912170410
381.1370239258	-108.1566314697
382.4568786621	-108.1572952271
383.7814941406	-108.1574325562
385.1107177734	-108.1828155518
386.4445190430	-108.1917800903
387.7827453613	-108.2091827393
389.1258239746	-108.2204818726
390.4735412598	-108.2405242920
391.8259277344	-108.2454910278
393.1827697754	-108.2675018311
394.5445556641	-108.3635101318
395.9110412598	-108.4418334961
397.2822570801	-108.4418334961
398.6582031250	-108.4418334961
400.0387268066	-108.4418334961
401.4242553711	-108.4418334961
402.8145751953	-108.4418334961
404.2096862793	-108.4418334961
405.6094360352	-108.4418334961
407.0142517090	-108.4418334961
408.4239196777	-108.4418334961
409.8384704590	-108.4418334961
411.2576904297	-108.4418334961
412.6820678711	-108.4418334961
414.1113891602	-108.4418334961
415.5456237793	-108.4418334961
416.9846191406	-108.4418334961
418.4288330078	-108.4522857666
419.8780517578	-108.4710617065
421.3322753906	-108.4719161987
422.7913208008	-108.4761276245
424.2556152344	-108.4788360596
425.7250061035	-108.4791946411
427.1994934082	-108.4835968018
428.6788330078	-108.4941329956
430.1635437012	-108.4967269897
431.6534118652	-108.4967269897
433.1484069824	-108.4967269897
434.6483764648	-108.4967269897
436.1537475586	-108.4967269897
437.6643676758	-108.5151138306
439.1801757813	-108.5363998413
440.7010192871	-108.5481643677
442.2273559570	-108.5482101440
443.7590026855	-108.5893096924
445.2959289551	-108.5924682617
446.8379516602	-108.6251602173
448.3855590820	-108.6275558472
449.9385375977	-108.6476440430
451.4968566895	-108.6479187012
453.0603637695	-108.6549377441
454.6295166016	-108.7023696899
456.2041015625	-108.7236175537
457.7841491699	-108.7236175537
459.3694152832	-108.7236175537
460.9604187012	-108.7236175537
462.5569152832	-108.7236175537
464.1589660645	-108.7236175537
465.7662963867	-108.7236175537
467.3794555664	-108.7236175537
468.9981994629	-108.7236175537
470.6225585938	-108.7236175537
472.2522888184	-108.7236175537
473.8879089355	-108.7236175537
475.5292053223	-108.7236175537
477.1761779785	-108.7236175537
478.8285827637	-108.7236175537
480.4869995117	-108.7236175537
482.1511230469	-108.7236175537
483.8210449219	-108.7264938354
485.4964599609	-108.7303390503
487.1779479980	-108.7457885742
488.8652954102	-108.7572174072
490.5584411621	-108.7784118652
492.2572021484	-108.7831344604
493.9620971680	-108.8120117188
495.6729125977	-108.8120117188
497.3896789551	-108.8120117188
499.1120910645	-108.8120117188
500.8407287598	-108.8133697510
502.5753784180	-108.8137741089
504.3160095215	-108.8262710571
506.0626831055	-108.8323593140
507.8151245117	-108.8447113037
509.5739440918	-108.8521423340
511.3388061523	-108.8604888916
513.1098022461	-108.8619613647
514.8866577148	-108.8973693848
516.6699829102	-108.9159011841
518.4594116211	-108.9169311523
520.2550659180	-108.9169311523
522.0566406250	-108.9169311523
523.8648071289	-108.9169311523
525.6791992188	-108.9169311523
527.4998168945	-108.9169311523
529.3265380859	-108.9169311523
531.1597900391	-108.9169311523
532.9994506836	-108.9169311523
534.8454589844	-108.9179916382
536.6975708008	-108.9186782837
538.5563964844	-108.9186782837
540.4216918945	-108.9186782837
542.2933959961	-108.9186782837
544.1713256836	-108.9206390381
546.0560302734	-108.9263687134
547.9472656250	-108.9269409180
549.8450927734	-108.9330368042
551.7491455078	-108.9428634644
553.6600952148	-108.9438095093
555.5776367188	-108.9511871338
557.5018920898	-108.9535751343
559.4324340820	-108.9578475952
561.3700561523	-108.9589157104
563.3143310547	-108.9655532837
565.2653198242	-108.9785995483
567.2227783203	-108.9828109741
569.1873168945	-108.9831771851
571.1586914063	-108.9909057617
573.1368408203	-109.0016555786
575.1215820313	-109.0595855713
577.1134643555	-109.0634841919
579.1123046875	-109.0740051270
581.1180419922	-109.1379470825
583.1303710938	-109.1379470825
585.1500244141	-109.1379470825
587.1766357422	-109.1379470825
589.2103271484	-109.1574249268
591.2507324219	-109.1614303589
593.2984619141	-109.1660156250
595.3533325195	-109.1708984375
597.4152832031	-109.1713790894
599.4841308594	-109.1857528687
601.5603637695	-109.1857528687
603.6438598633	-109.1857528687
605.7345581055	-109.1857528687
607.8321533203	-109.1857528687
609.9373779297	-109.1857528687
612.0498657227	-109.1857528687
614.1696777344	-109.1857528687
616.2964477539	-109.1857528687
618.4309692383	-109.1713790894
620.5728759766	-109.1708984375
622.7222290039	-109.1660156250
624.8786621094	-109.1614303589
627.0429077148	-109.1379470825
629.2145996094	-109.1379470825
631.3938598633	-109.1379470825
633.5806884766	-109.1379470825
635.7747192383	-109.1379470825
637.9766845703	-109.1614303589
640.1862792969	-109.1660156250
642.4035644531	-109.1708984375
644.6281127930	-109.1708984375
646.8607788086	-109.1660156250
649.1011352539	-109.1614303589
651.3492431641	-109.1379470825
653.6047973633	-109.1379470825
655.8685302734	-109.1379470825
658.1401367188	-109.1379470825
660.4195556641	-109.1379470825
662.7065429688	-109.1379470825
665.0017700195	-109.1379470825
667.3049926758	-109.1379470825
669.6161499023	-109.1379470825
671.9349975586	-109.1379470825
674.2622070313	-109.1379470825
676.5974731445	-109.1379470825
678.9408569336	-109.1379470825
681.2919311523	-109.1379470825
683.6515502930	-109.1614303589
686.0193481445	-109.1776962280
688.3953857422	-109.1879348755
690.7792358398	-109.1893005371
693.1716918945	-109.1921539307
695.5724487305	-109.1921539307
697.9815673828	-109.1921539307
700.3985595703	-109.1921539307
702.8244018555	-109.1921539307
705.2586059570	-109.1940155029
707.7012329102	-109.1948852539
710.1519165039	-109.2402496338
712.6115112305	-109.2523040771
715.0795898438	-109.2638168335
717.5562133789	-109.2828216553
720.0410766602	-109.2901763916
722.5349121094	-109.2948684692
725.0373535156	-109.3088226318
727.5484619141	-109.3111953735
730.0679321289	-109.3530044556
732.5964965820	-109.3559799194
735.1337890625	-109.3739395142
737.6798706055	-109.4109878540
740.2344360352	-109.4374160767
742.7981567383	-109.4427413940
745.3708496094	-109.4537582397
747.9523925781	-109.4644927979
750.5424804688	-109.4661407471
753.1419067383	-109.4692687988
755.7504272461	-109.4871749878
758.3679199219	-109.4968185425
760.9940795898	-109.5312423706
763.6297607422	-109.5326843262
766.2745361328	-109.5339813232
768.9284667969	-109.5698165894
771.5912475586	-109.5803146362
774.2636108398	-109.5962066650
776.9451904297	-109.6360778809
779.6361083984	-109.6360778809
782.3359375000	-109.6366958618
785.0455322266	-109.6366958618
787.7644653320	-109.6366958618
790.4928588867	-109.6366958618
793.2302856445	-109.6366958618
795.9776000977	-109.6366958618
798.7344360352	-109.6366958618
801.5007934570	-109.6366958618
804.2767333984	-109.6366958618
807.0618896484	-109.6366958618
809.8571166992	-109.6366958618
812.6620483398	-109.6366958618
815.4766235352	-109.6366958618
818.3005371094	-109.6366958618
821.1347045898	-109.6366958618
823.9786376953	-109.6366958618
826.8324584961	-109.6272125244
829.6957397461	-109.5962066650
832.5693359375	-109.5803146362
835.4528808594	-109.5782470703
838.3464355469	-109.5312423706
841.2495727539	-109.4661407471
844.1632080078	-109.4537582397
847.0869140625	-109.4443588257
850.0207519531	-109.4443588257
852.9642944336	-109.4443588257
855.9185180664	-109.4328536987
858.8829345703	-109.3582382202
861.8576049805	-109.3421478271
864.8421630859	-109.3154067993
867.8375244141	-109.3138580322
870.8432006836	-109.2704315186
873.8593750000	-109.2679061890
876.8854370117	-109.2492980957
879.9224853516	-109.2424545288
882.9700317383	-109.1780319214
886.0281982422	-109.1594696045
889.0964355469	-109.1588973999
892.1757812500	-109.1158676147
895.2657470703	-109.0593414307
898.3664550781	-109.0333938599
901.4774169922	-108.9226760864
904.5996704102	-108.9141616821
907.7327270508	-108.8840560913
910.8765869141	-108.7423324585
914.0308837891	-108.7258300781
917.1965942383	-108.3429718018
920.3732299805	-108.2673721313
923.5609130859	-107.7919006348
926.7590942383	-107.7499237061
929.9689331055	-107.7263412476
933.1898193359	-107.6591110229
936.4218750000	-107.5834884644
939.6646118164	-107.5834884644
942.9190673828	-107.5834884644
946.1848754883	-107.5834884644
949.4619140625	-107.5834884644
952.7498168945	-107.5834884644
956.0496215820	-107.6638717651
959.3608398438	-107.7263412476
962.6835327148	-107.7320632935
966.0172119141	-107.7320632935
969.3629760742	-107.7320632935
972.7203369141	-107.7320632935
976.0892944336	-107.7320632935
979.4694213867	-107.7320632935
982.8617553711	-107.7320632935
986.2658691406	-107.7320632935
989.6817626953	-107.7320632935
993.1088867188	-107.7320632935
996.5485229492	-107.7320632935
1000.0000000000	-107.7320632935
1003.4634399414	-107.7320632935
1006.9389038086	-107.7320632935
1010.4258422852	-107.7320632935
1013.9254150391	-107.7320632935
1017.4370727539	-107.7320632935
1020.9609375000	-107.7499237061
1024.4964599609	-107.7941741943
1028.0446777344	-107.8509979248
1031.6053466797	-107.9011535645
1035.1782226563	-107.9472656250
1038.7629394531	-107.9932022095
1042.3605957031	-108.0416641235
1045.9708251953	-108.1079254150
1049.5935058594	-108.1921234131
1053.2281494141	-108.2952651978
1056.8759765625	-108.4243316650
1060.5363769531	-108.5581359863
1064.2094726563	-108.6871337891
1067.8947753906	-108.8017883301
1071.5933837891	-108.8838119507
1075.3048095703	-108.9480285645
1079.0290527344	-108.9976882935
1082.7656250000	-109.0372238159
1086.5157470703	-109.0744323730
1090.2788085938	-109.1123733521
1094.0549316406	-109.1531295776
1097.8435058594	-109.2038574219
1101.6458740234	-109.2739715576
1105.4614257813	-109.3628921509
1109.2901611328	-109.4705047607
1113.1314697266	-109.5943145752
1116.9866943359	-109.7128219604
1120.8553466797	-109.7675018311
1124.7374267578	-109.7756805420
1128.6323242188	-109.7761764526
1132.5412597656	-109.7987365723
1136.4637451172	-109.8009185791
1140.3997802734	-109.8152694702
1144.3488769531	-109.8314819336
1148.3123779297	-109.8378372192
1152.2894287109	-109.8647079468
1156.2803955078	-109.8750610352
1160.2844238281	-109.8952941895
1164.3029785156	-109.8954925537
1168.3355712891	-109.9055099487
1172.3819580078	-109.9066619873
1176.4418945313	-109.9070510864
1180.5163574219	-109.9208450317
1184.6051025391	-109.9263992310
1188.7078857422	-109.9264602661
1192.8243408203	-109.9265899658
1196.9555664063	-109.9376068115
1201.1011962891	-109.9400863647
1205.2611083984	-109.9410247803
1209.4348144531	-109.9425430298
1213.6236572266	-109.9430160522
1217.8270263672	-109.9436111450
1222.0449218750	-109.9487915039
1226.2767333984	-109.9487915039
1230.5238037109	-109.9447479248
1234.7857666016	-109.9446105957
1239.0623779297	-109.9436111450
1243.3531494141	-109.9425430298
1247.6594238281	-109.9410247803
1251.9805908203	-109.9400863647
1256.3167724609	-109.9396362305
1260.6679687500	-109.9376068115
1265.0335693359	-109.9265899658
1269.4149169922	-109.9264602661
1273.8115234375	-109.9264602661
1278.2232666016	-109.9264602661
1282.6496582031	-109.9264602661
1287.0920410156	-109.9264602661
1291.5498046875	-109.9264602661
1296.0230712891	-109.9396362305
1300.5111083984	-109.9425430298
1305.0152587891	-109.9446105957
1309.5351562500	-109.9447479248
1314.0706787109	-109.9564819336
1318.6212158203	-109.9609680176
1323.1881103516	-109.9643859863
1327.7709960938	-109.9645843506
1332.3696289063	-109.9645843506
1336.9835205078	-109.9645843506
1341.6141357422	-109.9645843506
1346.2607421875	-109.9645843506
1350.9234619141	-109.9645843506
1355.6015625000	-109.9645843506
1360.2966308594	-109.9645843506
1365.0079345703	-109.9762802124
1369.7355957031	-109.9811706543
1374.4788818359	-109.9811706543
1379.2392578125	-109.9811706543
1384.0162353516	-109.9811706543
1388.8096923828	-109.9811706543
1393.6190185547	-109.9811706543
1398.4456787109	-109.9762802124
1403.2891845703	-109.9564819336
1408.1494140625	-109.9447479248
1413.0257568359	-109.9446105957
1417.9196777344	-109.9444580078
1422.8305664063	-109.9396362305
1427.7584228516	-109.9097671509
1432.7026367188	-109.8889846802
1437.6647949219	-109.7444915771
1442.6440429688	-109.7398834229
1447.6405029297	-109.4809036255
1452.6535644531	-109.4578170776
1457.6848144531	-109.2485198975
1462.7333984375	-109.1252212524
1467.7995605469	-109.0895614624
1472.8823242188	-108.7561187744
1477.9836425781	-108.7192993164
1483.1025390625	-108.7192993164
1488.2392578125	-108.7192993164
1493.3928222656	-108.7192993164
1498.5651855469	-107.8378524780
1503.7553710938	-105.9219131470
1508.9635009766	-104.9530868530
1514.1889648438	-104.4875335693
1519.4332275391	-104.4796447754
1524.6958007813	-104.0068435669
1529.9764404297	-103.4305038452
1535.2746582031	-103.3597946167
1540.5920410156	-102.9045867920
1545.9277343750	-102.9045867920
1551.2819824219	-102.9045867920
1556.6539306641	-102.9045867920
1562.0452880859	-102.9045867920
1567.4554443359	-102.9045867920
1572.8842773438	-102.9045867920
1578.3309326172	-102.9045867920
1583.7974853516	-102.9045867920
1589.2828369141	-102.9045867920
1594.7872314453	-102.9045867920
1600.3107910156	-102.9045867920
1605.8524169922	-102.9045867920
1611.4143066406	-102.9045867920
1616.9953613281	-102.9045867920
1622.5957031250	-102.9045867920
1628.2145996094	-102.9045867920
1633.8538818359	-102.9045867920
1639.5125732422	-102.9045867920
1645.1910400391	-102.9310302734
1650.8881835938	-102.9573898315
1656.6059570313	-102.9836730957
1662.3435058594	-103.0229187012
1668.1009521484	-103.0620422363
1673.8774414063	-103.0620422363
1679.6748046875	-103.0620422363
1685.4923095703	-103.0620422363
1691.3299560547	-103.0620422363
1697.1867675781	-103.0620422363
1703.0649414063	-103.2226104736
1708.9635009766	-103.8034591675
1714.8823242188	-104.2403335571
1720.8208007813	-104.3092727661
1726.7807617188	-104.5798873901
1732.7614746094	-104.6182022095
1738.7628173828	-104.6436386108
1744.7839355469	-105.4808273315
1750.8269042969	-106.3642807007
1756.8908691406	-107.5239181519
1762.9757080078	-108.4587631226
1769.0808105469	-108.8375701904
1775.2078857422	-108.9111251831
1781.3562011719	-108.9272994995
1787.5258789063	-108.9280700684
1793.7159423828	-109.0348815918
1799.9283447266	-109.0468750000
1806.1623535156	-109.1275939941
1812.4178466797	-109.1560134888
1818.6940917969	-109.1560134888
1824.9930419922	-109.1560134888
1831.3138427734	-109.1560134888
1837.6564941406	-109.1560134888
1844.0201416016	-109.1560134888
1850.4068603516	-109.1560134888
1856.8156738281	-109.1560134888
1863.2467041016	-109.1560134888
1869.6988525391	-109.1560134888
1876.1745605469	-109.1560134888
1882.6726074219	-109.1560134888
1889.1931152344	-109.1560134888
1895.7352294922	-109.1560134888
1902.3010253906	-109.1560134888
1908.8895263672	-109.1560134888
1915.5008544922	-109.1560134888
1922.1340332031	-109.1560134888
1928.7912597656	-109.1275939941
1935.4715576172	-109.0468750000
1942.1749267578	-109.0348815918
1948.9005126953	-109.0225219727
1955.6505126953	-108.9906997681
1962.4238281250	-108.9737319946
1969.2205810547	-108.9431304932
1976.0397949219	-108.9398040771
1982.8836669922	-108.9272994995
1989.7513427734	-108.9111251831
1996.6427001953	-108.8926162720
2003.5579833984	-108.8897628784
2010.4960937500	-108.8865051270
2017.4593505859	-108.8375701904
2024.4467773438	-108.6868972778
2031.4583740234	-108.6812286377
2038.4930419922	-108.6798629761
2045.5533447266	-108.6557388306
2052.6379394531	-108.6454620361
2059.7473144531	-108.5977859497
2066.8798828125	-108.5597305298
2074.0385742188	-108.5006790161
2081.2219238281	-108.4887237549
2088.4299316406	-108.4583358765
2095.6621093750	-108.4371948242
2102.9201660156	-108.3767852783
2110.2036132813	-108.1758346558
2117.5122070313	-107.9771347046
2124.8449707031	-107.8770294189
2132.2043457031	-107.8179397583
2139.5891113281	-107.5888671875
2146.9995117188	-107.3508300781
2154.4343261719	-107.2662734985
2161.8959960938	-106.9434432983
2169.3837890625	-106.9299545288
2176.8972167969	-106.8567123413
2184.4355468750	-106.7877578735
2192.0014648438	-106.6853332520
2199.5932617188	-106.5877761841
2207.2114257813	-106.4710845947
2214.8547363281	-106.3453903198
2222.5258789063	-106.3453903198
2230.2233886719	-106.3453903198
2237.9477539063	-106.3453903198
2245.6975097656	-106.3453903198
2253.4753417969	-106.0090789795
2261.2802734375	-105.8645858765
2269.1120605469	-105.7846603394
2276.9697265625	-105.7629776001
2284.8559570313	-105.5340957642
2292.7695312500	-105.3058166504
2300.7104492188	-105.0483245850
2308.6774902344	-104.7263031006
2316.6735839844	-104.6038589478
2324.6972656250	-104.5626983643
2332.7485351563	-104.5574874878
2340.8266601563	-104.4005279541
2348.9340820313	-104.1006546021
2357.0695800781	-103.7807388306
2365.2331542969	-103.7041168213
2373.4235839844	-103.3925094604
2381.6440429688	-101.9460296631
2389.8925781250	-100.8666763306
2398.1699218750	-100.6359481812
2406.4746093750	-100.6214447021
2414.8093261719	-100.4397659302
2423.1728515625	-100.2502136230
2431.5654296875	-100.1981887817
2439.9855957031	-100.1017684937
2448.4365234375	-99.9636764526
2456.9165039063	-99.7641754150
2465.4260253906	-99.1417083740
2473.9633789063	-98.2401580811
2482.5319824219	-97.5645141602
2491.1301269531	-96.8692398071
2499.7580566406	-95.8666687012
2508.4143066406	-94.6949081421
2517.1020507813	-93.6786193848
2525.8200683594	-92.4724349976
2534.5681152344	-92.4724349976
2543.3464355469	-92.4724349976
2552.1538085938	-92.4724349976
2560.9931640625	-92.4724349976
2569.8630371094	-92.4724349976
2578.7636718750	-92.4724349976
2587.6936035156	-92.4724349976
2596.6560058594	-92.4724349976
2605.6494140625	-92.4724349976
2614.6738281250	-92.4724349976
2623.7282714844	-92.4724349976
2632.8154296875	-92.4724349976
2641.9340820313	-92.4724349976
2651.0842285156	-92.4724349976
2660.2646484375	-92.4724349976
2669.4785156250	-92.4724349976
2678.7241210938	-92.4724349976
2688.0017089844	-92.4724349976
2697.3100585938	-92.4724349976
2706.6518554688	-92.4724349976
2716.0263671875	-92.4724349976
2725.4331054688	-92.4724349976
2734.8710937500	-92.4724349976
2744.3432617188	-93.1175384521
2753.8481445313	-94.4356307983
2763.3859863281	-95.6424102783
2772.9553222656	-96.7030181885
2782.5593261719	-97.6102676392
2792.1965332031	-98.2725067139
2801.8671875000	-98.9136657715
2811.5698242188	-99.6747741699
2821.3073730469	-99.9518966675
2831.0788574219	-100.1106033325
2840.8842773438	-100.1902389526
2850.7219238281	-100.3251571655
2860.5952148438	-100.3293914795
2870.5029296875	-101.3546905518
2880.4448242188	-102.6375274658
2890.4194335938	-103.4880828857
2900.4301757813	-103.7616348267
2910.4758300781	-104.0278396606
2920.5561523438	-104.5833663940
2930.6696777344	-105.1405868530
2940.8198242188	-105.4464645386
2951.0053710938	-105.6390151978
2961.2260742188	-105.8580551147
2971.4804687500	-105.8580551147
2981.7719726563	-105.8580551147
2992.0991210938	-105.8580551147
3002.4621582031	-105.8580551147
3012.8593750000	-105.8580551147
3023.2944335938	-105.8580551147
3033.7653808594	-105.8580551147
3044.2727050781	-105.8580551147
3054.8146972656	-105.8580551147
3065.3950195313	-105.8580551147
3076.0117187500	-105.8580551147
3086.6655273438	-105.8580551147
3097.3542480469	-105.8580551147
3108.0817871094	-105.8580551147
3118.8464355469	-105.8580551147
3129.6484375000	-105.8580551147
3140.4860839844	-105.8580551147
3151.3630371094	-105.8580551147
3162.2775878906	-105.8580551147
3173.2299804688	-105.8644866943
3184.2204589844	-106.1427154541
3195.2470703125	-106.3754730225
3206.3137207031	-106.4972915649
3217.4184570313	-106.5074920654
3228.5620117188	-106.6780776978
3239.7421875000	-106.8116149902
3250.9628906250	-106.8116149902
3262.2224121094	-106.9111099243
3273.5209960938	-106.9731292725
3284.8569335938	-106.9882507324
3296.2338867188	-106.9882507324
3307.6501464844	-106.9882507324
3319.1059570313	-106.7432022095
3330.5998535156	-106.3754730225
3342.1352539063	-106.0204238892
3353.7104492188	-105.8644866943
3365.3259277344	-105.5932617188
3376.9797363281	-105.5726394653
3388.6757812500	-105.5473327637
3400.4123535156	-105.5448684692
3412.1894531250	-105.5096893311
3424.0056152344	-105.4061889648
3435.8645019531	-104.9674148560
3447.7644042969	-104.9674148560
3459.7055664063	-104.9674148560
3471.6860351563	-104.9674148560
3483.7102050781	-104.9674148560
3495.7758789063	-104.9674148560
3507.8833007813	-105.2354278564
3520.0307617188	-105.4061889648
3532.2221679688	-105.5096893311
3544.4558105469	-105.5448684692
3556.7319335938	-105.5473327637
3569.0485839844	-105.5726394653
3581.4099121094	-105.8644866943
3593.8139648438	-106.0204238892
3606.2609863281	-106.0457839966
3618.7490234375	-106.3754730225
3631.2824707031	-106.7432022095
3643.8591308594	-106.9886474609
3656.4794921875	-107.0687332153
3669.1416015625	-107.5352783203
3681.8493652344	-107.9235382080
3694.6013183594	-107.9637222290
3707.3974609375	-107.9706954956
3720.2358398438	-108.0390548706
3733.1206054688	-108.2054367065
3746.0500488281	-108.3573150635
3759.0244140625	-108.3659057617
3772.0415039063	-108.6903152466
3785.1059570313	-108.3788146973
3798.2153320313	-108.3659057617
3811.3703613281	-108.3573150635
3824.5688476563	-108.2054367065
3837.8149414063	-108.2005157471
3851.1071777344	-108.2005157471
3864.4453125000	-108.2054367065
3877.8273925781	-108.2305450439
3891.2580566406	-108.2605743408
3904.7353515625	-108.2906036377
3918.2590332031	-108.3573150635
3931.8276367188	-108.3788146973
3945.4453125000	-108.4502334595
3959.1103515625	-108.6688079834
3972.8225097656	-108.6903152466
3986.5822753906	-108.8104629517
4000.3872070313	-108.8542633057
4014.2424316406	-108.8788375854
4028.1455078125	-108.9163360596
4042.0969238281	-108.9474945068
4056.0942382813	-109.2792053223
4070.1423339844	-109.2792053223
4084.2392578125	-109.2946395874
4098.3847656250	-109.2961502075
4112.5771484375	-109.4959030151
4126.8208007813	-109.4959030151
4141.1137695313	-109.4959030151
4155.4565429688	-109.4959030151
4169.8461914063	-109.4959030151
4184.2885742188	-109.4959030151
4198.7802734375	-109.4959030151
4213.3227539063	-109.5496597290
4227.9130859375	-109.5691452026
4242.5561523438	-109.5991744995
4257.2500000000	-109.6010665894
4271.9951171875	-109.6010665894
4286.7885742188	-109.6010665894
4301.6357421875	-109.6010665894
4316.5341796875	-109.5991744995
4331.4843750000	-109.5691452026
4346.4838867188	-109.5496597290
4361.5375976563	-109.4959030151
4376.6435546875	-109.4959030151
4391.8017578125	-109.4959030151
4407.0102539063	-109.4959030151
4422.2739257813	-109.4959030151
4437.5898437500	-109.5460128784
4452.9594726563	-109.5496597290
4468.3793945313	-109.5691452026
4483.8554687500	-109.5991744995
4499.3852539063	-109.6010665894
4514.9687500000	-109.6292037964
4530.6035156250	-109.6592330933
4546.2949218750	-109.6592330933
4562.0410156250	-109.6592330933
4577.8413085938	-109.6592330933
4593.6938476563	-109.6592330933
4609.6040039063	-109.6592330933
4625.5693359375	-109.6592330933
4641.5898437500	-109.6667633057
4657.6630859375	-110.0603103638
4673.7944335938	-110.1545028687
4689.9819335938	-110.3750228882
4706.2255859375	-110.3750228882
4722.5229492188	-110.3750228882
4738.8789062500	-110.3750228882
4755.2919921875	-110.3750228882
4771.7617187500	-110.3750228882
4788.2861328125	-110.3750228882
4804.8701171875	-110.3750228882
4821.5112304688	-110.2840347290
4838.2104492188	-110.1545028687
4854.9648437500	-109.8016586304
4871.7797851563	-109.8016586304
4888.6528320313	-109.7835617065
4905.5844726563	-109.7699203491
4922.5717773438	-109.7647552490
4939.6210937500	-109.7080230713
4956.7294921875	-109.6757049561
4973.8964843750	-109.6757049561
4991.1206054688	-109.6757049561
5008.4072265625	-109.7030639648
5025.7539062500	-109.7080230713
5043.1601562500	-109.7303314209
5060.6269531250	-109.7575225830
5078.1513671875	-109.7647552490
5095.7392578125	-109.7699203491
5113.3881835938	-109.7711715698
5131.0981445313	-109.7835617065
5148.8666992188	-109.7846221924
5166.6997070313	-109.7846221924
5184.5942382813	-109.7846221924
5202.5507812500	-109.7846221924
5220.5668945313	-109.7846221924
5238.6479492188	-109.7846221924
5256.7915039063	-109.7846221924
5274.9985351563	-109.7846221924
5293.2651367188	-109.7846221924
5311.5981445313	-109.7846221924
5329.9946289063	-109.7846221924
5348.4545898438	-109.8016586304
5366.9760742188	-109.8296356201
5385.5644531250	-109.8385696411
5404.2167968750	-109.8927688599
5422.9340820313	-109.8961410522
5441.7133789063	-109.9376983643
5460.5605468750	-109.9376983643
5479.4726562500	-109.9376983643
5498.4506835938	-109.9376983643
5517.4912109375	-109.9376983643
5536.6010742188	-109.9376983643
5555.7768554688	-110.0955963135
5575.0190429688	-110.1034011841
5594.3247070313	-110.1818466187
5613.7001953125	-110.2120971680
5633.1430664063	-110.2489242554
5652.6533203125	-110.6160888672
5672.2275390625	-110.6690368652
5691.8730468750	-110.6951293945
5711.5869140625	-110.7123565674
5731.3686523438	-110.7462158203
5751.2158203125	-110.8321838379
5771.1347656250	-110.8549804688
5791.1230468750	-111.0800628662
5811.1801757813	-111.1059494019
5831.3037109375	-111.3480834961
5851.5000000000	-111.3821334839
5871.7666015625	-111.3905868530
5892.1030273438	-111.5091629028
5912.5068359375	-111.5773391724
5932.9848632813	-111.7080841064
5953.5332031250	-111.7541046143
5974.1533203125	-111.7709274292
5994.8408203125	-111.8470153809
6015.6040039063	-111.8950042725
6036.4384765625	-111.8950042725
6057.3457031250	-111.9645690918
6078.3217773438	-111.9743041992
6099.3735351563	-112.1918487549
6120.4985351563	-112.2497253418
6141.6967773438	-112.2591323853
6162.9648437500	-112.2843170166
6184.3095703125	-112.4122848511
6205.7290039063	-112.4437942505
6227.2221679688	-112.4860076904
6248.7866210938	-112.6229553223
6270.4287109375	-112.6461105347
6292.1459960938	-112.6461105347
6313.9384765625	-112.6461105347
6335.8066406250	-112.6461105347
6357.7470703125	-112.6461105347
6379.7666015625	-112.6461105347
6401.8627929688	-112.6461105347
6424.0351562500	-112.6461105347
6446.2812500000	-112.6461105347
6468.6074218750	-112.6461105347
6491.0112304688	-112.6461105347
6513.4926757813	-112.6461105347
6536.0483398438	-112.6975555420
6558.6855468750	-112.7081527710
6581.4013671875	-112.7368774414
6604.1958007813	-112.7368774414
6627.0654296875	-112.7368774414
6650.0175781250	-112.7368774414
6673.0498046875	-112.7368774414
6696.1616210938	-112.7368774414
6719.3496093750	-112.7627639771
6742.6220703125	-112.7926559448
6765.9746093750	-112.8454971313
6789.4082031250	-112.8454971313
6812.9194335938	-112.8454971313
6836.5156250000	-112.8454971313
6860.1938476563	-112.8454971313
6883.9536132813	-112.8454971313
6907.7919921875	-112.8567581177
6931.7167968750	-112.8567581177
6955.7246093750	-112.8567581177
6979.8154296875	-112.8567581177
7003.9858398438	-112.8567581177
7028.2436523438	-112.8238220215
7052.5859375000	-112.7770004272
7077.0122070313	-112.7368774414
7101.5190429688	-112.6975555420
7126.1147460938	-112.6848220825
7150.7958984375	-112.6461105347
7175.5625000000	-112.5595626831
7200.4106445313	-112.5541381836
7225.3491210938	-112.5280227661
7250.3735351563	-112.3097610474
7275.4848632813	-112.2676239014
7300.6791992188	-112.2411041260
7325.9648437500	-112.1096725464
7351.3378906250	-112.0767364502
7376.7988281250	-112.0081939697
7402.3442382813	-112.0081939697
7427.9819335938	-112.0081939697
7453.7080078125	-112.0081939697
7479.5239257813	-112.0081939697
7505.4248046875	-112.0081939697
7531.4194335938	-112.0081939697
7557.5039062500	-112.0081939697
7583.6791992188	-112.0081939697
7609.9409179688	-111.7410430908
7636.2973632813	-111.7410430908
7662.7451171875	-111.7410430908
7689.2851562500	-111.7410430908
7715.9121093750	-111.4755401611
7742.6357421875	-110.9860610962
7769.4521484375	-110.8440322876
7796.3613281250	-110.2903289795
7823.3593750000	-110.2619400024
7850.4550781250	-110.2619400024
7877.6450195313	-110.2619400024
7904.9287109375	-110.2619400024
7932.3027343750	-110.2619400024
7959.7758789063	-110.2619400024
7987.3442382813	-110.2619400024
8015.0078125000	-110.2619400024
8042.7675781250	-110.2619400024
8070.6191406250	-110.2619400024
8098.5712890625	-110.2619400024
8126.6201171875	-110.2619400024
8154.7666015625	-110.2619400024
8183.0053710938	-110.2619400024
8211.3466796875	-110.2619400024
8239.7871093750	-110.2619400024
8268.3251953125	-110.2619400024
8296.9570312500	-110.2619400024
8325.6933593750	-110.2903289795
8354.5292968750	-110.7724227905
8383.4648437500	-110.9860610962
8412.4960937500	-111.5582733154
8441.6318359375	-111.7410430908
8470.8691406250	-111.8251190186
8500.2080078125	-112.1696853638
8529.6425781250	-112.3037872314
8559.1845703125	-112.3349380493
8588.8291015625	-112.4420318604
8618.5761718750	-112.5155563354
8648.4218750000	-112.5554428101
8678.3750000000	-112.6713333130
8708.4326171875	-112.6821899414
8738.5937500000	-112.8336563110
8768.8544921875	-112.9636535645
8799.2246093750	-113.0940933228
8829.7001953125	-113.2651214600
8860.2822265625	-113.3869552612
8890.9638671875	-113.4572448730
8921.7578125000	-113.4815979004
8952.6582031250	-113.6249771118
8983.6650390625	-113.8060989380
9014.7744140625	-113.8487319946
9045.9970703125	-114.0203552246
9077.3271484375	-114.0664596558
9108.7656250000	-114.3485183716
9140.3085937500	-114.4952850342
9171.9658203125	-114.6375122070
9203.7324218750	-114.7864608765
9235.6093750000	-114.8952331543
9267.5908203125	-114.9278564453
9299.6894531250	-114.9410858154
9331.8984375000	-115.0105209351
9364.2187500000	-115.0244216919
9396.6464843750	-115.0244216919
9429.1914062500	-115.0244216919
9461.8486328125	-115.0244216919
9494.6191406250	-115.0244216919
9527.4980468750	-115.0244216919
9560.4960937500	-115.0244216919
9593.6083984375	-115.0244216919
9626.8359375000	-115.0244216919
9660.1718750000	-115.0244216919
9693.6298828125	-115.0244216919
9727.2031250000	-115.0244216919
9760.8935546875	-115.0244216919
9794.6943359375	-115.0244216919
9828.6171875000	-115.0244216919
9862.6582031250	-115.0244216919
9896.8173828125	-115.0244216919
9931.0888671875	-115.0244216919
9965.4853515625	-115.0244216919
10000.0000000000	-115.0244216919
10034.6347656250	-115.0244216919
10069.3886718750	-115.0244216919
10104.2636718750	-114.9938507080
10139.2597656250	-114.9926528931
10174.3652343750	-114.9744262695
10209.6035156250	-114.9546585083
10244.9638671875	-114.9410858154
10280.4472656250	-114.9360351563
10316.0527343750	-114.9095916748
10351.7822265625	-114.9083862305
10387.6347656250	-114.9083862305
10423.6123046875	-114.8791351318
10459.7021484375	-114.8490982056
10495.9287109375	-114.8490982056
10532.2812500000	-114.8490982056
10568.7597656250	-114.8490982056
10605.3642578125	-114.8490982056
10642.0947265625	-114.8490982056
10678.9531250000	-114.8490982056
10715.9394531250	-114.8490982056
10753.0419921875	-114.8490982056
10790.2841796875	-114.8490982056
10827.6562500000	-114.8490982056
10865.1572265625	-114.8490982056
10902.7880859375	-114.8490982056
10940.5498046875	-114.8190689087
10978.4414062500	-114.7890396118
11016.4648437500	-114.7803344727
11054.6074218750	-114.7803344727
11092.8945312500	-114.7803344727
11131.3144531250	-114.7189102173
11169.8671875000	-114.5205230713
11208.5537109375	-114.3718948364
11247.3740234375	-114.0266036987
11286.3291015625	-113.8687591553
11325.4189453125	-113.7983856201
11364.6308593750	-113.7039566040
11403.9921875000	-113.5022964478
11443.4892578125	-113.0029144287
11483.1230468750	-112.8763580322
11522.8945312500	-112.8354949951
11562.8037109375	-112.2474822998
11602.8505859375	-112.2073440552
11643.0371093750	-111.9123306274
11683.3486328125	-111.8946075439
11723.8134765625	-111.8822937012
11764.4189453125	-111.8822937012
11805.1640625000	-111.8822937012
11846.0507812500	-111.8822937012
11887.0791015625	-111.8946075439
11928.2490234375	-111.8946075439
11969.5625000000	-112.0262756348
12011.0048828125	-112.2073440552
12052.6044921875	-112.6697158813
12094.3486328125	-112.6997451782
12136.2363281250	-112.7297744751
12178.2695312500	-112.7598037720
12220.4492187500	-112.7598037720
12262.7734375000	-112.7598037720
12305.2451171875	-112.7598037720
12347.8505859375	-112.7598037720
12390.6162109375	-112.7598037720
12433.5312500000	-112.7598037720
12476.5937500000	-112.7598037720
12519.8056640625	-112.7598037720
12563.1679687500	-112.7598037720
12606.6796875000	-112.7598037720
12650.3427734375	-112.7598037720
12694.1562500000	-112.7598037720
12738.1074218750	-112.7598037720
12782.2255859375	-112.7598037720
12826.4960937500	-112.7598037720
12870.9199218750	-112.7598037720
12915.4980468750	-112.7598037720
12960.2304687500	-113.0072631836
13005.1171875000	-113.0886840820
13050.1601562500	-113.1187133789
13095.3447265625	-113.1487350464
13140.6992187500	-113.1787643433
13186.2119140625	-113.2088012695
13231.8818359375	-113.2388305664
13277.7099609375	-113.2688598633
13323.6962890625	-113.2988891602
13369.8427734375	-113.3289260864
13416.1484375000	-113.3589553833
13462.5996093750	-113.3889770508
13509.2265625000	-113.4190063477
13556.0156250000	-113.4490356445
13602.9658203125	-113.4790725708
13650.0791015625	-113.5091018677
13697.3554687500	-114.2146530151
13744.7958984375	-114.2915039063
13792.4003906250	-114.3272857666
13840.1542968750	-114.4124984741
13888.0888671875	-114.5527877808
13936.1904296875	-114.6458129883
13984.4570312500	-114.9471664429
14032.8916015625	-114.9643707275
14081.4941406250	-114.9948883057
14130.2646484375	-115.0033187866
14179.2041015625	-115.2199325562
14228.2978515625	-115.2552185059
14277.5771484375	-115.2552185059
14327.0263671875	-115.2552185059
14376.6474609375	-115.2552185059
14426.4404296875	-115.2552185059
14476.4052734375	-115.2552185059
14526.5439453125	-115.2552185059
14576.8564453125	-115.2552185059
14627.3261718750	-115.2552185059
14677.9873046875	-115.2552185059
14728.8242187500	-115.2552185059
14779.8369140625	-115.2552185059
14831.0253906250	-115.2552185059
14882.3925781250	-115.2552185059
14933.9365234375	-115.2199325562
14985.6601562500	-115.1228561401
15037.5458984375	-115.0033187866
15089.6269531250	-114.9948883057
15141.8896484375	-114.9643707275
15194.3330078125	-114.9471664429
15246.9580078125	-114.6458129883
15299.7646484375	-114.5527877808
15352.7548828125	-114.4124984741
15405.9287109375	-114.3272857666
15459.2695312500	-114.2915039063
15512.8115234375	-111.1727371216
15566.5390625000	-111.0044708252
15620.4531250000	-110.8832931519
15674.5546875000	-110.6257781982
15728.8427734375	-110.5696868896
15783.3183593750	-110.5674667358
15837.9833984375	-110.5126800537
15892.8369140625	-110.5126800537
15947.8642578125	-110.5126800537
16003.0986328125	-110.5126800537
16058.5244140625	-110.5087966919
16114.1425781250	-110.4434585571
16169.9531250000	-110.4119644165
16225.9570312500	-110.3848648071
16282.1552734375	-110.3848648071
16338.5478515625	-110.3848648071
16395.1171875000	-110.3848648071
16451.9003906250	-110.3848648071
16508.8808593750	-110.3848648071
16566.0585937500	-110.3848648071
16623.4355468750	-110.3848648071
16681.0097656250	-110.3848648071
16738.7832031250	-110.3848648071
16796.7578125000	-110.3848648071
16854.9140625000	-110.3848648071
16913.2890625000	-110.3848648071
16971.8691406250	-110.3848648071
17030.6503906250	-110.3848648071
17089.6347656250	-110.3848648071
17148.8242187500	-110.3848648071
17208.2167968750	-110.4119644165
17267.8183593750	-110.5476226807
17327.6054687500	-110.6257781982
17387.6191406250	-111.0044708252
17447.8398437500	-111.1117553711
17508.2695312500	-111.1481475830
17568.9082031250	-111.1723098755
17629.7578125000	-111.1727371216
17690.8164062500	-111.1964035034
17752.0878906250	-111.3161163330
17813.5527343750	-111.4680023193
17875.2500000000	-111.5038909912
17937.1582031250	-111.6243209839
17999.2832031250	-111.7175369263
18061.6230468750	-111.8228759766
18124.1796875000	-111.9398422241
18186.9511718750	-111.9551315308
18249.9414062500	-112.1652221680
18313.1289062500	-112.4972915649
18376.5546875000	-112.4972915649
18440.2011718750	-112.4972915649
18504.0683593750	-112.4972915649
18568.1562500000	-112.4972915649
18632.4667968750	-112.4972915649
18697.0000000000	-113.0133438110
18761.7558593750	-113.5164947510
18826.7148437500	-113.8981246948
18891.9199218750	-113.9036102295
18957.3515625000	-114.0756912231
19023.0097656250	-115.5251235962
19088.8945312500	-115.8478164673
19155.0078125000	-115.8817596436
19221.3515625000	-115.9177856445
19287.9238281250	-115.9495620728
19354.7050781250	-115.9495620728
19421.7382812500	-115.9495620728
19489.0058593750	-115.9495620728
19556.5039062500	-115.9495620728
19624.2382812500	-115.9495620728
19692.2050781250	-115.9812622070
19760.4082031250	-115.9938125610
19828.8476562500	-116.0128097534
19897.5019531250	-116.0442810059
19966.4160156250	-116.0755996704
20035.5683593750	-116.1068420410
20104.9609375000	-116.1276016235
20174.5937500000	-116.1586227417
20244.4667968750	-116.1895675659
20314.5839843750	-116.2203674316
20384.9414062500	-116.3498992920
20455.5449218750	-116.5005722046
20526.3691406250	-116.5042037964
20597.4609375000	-116.5347900391
20668.7988281250	-116.5652999878
20740.3847656250	-116.5956726074
20812.2187500000	-116.5956726074
20884.3007812500	-116.5956726074
20956.6328125000	-116.5956726074
21029.2148437500	-116.5956726074
21102.0253906250	-116.5956726074
21175.1113281250	-116.5956726074
21248.4492187500	-116.5956726074
21322.0429687500	-116.5956726074
21395.8906250000	-116.5956726074
21469.9941406250	-116.6259689331
21544.3554687500	-116.6561279297
21618.9726562500	-116.8054046631
21693.8242187500	-117.0406188965
21768.9609375000	-117.0764694214
21844.3574218750	-117.3368225098
21920.0136718750	-117.4972076416
21995.9316406250	-117.5226669312
22072.1152343750	-117.7026138306
22148.5605468750	-117.7026138306
22225.2714843750	-117.7026138306
22302.2226562500	-117.7026138306
22379.4648437500	-117.6774749756
22456.9746093750	-117.6774749756
22534.7539062500	-117.7026138306
22612.8027343750	-117.7047271729
22691.1210937500	-117.7156829834
22769.7109375000	-117.7632980347
22848.5722656250	-117.7960662842
22927.6816406250	-117.8033447266
23007.0898437500	-117.8314895630
23086.7753906250	-117.8595657349
23166.7343750000	-117.8595657349
23246.9707031250	-117.8595657349
23327.4863281250	-117.8595657349
23408.2792968750	-117.8595657349
23489.3535156250	-117.8595657349
23570.6816406250	-117.8595657349
23652.3183593750	-117.8595657349
23734.2363281250	-117.8595657349
23816.4394531250	-117.8875274658
23898.9257812500	-117.9246826172
23981.6992187500	-117.9524612427
24064.7578125000	-117.9524612427
24148.1054687500	-117.9246826172
24231.7148437500	-117.8875274658
24315.6406250000	-117.8595657349
24399.8574218750	-117.8356704712
24484.3652343750	-117.8314895630
24569.1640625000	-117.8033447266
24654.2597656250	-117.8033447266
24739.6484375000	-117.8033447266
24825.3320312500	-117.8033447266
24911.2871093750	-117.8033447266
24997.5664062500	-117.7960662842
25084.1445312500	-117.7632980347
25171.0214843750	-117.7632980347
25258.1992187500	-117.7632980347
25345.6816406250	-117.7632980347
25433.4648437500	-117.7632980347
25521.5527343750	-117.7632980347
25609.9453125000	-117.7632980347
25698.6152343750	-117.7632980347
25787.6210937500	-117.7632980347
25876.9355468750	-117.7156829834
25966.5585937500	-117.7047271729
26056.4941406250	-117.6774749756
26146.7382812500	-117.6774749756
26237.2968750000	-117.6774749756
26328.1679687500	-117.7960662842
26419.3261718750	-117.8356704712
26510.8281250000	-117.8356704712
26602.6464843750	-117.8356704712
26694.7832031250	-117.4238510132
26787.2402343750	-117.3029479980
26880.0156250000	-117.2464675903
26973.1132812500	-116.9869918823
27066.5351562500	-116.6886062622
27160.2480468750	-116.6137771606
27254.3164062500	-116.6137771606
27348.7109375000	-116.6886062622
27443.4316406250	-117.2464675903
27538.4804687500	-117.3029479980
27633.8593750000	-117.4238510132
27729.5683593750	-117.8356704712
27825.6074218750	-117.8364868164
27921.9492187500	-117.9704666138
28018.6562500000	-117.9704666138
28115.6972656250	-117.9704666138
28213.0742187500	-117.9704666138
28310.7890625000	-118.1397552490
28408.8417968750	-118.3189010620
28507.2343750000	-118.5812835693
28605.9687500000	-118.5812835693
28705.0136718750	-118.5812835693
28804.4316406250	-118.5812835693
28904.1933593750	-118.5812835693
29004.3027343750	-118.5812835693
29104.7578125000	-118.5812835693
29205.5605468750	-118.5812835693
29306.7128906250	-118.5812835693
29408.2148437500	-118.5812835693
29510.0371093750	-118.5812835693
29612.2441406250	-118.4091339111
29714.8046875000	-118.3189010620
29817.7207031250	-118.1397552490
29920.9921875000	-117.9704666138
30024.6230468750	-117.8364868164
30128.6113281250	-117.8364868164
30232.9609375000	-117.8364868164
30337.6367187500	-117.8364868164
30442.7109375000	-117.9704666138
30548.1464843750	-118.0940780640
30653.9492187500	-118.1397552490
30760.1171875000	-118.1397552490
30866.6542968750	-118.0940780640
30973.5585937500	-117.9704666138
31080.8339843750	-117.8364868164
31188.4472656250	-117.7640457153
31296.4667968750	-117.6452178955
31404.8613281250	-117.6452178955
31513.6308593750	-117.6452178955
31622.7773437500	-117.6452178955
31732.3007812500	-117.6452178955
31842.2031250000	-117.6452178955
31952.4882812500	-117.6452178955
32063.1542968750	-117.2094650269
32174.1679687500	-116.8091049194
32285.6015625000	-116.6961441040
32397.4218750000	-116.0977096558
32509.6289062500	-115.6101531982
32622.2246093750	-115.6101531982
32735.2089843750	-115.6101531982
32848.5859375000	-115.6101531982
32962.3554687500	-115.6101531982
33076.4843750000	-115.6101531982
33191.0429687500	-115.6101531982
33305.9960937500	-115.6101531982
33421.3515625000	-115.6101531982
33537.1054687500	-115.6101531982
33653.2578125000	-115.6101531982
33769.8164062500	-115.6101531982
33886.7773437500	-115.5718841553
34004.1054687500	-115.3576736450
34121.8750000000	-115.3576736450
34240.0546875000	-115.3576736450
34358.6445312500	-115.3576736450
34477.6445312500	-115.3576736450
34597.0546875000	-115.3576736450
34716.8789062500	-115.3576736450
34837.1210937500	-115.5674667358
34957.7382812500	-115.5718841553
35078.8125000000	-115.6243896484
35200.3085937500	-115.6243896484
35322.2226562500	-115.6243896484
35444.5585937500	-115.6243896484
35567.3203125000	-115.6243896484
35690.5039062500	-115.6243896484
35814.1171875000	-115.6243896484
35938.1171875000	-115.6243896484
36062.5898437500	-115.5718841553
36187.4921875000	-115.5674667358
36312.8242187500	-115.3576736450
36438.5898437500	-114.7958526611
36564.7968750000	-114.1879959106
36691.4375000000	-114.1879959106
36818.5156250000	-114.1879959106
36945.9921875000	-114.1879959106
37073.9531250000	-114.1879959106
37202.3593750000	-114.1879959106
37331.2070312500	-114.1879959106
37460.5000000000	-114.7958526611
37590.2460937500	-115.2547607422
37720.4375000000	-115.3576736450
37851.0781250000	-115.5674667358
37982.1328125000	-115.6243896484
38113.6835937500	-116.9336013794
38245.6875000000	-116.9645309448
38378.1484375000	-116.9645309448
38511.0703125000	-116.9645309448
38644.4531250000	-116.9645309448
38778.2968750000	-116.9336013794
38912.6015625000	-115.9130096436
39047.3320312500	-115.6243896484
39182.5703125000	-115.5674667358
39318.2773437500	-115.2547607422
39454.4531250000	-114.7958526611
39591.1015625000	-114.7958526611
39728.2265625000	-114.7958526611
39865.8203125000	-115.2547607422
40003.8945312500	-115.5674667358
40142.4453125000	-115.5960311890
40281.4335937500	-115.9130096436
40420.9453125000	-116.9336013794
40560.9414062500	-116.9534683228
40701.4257812500	-116.9645309448
40842.3906250000	-117.0547714233
40983.8476562500	-117.0547714233
41125.7929687500	-117.0547714233
41268.2304687500	-116.9534683228
41411.1171875000	-116.9336013794
41554.5390625000	-116.9049606323
41698.4648437500	-116.1192016602
41842.8828125000	-115.9130096436
41987.8046875000	-115.5960311890
42133.2265625000	-115.5960311890
42279.1523437500	-115.5960311890
42425.5859375000	-115.9130096436
42572.4765625000	-116.1192016602
42719.9257812500	-116.2851943970
42867.8828125000	-116.9049606323
43016.3554687500	-116.9534683228
43165.3398437500	-117.0547714233
43314.8437500000	-117.0629501343
43464.8593750000	-117.1541442871
43615.3984375000	-117.2785034180
43766.4101562500	-117.2785034180
43917.9960937500	-117.2785034180
44070.1015625000	-117.2785034180
44222.7382812500	-117.1541442871
44375.9023437500	-117.0629501343
44529.5937500000	-117.0629501343
44683.8203125000	-117.0629501343
44838.5820312500	-117.0629501343
44993.8281250000	-117.0629501343
45149.6601562500	-117.0629501343
45306.0351562500	-117.0629501343
45462.9492187500	-117.0629501343
45620.4101562500	-117.1541442871
45778.4140625000	-117.3754196167
45936.9648437500	-117.3762054443
46096.0664062500	-117.3762054443
46255.6679687500	-117.3762054443
46415.8710937500	-117.3762054443
46576.6289062500	-117.3762054443
46737.9453125000	-117.3762054443
46899.8203125000	-117.3754196167
47062.2578125000	-117.1541442871
47225.2539062500	-117.1541442871
47388.8164062500	-117.1541442871
47552.8945312500	-117.1541442871
47717.5898437500	-117.3762054443
47882.8593750000	-117.4081954956
48048.6992187500	-117.8299560547
48215.1132812500	-117.8299560547
48382.1054687500	-117.8299560547
48549.6718750000	-117.8299560547
48717.8242187500	-117.8299560547
48886.5000000000	-117.8299560547
49055.8164062500	-117.8299560547
49225.7187500000	-117.8299560547
49396.2109375000	-117.8299560547
49567.2929687500	-117.8299560547
49738.9648437500	-117.4081954956
49911.2343750000	-117.4081954956
50084.1015625000	-117.4081954956
50257.5664062500	-117.4081954956
50431.5742187500	-117.4081954956
50606.2421875000	-117.4081954956
50781.5156250000	-117.3762054443
50957.3945312500	-117.3723297119
51133.8828125000	-117.1687927246
51310.9804687500	-117.1405715942
51488.6953125000	-117.1405715942
51667.0234375000	-117.1405715942
51845.9140625000	-117.1405715942
52025.4804687500	-117.1405715942
52205.6679687500	-117.1687927246
52386.4804687500	-117.1687927246
52567.9179687500	-117.1687927246
52749.9843750000	-117.1687927246
52932.6796875000	-117.1687927246
53116.0117187500	-117.1687927246
53299.9179687500	-117.1687927246
53484.5195312500	-117.1405715942
53669.7617187500	-116.0344085693
53855.6445312500	-115.8231277466
54042.1679687500	-115.2084808350
54229.3398437500	-115.2084808350
54417.1640625000	-115.8231277466
54605.6328125000	-116.0344085693
54794.6992187500	-116.7697906494
54984.4765625000	-117.1405715942
55174.9140625000	-117.1687927246
55366.0078125000	-117.2841262817
55557.7656250000	-117.2841262817
55750.1875000000	-117.1687927246
55943.2773437500	-117.1405715942
56137.0351562500	-116.7697906494
56331.3984375000	-116.0344085693
56526.5000000000	-115.4628906250
56722.2773437500	-115.2084808350
56918.7343750000	-115.2084808350
57115.8671875000	-115.4628906250
57313.6875000000	-116.0344085693
57512.1914062500	-116.7697906494
57711.3789062500	-117.1405715942
57911.1992187500	-117.2841262817
58111.7695312500	-117.3723297119
58313.0390625000	-117.8965682983
58515.0039062500	-117.8965682983
58717.6679687500	-117.5857925415
58921.0312500000	-117.2841262817
59125.1015625000	-117.2841262817
59329.8789062500	-117.2841262817
59535.3007812500	-117.2841262817
59741.5000000000	-117.5857925415
59948.4101562500	-117.8965682983
60156.0390625000	-118.1117248535
60364.3867187500	-118.3570785522
60573.4570312500	-118.3570785522
60783.2500000000	-118.3570785522
60993.7695312500	-118.3570785522
61204.9531250000	-118.3570785522
61416.9335937500	-118.3570785522
61629.6484375000	-118.1117248535
61843.0976562500	-117.8965682983
62057.2890625000	-117.8965682983
62272.2226562500	-117.8965682983
62487.8984375000	-117.8965682983
62704.3203125000	-117.8965682983
62921.4257812500	-118.1117248535
63139.3515625000	-118.3570785522
63358.0312500000	-118.3570785522
63577.4687500000	-118.3570785522
63797.6679687500	-118.3570785522
64018.6289062500	-118.3570785522
64240.3554687500	-118.3570785522
64462.8476562500	-118.3570785522
64686.1093750000	-118.3570785522
64910.0781250000	-118.3570785522
65134.8906250000	-118.3570785522
65360.4804687500	-118.3570785522
65586.8515625000	-118.3570785522
65814.0156250000	-118.3570785522
66041.9531250000	-118.3570785522
66270.6875000000	-118.3570785522
66500.2109375000	-118.3570785522
66730.4609375000	-118.3570785522
66961.5781250000	-118.3570785522
67193.5000000000	-118.4293212891
67426.2187500000	-118.4293212891
67659.7500000000	-118.4293212891
67894.0859375000	-118.4293212891
68129.2343750000	-118.4293212891
68365.1953125000	-118.3564910889
68601.8984375000	-118.1117248535
68839.5000000000	-118.1189041138
69077.9218750000	-118.3564910889
69317.1718750000	-118.4293212891
69557.2421875000	-118.9910964966
69798.1562500000	-118.9910964966
70039.8984375000	-118.9910964966
70282.4765625000	-118.4293212891
70525.8203125000	-118.3564910889
70770.0859375000	-118.1189041138
71015.1875000000	-117.7694702148
71261.1484375000	-117.7255630493
71507.9609375000	-117.7255630493
71755.6250000000	-117.7255630493
72004.1484375000	-118.1189041138
72253.5312500000	-118.3564910889
72503.6953125000	-118.4293212891
72754.8125000000	-118.9910964966
73006.7890625000	-118.9910964966
73259.6484375000	-118.9910964966
73513.3828125000	-118.9910964966
73767.9921875000	-118.9910964966
74023.4843750000	-118.9910964966
74279.8593750000	-119.2122955322
74537.0390625000	-119.4401245117
74795.1953125000	-119.5467758179
75054.2500000000	-119.5467758179
75314.1953125000	-119.5467758179
75575.0390625000	-119.5467758179
75836.7890625000	-119.4401245117
76099.4453125000	-119.2122955322
76363.0156250000	-118.5620956421
76627.4140625000	-118.3564910889
76892.8046875000	-118.5620956421
77159.1250000000	-119.2122955322
77426.3593750000	-119.4401245117
77694.5234375000	-119.5467758179
77963.6093750000	-119.6174087524
78233.6328125000	-119.6446762085
78504.5937500000	-119.8608398438
78776.4062500000	-119.8815002441
79049.2421875000	-119.8815002441
79323.0234375000	-119.8815002441
79597.7578125000	-119.8815002441
79873.4453125000	-119.8815002441
80150.0781250000	-119.8815002441
80427.6796875000	-119.8815002441
80706.2343750000	-119.8815002441
80985.7578125000	-119.8815002441
81266.1562500000	-119.8815002441
81547.6171875000	-119.8608398438
81830.0546875000	-119.6446762085
82113.4687500000	-119.6174087524
82397.8671875000	-119.4401245117
82683.2500000000	-119.5172805786
82969.6171875000	-119.6174087524
83256.9765625000	-119.6446762085
83545.2421875000	-119.7230300903
83834.6015625000	-119.8608398438
84124.9531250000	-119.9289016724
84416.3203125000	-120.0494995117
84708.6875000000	-120.1992797852
85002.0781250000	-119.9895935059
85296.4765625000	-119.9289016724
85591.8984375000	-119.8608398438
85888.2500000000	-119.7230300903
86185.7187500000	-119.6446762085
86484.2187500000	-119.6174087524
86783.7500000000	-119.6174087524
87084.3203125000	-119.6174087524
87385.9375000000	-119.6446762085
87688.5937500000	-119.7230300903
87992.2968750000	-119.7230300903
88296.9609375000	-119.9530944824
88602.7734375000	-119.9530944824
88909.6406250000	-119.9530944824
89217.5781250000	-119.9530944824
89526.5781250000	-119.9530944824
89836.6484375000	-119.9530944824
90147.7968750000	-119.9530944824
90460.0156250000	-119.9530944824
90773.2187500000	-119.7230300903
91087.6093750000	-119.6700820923
91403.0859375000	-119.6021270752
91719.6562500000	-119.6021270752
92037.3281250000	-119.6021270752
92356.0937500000	-119.5172805786
92675.9609375000	-119.4317703247
92996.9453125000	-119.4317703247
93318.9296875000	-119.4317703247
93642.1328125000	-119.4317703247
93966.4609375000	-119.4317703247
94291.9062500000	-119.4317703247
94618.4843750000	-119.4317703247
94946.1953125000	-119.4317703247
95275.0312500000	-119.4317703247
95605.0156250000	-119.4317703247
95936.0312500000	-119.4317703247
96268.3046875000	-119.4317703247
96601.7265625000	-119.4317703247
96936.2968750000	-119.3647079468
97272.0312500000	-119.3307189941
97608.9296875000	-119.2682723999
97946.9921875000	-118.7591171265
98286.2265625000	-118.1912078857
98626.5312500000	-118.1045150757
98968.1171875000	-117.5118103027
99310.8906250000	-117.4757461548
99654.8515625000	-116.9643325806
100000.0000000000	-116.9224395752
100346.3437500000	-116.8998031616
100693.8906250000	-116.9224395752
101042.6406250000	-116.9643325806
101392.5937500000	-117.1631851196
101743.6562500000	-117.1631851196
102096.0390625000	-117.0499496460
102449.6406250000	-117.0499496460
102804.4687500000	-117.0499496460
103160.5312500000	-117.0499496460
103517.8203125000	-117.0499496460
103876.3515625000	-117.0499496460
104236.1250000000	-117.0499496460
104597.0234375000	-117.0499496460
104959.2890625000	-117.0499496460
105322.8125000000	-117.0799789429
105687.5937500000	-117.1100082397
106053.6406250000	-117.1400375366
106420.9531250000	-117.1631851196
106789.5312500000	-117.1700744629
107159.3906250000	-117.1710968018
107530.4218750000	-117.1710968018
107902.8437500000	-117.1710968018
108276.5625000000	-117.1710968018
108651.5703125000	-117.1710968018
109027.8828125000	-117.1710968018
109405.4921875000	-117.1710968018
109784.4140625000	-117.1710968018
110164.6484375000	-117.1710968018
110546.0781250000	-117.1710968018
110928.9453125000	-117.1710968018
111313.1484375000	-117.1710968018
111698.6718750000	-117.2001037598
112085.5390625000	-117.2301330566
112473.7421875000	-117.2601623535
112863.2890625000	-117.2901840210
113254.1875000000	-117.3202209473
113646.3125000000	-117.3502502441
114039.9218750000	-117.3850631714
114434.8906250000	-117.4047470093
114831.2343750000	-117.4575576782
115228.9453125000	-117.5246047974
115628.0312500000	-117.5834960938
116028.5078125000	-117.5854568481
116430.3671875000	-117.7713394165
116833.4921875000	-117.8658218384
117238.1406250000	-117.9155807495
117644.1875000000	-117.9456100464
118051.6406250000	-117.9756469727
118460.5078125000	-118.0056762695
118870.7890625000	-118.0343704224
119282.4921875000	-118.0357055664
119695.6250000000	-118.0657348633
120110.0546875000	-118.0760116577
120526.0468750000	-118.0989303589
120943.4843750000	-118.2075653076
121362.3671875000	-118.2192764282
121782.6953125000	-118.2818527222
122204.4843750000	-118.4322204590
122627.7343750000	-118.5183334351
123052.4531250000	-118.5860519409
123478.5000000000	-118.6638031006
123906.1640625000	-118.8546829224
124335.3125000000	-118.8582916260
124765.9375000000	-118.9403228760
125198.0625000000	-118.9989013672
125631.6796875000	-119.4844284058
126066.7968750000	-119.6537399292
126503.4218750000	-119.6695709229
126941.5625000000	-119.7606658936
127381.0781250000	-119.8036575317
127822.2578125000	-119.9553833008
128264.9609375000	-119.9555435181
128709.2031250000	-120.0193710327
129154.9843750000	-120.0193710327
129602.3046875000	-120.0193710327
130051.1796875000	-120.0193710327
130501.6015625000	-120.0470886230
130953.4453125000	-120.0589752197
131407.0000000000	-120.1647720337
131862.1250000000	-120.2635116577
132318.8125000000	-120.3092193604
132777.0937500000	-120.3292388916
133236.9687500000	-120.3392944336
133698.4218750000	-120.3761596680
134161.4843750000	-120.4037094116
134626.0000000000	-120.4182586670
135092.2656250000	-120.4456405640
135560.1562500000	-120.4625701904
136029.6562500000	-120.4625701904
136500.7968750000	-120.4625701904
136973.5625000000	-120.4625701904
137447.9531250000	-120.4816436768
137924.0000000000	-120.4816436768
138401.5468750000	-120.4816436768
138880.8906250000	-120.4816436768
139361.9062500000	-120.4816436768
139844.5781250000	-120.4816436768
140328.9218750000	-120.4816436768
140814.9375000000	-120.4816436768
141302.6406250000	-120.4816436768
141792.0468750000	-120.4816436768
142282.9843750000	-120.4964599609
142775.7656250000	-120.5194168091
143270.2656250000	-120.5232620239
143766.4687500000	-120.5232620239
144264.4062500000	-120.5232620239
144764.0625000000	-120.5232620239
145265.4375000000	-120.5232620239
145768.5625000000	-120.5343780518
146273.2656250000	-120.5386199951
146779.8750000000	-120.5482559204
147288.2343750000	-120.5483551025
147798.3593750000	-120.5483551025
148310.2500000000	-120.5482559204
148823.9218750000	-120.5343780518
149339.3750000000	-120.5232620239
149856.5937500000	-120.5232620239
150375.4531250000	-120.5232620239
150896.2656250000	-120.5343780518
151418.8906250000	-120.5482559204
151943.3281250000	-120.5482559204
152469.5781250000	-120.5482559204
152997.6406250000	-120.5482559204
153527.5468750000	-120.5482559204
154059.2812500000	-120.5482559204
154592.6875000000	-120.5390777588
155128.1093750000	-120.5390777588
155665.3906250000	-120.5390777588
156204.5312500000	-120.5390777588
156745.5468750000	-120.5390777588
157288.4218750000	-120.5390777588
157833.1875000000	-120.5390777588
158379.8281250000	-120.5482559204
158928.3750000000	-120.5483551025
159478.6406250000	-120.5837020874
160030.9843750000	-120.6072692871
160585.2500000000	-120.6072692871
161141.4218750000	-120.6072692871
161699.5312500000	-120.6119918823
162259.5781250000	-120.6119918823
162821.5468750000	-120.6119918823
163385.4687500000	-120.6119918823
163951.1718750000	-120.6119918823
164519.0156250000	-120.6119918823
165088.8125000000	-120.6119918823
165660.5937500000	-120.6435928345
166234.3437500000	-120.6779632568
166810.0937500000	-120.6926651001
167387.8281250000	-120.6926651001
167967.5781250000	-120.6926651001
168549.1406250000	-120.6926651001
169132.9062500000	-120.6926651001
169718.6875000000	-120.6926651001
170306.5000000000	-120.6926651001
170896.3437500000	-120.6926651001
171488.2343750000	-120.6926651001
172082.1718750000	-120.6779632568
172678.1718750000	-120.6718063354
173276.0468750000	-120.6718063354
173876.1875000000	-120.6718063354
174478.3906250000	-120.6926651001
175082.6875000000	-120.7064361572
175689.0781250000	-120.7064361572
176297.5781250000	-120.7064361572
176908.1718750000	-120.7010040283
177520.8906250000	-120.6926651001
178135.5312500000	-120.6718063354
178752.4843750000	-120.6718063354
179371.5937500000	-120.6718063354
179992.8437500000	-120.6718063354
180616.2343750000	-120.6718063354
181241.7968750000	-120.6926651001
181869.5156250000	-120.7010040283
182499.4062500000	-120.7064361572
183131.2812500000	-120.7010040283
183765.5468750000	-120.6718063354
184402.0156250000	-120.6621704102
185040.6875000000	-120.6615829468
185681.5625000000	-120.6602783203
186324.6718750000	-120.6458053589
186969.9843750000	-120.6435928345
187617.5468750000	-120.6374969482
188267.1562500000	-120.6374969482
188919.2031250000	-120.6374969482
189573.5156250000	-120.6374969482
190230.0937500000	-120.5623016357
190888.9531250000	-120.5328674316
191550.0937500000	-120.4381942749
192213.5156250000	-120.4212570190
192879.2343750000	-120.4152221680
193547.0468750000	-120.3742218018
194217.3906250000	-120.3241424561
194890.0468750000	-120.2878341675
195565.0468750000	-120.2708053589
196242.3750000000	-120.0862655640
196922.0468750000	-119.9496154785
197604.0781250000	-119.7325439453
198288.4843750000	-119.7136840820
198975.0156250000	-119.5760574341
199664.1562500000	-119.5750045776
200355.6875000000	-119.5104598999
201049.6093750000	-119.5104598999
201745.9375000000	-119.4550857544
202444.6718750000	-119.4298095703
203145.8281250000	-119.2766647339
203849.4218750000	-119.1011276245
204555.4375000000	-118.6099014282
205263.6875000000	-118.3084487915
205974.6093750000	-118.1685333252
206688.0000000000	-118.1685333252
207403.8437500000	-118.1685333252
208122.1875000000	-118.1188507080
208843.0000000000	-118.0819168091
209566.3125000000	-117.8987503052
210292.1406250000	-117.8969497681
211020.2500000000	-117.8755645752
211751.1093750000	-117.7646636963
212484.5000000000	-117.7646636963
213220.4218750000	-117.7646636963
213958.9062500000	-117.7646636963
214699.9375000000	-117.7646636963
215443.5468750000	-117.7646636963
216189.7343750000	-117.7646636963
216938.2500000000	-117.7646636963
217689.6093750000	-117.7646636963
218443.5625000000	-117.8369827271
219200.1406250000	-117.8755645752
219959.3281250000	-117.8969497681
220721.1406250000	-117.8987503052
221485.5937500000	-118.0819168091
222252.7031250000	-118.0819168091
223022.2187500000	-118.0819168091
223794.6562500000	-118.0819168091
224569.7500000000	-118.0819168091
225347.5468750000	-118.0819168091
226128.0156250000	-117.8987503052
226911.2031250000	-117.8987503052
227697.0937500000	-117.8987503052
228485.7187500000	-117.8987503052
229276.8125000000	-118.1188507080
230070.9062500000	-118.1232681274
230867.7500000000	-118.5377349854
231667.3437500000	-118.6969223022
232469.7187500000	-118.9756851196
233274.8593750000	-119.0148696899
234082.7968750000	-119.1011276245
234893.5312500000	-119.2080764771
235706.8281250000	-119.2669906616
236523.1875000000	-119.2669906616
237342.3750000000	-119.2669906616
238164.3906250000	-119.5611572266
238989.2656250000	-119.6171112061
239816.9843750000	-119.6171112061
240647.5937500000	-119.6171112061
241481.0625000000	-119.7999343872
242317.1562500000	-120.0688552856
243156.4062500000	-120.1587448120
243998.5625000000	-120.1714935303
244843.6406250000	-120.3217849731
245691.6562500000	-120.3503494263
246542.5937500000	-120.3719406128
247396.4843750000	-120.3894805908
248253.3281250000	-120.4067001343
249112.8593750000	-120.4334716797
249975.6562500000	-120.4345169067
250841.4375000000	-120.5208816528
251710.2187500000	-120.5815811157
252582.0000000000	-120.5889663696
253456.8125000000	-120.6418151855
254334.6406250000	-120.6762161255
255215.5156250000	-120.6867980957
256099.4531250000	-120.7082901001
256986.1562500000	-120.7183303833
257876.2187500000	-120.7593765259
258769.3593750000	-120.7756881714
259665.5937500000	-120.7883682251
260564.9375000000	-120.7883682251
261467.3906250000	-120.7756881714
262372.9687500000	-120.7593765259
263281.6875000000	-120.7593765259
264193.2500000000	-120.7593765259
265108.2812500000	-120.7593765259
266026.4687500000	-120.7593765259
266947.8437500000	-120.7593765259
267872.4062500000	-120.7593765259
268800.1562500000	-120.7593765259
269731.1562500000	-120.7593765259
270665.3437500000	-120.7593765259
271602.4687500000	-120.6867980957
272543.1562500000	-120.6762161255
273487.0937500000	-120.6418151855
274434.3125000000	-120.6089172363
275384.8125000000	-120.5889663696
276338.5937500000	-120.5889663696
277295.6875000000	-120.5889663696
278256.0625000000	-120.5889663696
279219.5000000000	-120.5889663696
280186.5625000000	-120.6089172363
281156.9687500000	-120.6418151855
282130.7500000000	-120.6449737549
283107.9062500000	-120.6762161255
284088.4375000000	-120.6867980957
285072.3437500000	-120.6910629272
286059.6875000000	-120.6867980957
287050.1250000000	-120.6867980957
288044.3125000000	-120.6867980957
289041.9375000000	-120.6867980957
290043.0312500000	-120.6762161255
291047.5625000000	-120.6449737549
292055.5937500000	-120.6089172363
293067.1250000000	-120.4766082764
294082.1562500000	-120.4214324951
295100.3750000000	-120.3906478882
296122.4375000000	-120.3669509888
297148.0312500000	-120.3653106689
298177.1875000000	-120.3319320679
299209.9062500000	-120.3270339966
300246.2187500000	-120.2912673950
301286.1250000000	-120.2804107666
302329.5937500000	-120.2339859009
303376.3750000000	-120.0137710571
304427.0937500000	-120.0125274658
305481.4687500000	-119.9401779175
306539.5000000000	-119.4663619995
307601.1875000000	-119.4663619995
308666.5312500000	-119.4663619995
309735.5937500000	-119.4551010132
310808.3437500000	-119.4168395996
311884.4687500000	-119.0932388306
312964.6875000000	-118.9900741577
314048.6250000000	-118.8244857788
315136.3125000000	-118.8244857788
316227.7812500000	-118.8244857788
317323.0000000000	-118.8244857788
318422.0312500000	-118.8244857788
319524.8750000000	-118.6871490479
320631.5312500000	-118.4296493530
321741.6875000000	-118.1950378418
322856.0312500000	-118.1950378418
323974.2187500000	-118.1950378418
325096.2812500000	-118.1950378418
326222.2500000000	-118.1950378418
327352.0937500000	-118.1950378418
328485.8750000000	-118.1950378418
329623.5625000000	-118.1950378418
330764.8437500000	-118.1950378418
331910.4062500000	-118.1950378418
333059.9687500000	-118.1950378418
334213.5312500000	-118.1950378418
335371.0625000000	-118.1950378418
336532.5937500000	-118.1950378418
337698.1562500000	-118.1950378418
338867.7500000000	-118.1950378418
340041.0312500000	-118.1950378418
341218.7500000000	-118.4296493530
342400.5625000000	-118.6613159180
343586.4375000000	-118.6871490479
344776.4375000000	-118.9900741577
345970.5625000000	-119.4168395996
347168.8125000000	-119.4663619995
348371.2187500000	-119.7350540161
349577.4062500000	-119.7751846313
350788.1250000000	-119.8361282349
352003.0625000000	-120.4915924072
353222.2187500000	-120.9592895508
354445.5937500000	-121.1636428833
355673.1875000000	-121.1665573120
356905.0625000000	-121.1755523682
358141.1875000000	-121.1755523682
359381.1875000000	-121.1755523682
360625.9062500000	-121.1755523682
361874.9062500000	-121.1755523682
363128.2500000000	-121.1755523682
364385.9062500000	-121.1755523682
365647.9375000000	-121.1844940186
366914.3437500000	-121.1892089844
368185.1562500000	-121.1961669922
369459.9375000000	-121.2027816772
370739.5312500000	-121.2135238647
372023.5937500000	-121.2170486450
373312.0625000000	-121.2179718018
374605.0312500000	-121.2371139526
375902.4375000000	-121.2452163696
377204.3750000000	-121.2574005127
378510.7812500000	-121.2579879761
379821.3437500000	-121.2695465088
381136.8125000000	-121.2713317871
382456.8750000000	-121.2713317871
383781.5000000000	-121.2713317871
385110.7187500000	-121.2713317871
386444.5312500000	-121.2713317871
387782.9687500000	-121.2713317871
389126.0312500000	-121.2713317871
390473.3125000000	-121.2713317871
391825.6875000000	-121.2713317871
393182.7812500000	-121.2713317871
394544.5312500000	-121.2713317871
395911.0312500000	-121.2713317871
397282.2500000000	-121.2713317871
398658.2187500000	-121.2713317871
400038.9375000000	-121.2713317871
401424.4687500000	-121.2695465088
402814.3437500000	-121.2545623779
404209.4687500000	-121.2179718018
405609.4375000000	-121.2076187134
407014.2500000000	-121.2027816772
408423.9062500000	-121.1947402954
409838.4687500000	-121.1736907959
411257.9375000000	-121.1716766357
412682.3125000000	-121.1500473022
414111.1562500000	-121.1462783813
415545.4062500000	-121.1399230957
416984.6250000000	-121.1371994019
418428.8437500000	-121.1166839600
419878.0625000000	-121.1123275757
421332.2812500000	-121.1056213379
422791.5312500000	-121.0887985229
424255.8750000000	-121.0428009033
425724.7812500000	-121.0241775513
427199.2500000000	-120.9712905884
428678.8437500000	-120.9382705688
430163.5625000000	-120.8683853149
431653.4062500000	-120.8538970947
433148.4062500000	-120.8245315552
434648.5937500000	-120.7957611084
436154.0000000000	-120.4984970093
437664.1250000000	-120.4691619873
439179.9375000000	-120.4663009644
440701.0312500000	-120.4663009644
442227.3750000000	-120.4663009644
443759.0000000000	-120.4663009644
445295.9375000000	-120.4663009644
446838.2187500000	-120.4663009644
448385.8125000000	-120.4663009644
449938.2812500000	-120.4362030029
451496.6250000000	-120.4206542969
453060.3437500000	-120.4156951904
454629.5000000000	-120.3873596191
456204.0937500000	-120.3589248657
457784.1562500000	-120.3304061890
459369.6562500000	-120.3017807007
460960.6562500000	-120.3017807007
462556.6562500000	-120.3017807007
464158.7187500000	-120.3017807007
465766.3125000000	-120.3017807007
467379.4687500000	-120.3017807007
468998.2187500000	-120.3017807007
470622.5625000000	-120.3017807007
472252.5625000000	-120.3017807007
473888.1875000000	-120.3017807007
475528.9375000000	-120.3304061890
477175.9062500000	-120.3547821045
478828.5937500000	-120.3589248657
480487.0000000000	-120.3873596191
482151.1250000000	-120.4156951904
483821.0312500000	-120.4206542969
485496.7500000000	-120.4362030029
487178.2187500000	-120.4663009644
488865.0000000000	-120.4984970093
490558.1875000000	-120.5354919434
492257.1875000000	-120.5838165283
493962.1250000000	-120.7251892090
495672.9375000000	-120.7733612061
497389.6562500000	-120.7961120605
499112.3437500000	-120.8360671997
500841.0000000000	-120.8743972778
502575.6562500000	-120.9897232056
504315.7500000000	-121.1287765503
506062.4062500000	-121.2254257202
507815.1250000000	-121.2337722778
509573.9375000000	-121.2347717285
511338.8125000000	-121.2474365234
513109.8125000000	-121.2714309692
514886.9375000000	-121.2808609009
516670.2500000000	-121.2890396118
518459.1250000000	-121.2890396118
520254.7812500000	-121.2890396118
522056.6562500000	-121.2890396118
523864.7812500000	-121.2890396118
525679.1875000000	-121.2890396118
527499.8125000000	-121.2890396118
529326.8125000000	-121.2890396118
531160.1250000000	-121.2890396118
532999.1875000000	-121.2890396118
534845.1875000000	-121.2890396118
536697.6250000000	-121.2890396118
538556.4375000000	-121.2890396118
540421.6875000000	-121.2890396118
542293.4375000000	-121.2890396118
544171.6250000000	-121.2890396118
546056.3125000000	-121.2890396118
547947.0000000000	-121.2890396118
549844.7500000000	-121.2890396118
551749.1250000000	-121.2808609009
553660.0625000000	-121.2783889771
555577.6875000000	-121.2714309692
557501.8750000000	-121.2474365234
559432.7500000000	-121.2347717285
561370.3125000000	-121.2254257202
563314.0000000000	-121.1160583496
565265.0000000000	-121.1160583496
567222.7500000000	-121.1160583496
569187.3125000000	-121.1160583496
571158.6875000000	-121.1160583496
573136.8750000000	-121.1160583496
575121.8750000000	-121.1160583496
577113.8125000000	-121.1160583496
579112.0000000000	-121.1160583496
581117.6875000000	-121.1160583496
583130.3750000000	-121.1160583496
585150.0000000000	-121.1160583496
587176.6875000000	-121.1160583496
589210.3125000000	-121.1160583496
591251.0000000000	-121.1160583496
593298.8125000000	-121.1160583496
595353.0000000000	-121.1160583496
597415.0000000000	-121.1160583496
599484.1250000000	-120.9434204102
601560.3750000000	-120.8797378540
603643.8750000000	-120.8659286499
605734.5625000000	-120.7789154053
607832.5000000000	-120.7744598389
609937.6875000000	-120.7677917480
612049.5000000000	-120.7515106201
614169.3125000000	-120.7493057251
616296.4375000000	-120.7405929565
618431.0000000000	-120.7375564575
620572.8750000000	-120.7363357544
622722.1875000000	-120.7363357544
624879.0000000000	-120.7363357544
627043.2500000000	-120.7363357544
629214.2500000000	-120.7163009644
631393.5000000000	-120.7097549438
633580.3125000000	-120.7052459717
635774.6875000000	-120.6983413696
637976.6875000000	-120.6852722168
640186.2500000000	-120.6714935303
642403.5625000000	-120.6316223145
644628.5000000000	-120.6257400513
646861.1250000000	-120.6249847412
649100.7500000000	-120.6104125977
651348.8750000000	-120.5913238525
653604.8125000000	-120.5938262939
655868.5625000000	-120.6104125977
658140.1250000000	-120.6172180176
660419.5625000000	-120.6172180176
662706.8750000000	-120.6172180176
665002.1250000000	-120.6172180176
667304.6250000000	-120.6172180176
669615.8125000000	-120.6172180176
671935.0000000000	-120.6172180176
674262.1875000000	-120.6172180176
676597.5000000000	-120.6172180176
678940.8125000000	-120.6172180176
681292.3125000000	-120.6172180176
683651.9375000000	-120.6172180176
686019.0000000000	-120.6172180176
688395.0000000000	-120.6172180176
690779.1875000000	-120.6172180176
693171.6875000000	-120.6172180176
695572.4375000000	-120.6172180176
697981.5625000000	-120.6172180176
700398.9375000000	-120.6172180176
702824.7500000000	-120.6172180176
705258.1875000000	-120.6172180176
707700.8125000000	-120.6398010254
710151.9375000000	-120.6445083618
712611.5000000000	-120.6451721191
715079.5625000000	-120.7097549438
717556.2500000000	-120.7163009644
720041.4375000000	-120.7773284912
722535.3125000000	-120.9238357544
725036.9375000000	-120.9238357544
727548.0625000000	-120.9238357544
730067.9375000000	-120.9238357544
732596.5000000000	-120.9238357544
735133.8125000000	-120.9238357544
737679.8750000000	-120.9238357544
740234.8125000000	-120.9238357544
742798.5625000000	-120.9238357544
745370.4375000000	-120.9238357544
747952.0000000000	-120.9238357544
750542.4375000000	-120.9238357544
753141.9375000000	-120.9238357544
755750.4375000000	-120.9238357544
758367.9375000000	-120.9726867676
760994.5000000000	-121.0053176880
763630.1875000000	-121.0131683350
766274.1250000000	-121.0349884033
768928.0625000000	-121.0349884033
771591.1875000000	-121.0349884033
774263.5625000000	-121.0349884033
776945.1875000000	-121.0349884033
779636.1250000000	-121.0349884033
782336.3750000000	-121.0349884033
785045.9375000000	-121.0349884033
787764.0625000000	-121.0131683350
790492.4375000000	-121.0053176880
793230.2500000000	-120.9726867676
795977.5625000000	-120.9721145630
798734.4375000000	-120.9610290527
801500.8125000000	-120.9533081055
804276.7500000000	-120.9533081055
807062.3125000000	-120.9533081055
809857.5625000000	-120.9258117676
812661.5625000000	-120.9248962402
815476.1875000000	-120.9208908081
818300.5625000000	-120.9129638672
821134.6875000000	-120.9112091064
823978.6875000000	-120.9058761597
826832.5000000000	-120.8963546753
829696.1875000000	-120.8890380859
832569.8125000000	-120.8715438843
835452.4375000000	-120.8626861572
838346.0000000000	-120.8612060547
841249.5625000000	-120.8540039063
844163.1875000000	-120.8439178467
847086.9375000000	-120.8175048828
850020.7500000000	-120.8058471680
852964.7500000000	-120.7774047852
855919.0000000000	-120.7583236694
858882.4375000000	-120.7583236694
861857.1875000000	-120.7583236694
864842.1875000000	-120.7583236694
867837.5000000000	-120.7583236694
870843.2500000000	-120.7583236694
873859.3750000000	-120.7583236694
876885.9375000000	-120.7583236694
879923.0000000000	-120.7583236694
882969.5625000000	-120.7583236694
886027.6875000000	-120.7774047852
889096.4375000000	-120.7774047852
892175.7500000000	-120.7774047852
895265.7500000000	-120.7774047852
898366.5000000000	-120.7583236694
901477.9375000000	-120.7380752563
904600.1875000000	-120.7380752563
907732.1875000000	-120.7380752563
910876.1250000000	-120.7380752563
914030.8750000000	-120.7380752563
917196.5625000000	-120.7380752563
920373.2500000000	-120.7278671265
923560.9375000000	-120.6982269287
926759.6250000000	-120.6316680908
929969.4375000000	-120.6012191772
933189.3125000000	-120.5679626465
936421.3750000000	-120.5677413940
939664.6250000000	-120.5547637939
942919.0625000000	-120.4085006714
946184.8750000000	-120.3921585083
949461.9375000000	-120.3690643311
952750.3125000000	-120.3406982422
956050.1250000000	-120.3122482300
959360.3125000000	-120.2836990356
962683.0000000000	-120.2550506592
966017.2500000000	-120.2470779419
969363.0000000000	-120.2470779419
972720.3125000000	-120.2470779419
976089.3125000000	-120.2470779419
979469.9375000000	-120.2470779419
982862.3125000000	-120.2550506592
986265.3125000000	-120.2697982788
989681.1875000000	-120.2836990356
993108.9375000000	-120.3122482300
996548.5000000000	-120.3406982422
1000000.0000000000	-120.3690643311
1003463.4375000000	-120.3921585083
1006938.8750000000	-120.4085006714
1010426.3750000000	-120.5547637939
1013925.9375000000	-120.5587997437
1017436.5000000000	-120.5587997437
1020960.3750000000	-120.5587997437
1024496.4375000000	-120.4085006714
1028044.6875000000	-120.3921585083
1031605.3125000000	-120.2697982788
1035178.1875000000	-120.1653976440
1038763.5000000000	-119.6666107178
1042361.2500000000	-119.6400146484
1045970.2500000000	-119.3356933594
1049592.8750000000	-118.9424972534
1053228.1250000000	-118.6574020386
1056875.8750000000	-118.2961654663
1060536.3750000000	-118.1318054199
1064209.5000000000	-117.3490371704
1067895.3750000000	-117.2626724243
1071594.0000000000	-117.1096801758
1075304.1250000000	-117.1096801758
1079028.5000000000	-117.1096801758
1082765.6250000000	-117.1096801758
1086515.7500000000	-117.1096801758
1090278.8750000000	-117.1096801758
1094055.0000000000	-117.2626724243
1097844.1250000000	-117.3490371704
1101646.5000000000	-117.6610260010
1105460.7500000000	-118.1318054199
1109289.5000000000	-118.6378936768
1113131.5000000000	-118.6574020386
1116986.7500000000	-118.9424972534
1120855.3750000000	-119.4980316162
1124737.3750000000	-119.6400146484
1128632.8750000000	-119.6666107178
1132541.8750000000	-119.8707809448
1136463.1250000000	-119.8707809448
1140399.2500000000	-119.8707809448
1144348.8750000000	-119.8707809448
1148312.3750000000	-119.8707809448
1152289.5000000000	-119.8707809448
1156280.3750000000	-119.6666107178
1160285.1250000000	-119.4980316162
1164303.6250000000	-119.4359512329
1168334.8750000000	-118.9424972534
1172381.3750000000	-118.8631973267
1176441.8750000000	-118.6378936768
1180516.3750000000	-118.3824844360
1184605.1250000000	-118.3824844360
1188707.8750000000	-118.3824844360
1192824.8750000000	-118.3824844360
1196956.2500000000	-118.3824844360
1201100.5000000000	-118.3824844360
1205260.5000000000	-118.3824844360
1209434.8750000000	-118.6378936768
1213623.6250000000	-118.8631973267
1217827.0000000000	-119.1966857910
1222044.8750000000	-119.4359512329
1226277.3750000000	-119.4980316162
1230524.5000000000	-119.7663192749
1234785.0000000000	-119.7663192749
1239061.6250000000	-119.7663192749
1243353.1250000000	-119.7663192749
1247659.3750000000	-119.7663192749
1251980.6250000000	-119.7663192749
1256316.7500000000	-119.7663192749
1260668.0000000000	-119.7663192749
1265034.2500000000	-119.7663192749
1269415.6250000000	-119.7663192749
1273810.7500000000	-119.7663192749
1278222.6250000000	-119.7247009277
1282649.6250000000	-119.4359512329
1287092.0000000000	-119.1966857910
1291549.8750000000	-119.0467605591
1296023.0000000000	-118.8631973267
1300511.7500000000	-118.8631973267
1305016.0000000000	-118.8631973267
1309534.5000000000	-118.8631973267
1314070.0000000000	-118.8631973267
1318621.1250000000	-118.8631973267
1323188.1250000000	-118.8631973267
1327771.0000000000	-118.8631973267
1332369.6250000000	-118.8631973267
1336984.2500000000	-118.8631973267
1341614.8750000000	-119.0467605591
1346260.0000000000	-119.1966857910
1350922.6250000000	-119.3131408691
1355601.5000000000	-119.3131408691
1360296.6250000000	-119.3131408691
1365007.8750000000	-119.3131408691
1369735.6250000000	-119.3131408691
1374479.6250000000	-119.3131408691
1379240.0000000000	-119.3131408691
1384015.5000000000	-119.3131408691
1388808.8750000000	-119.3131408691
1393619.0000000000	-119.3131408691
1398445.7500000000	-119.2396087646
1403289.1250000000	-119.2396087646
1408149.3750000000	-119.2396087646
1413026.5000000000	-119.2396087646
1417920.3750000000	-119.2396087646
1422829.7500000000	-119.2396087646
1427757.6250000000	-119.2396087646
1432702.6250000000	-119.2396087646
1437664.7500000000	-119.2396087646
1442644.0000000000	-119.2396087646
1447640.6250000000	-119.1740417480
1452654.3750000000	-119.0467605591
1457685.6250000000	-118.8117599487
1462732.6250000000	-118.8117599487
1467798.7500000000	-118.8117599487
1472882.3750000000	-118.8117599487
1477983.6250000000	-118.8117599487
1483102.6250000000	-118.8117599487
1488239.2500000000	-118.8117599487
1493393.6250000000	-118.8117599487
1498566.0000000000	-118.8117599487
1503754.5000000000	-118.8117599487
1508962.7500000000	-118.8117599487
1514189.0000000000	-119.0315551758
1519433.2500000000	-119.1740417480
1524695.7500000000	-119.2396087646
1529976.5000000000	-119.2396087646
1535275.5000000000	-119.2396087646
1540592.8750000000	-119.2396087646
1545926.8750000000	-119.2396087646
1551281.1250000000	-119.2396087646
1556654.0000000000	-119.1740417480
1562045.3750000000	-119.0579071045
1567455.3750000000	-119.0315551758
1572884.2500000000	-118.8117599487
1578331.8750000000	-118.6818161011
1583798.3750000000	-118.3720169067
1589283.7500000000	-118.2049636841
1594786.3750000000	-118.0737457275
1600309.8750000000	-117.9753112793
1605852.5000000000	-117.9753112793
1611414.2500000000	-118.2049636841
1616995.3750000000	-118.2570800781
1622595.7500000000	-118.3720169067
1628215.5000000000	-118.6818161011
1633854.7500000000	-119.0315551758
1639511.7500000000	-119.0579071045
1645190.1250000000	-119.0579071045
1650888.1250000000	-119.0315551758
1656605.8750000000	-118.8505935669
1662343.5000000000	-118.3720169067
1668101.0000000000	-118.2570800781
1673878.3750000000	-118.2049636841
1679675.7500000000	-117.8352661133
1685491.3750000000	-117.1408233643
1691329.0000000000	-117.1408233643
1697186.8750000000	-117.1408233643
1703065.0000000000	-117.1408233643
1708963.5000000000	-117.1408233643
1714882.3750000000	-117.1697921753
1720821.7500000000	-117.1697921753
1726781.7500000000	-117.1697921753
1732760.5000000000	-117.1986618042
1738761.8750000000	-117.2274398804
1744784.0000000000	-117.2561187744
1750826.8750000000	-117.2847061157
1756890.8750000000	-117.8352661133
1762975.7500000000	-117.9196548462
1769081.7500000000	-118.2049636841
1775208.8750000000	-117.9196548462
1781355.2500000000	-117.8352661133
1787524.8750000000	-117.2847061157
1793715.8750000000	-117.2561187744
1799928.3750000000	-117.2274398804
1806162.3750000000	-117.1986618042
1812417.8750000000	-117.1697921753
1818695.1250000000	-117.1697921753
1824994.1250000000	-117.1697921753
1831312.8750000000	-117.1697921753
1837655.5000000000	-117.1697921753
1844020.1250000000	-117.1986618042
1850406.8750000000	-117.2274398804
1856815.6250000000	-117.2561187744
1863246.6250000000	-117.2847061157
1869699.8750000000	-117.5734634399
1876175.5000000000	-117.9196548462
1882671.5000000000	-117.9196548462
1889192.0000000000	-117.9196548462
1895735.2500000000	-117.5734634399
1902301.0000000000	-117.4991836548
1908889.5000000000	-117.2847061157
1915500.8750000000	-117.2847061157
1922135.1250000000	-117.2847061157
1928792.3750000000	-117.2847061157
1935470.5000000000	-117.2847061157
1942173.8750000000	-117.2847061157
1948900.5000000000	-117.4991836548
1955650.5000000000	-117.5345535278
1962423.7500000000	-117.5734634399
1969220.5000000000	-117.9196548462
1976040.8750000000	-118.0882492065
1982884.7500000000	-118.3475189209
1989750.2500000000	-118.3495254517
1996641.6250000000	-118.3495254517
2003556.8750000000	-118.3495254517
2010496.1250000000	-118.3495254517
2017459.3750000000	-118.3495254517
2024446.7500000000	-118.5343246460
2031458.3750000000	-118.5388183594
2038494.2500000000	-118.5739898682
2045554.5000000000	-118.5739898682
2052636.8750000000	-118.5739898682
2059746.1250000000	-118.5739898682
2066879.8750000000	-118.5739898682
2074038.5000000000	-118.5739898682
2081221.7500000000	-118.5388183594
2088430.0000000000	-118.5388183594
2095663.2500000000	-118.5388183594
2102921.5000000000	-118.5388183594
2110202.5000000000	-118.5388183594
2117511.0000000000	-118.5388183594
2124845.0000000000	-118.5388183594
2132204.2500000000	-118.5388183594
2139589.0000000000	-118.5388183594
2146999.5000000000	-118.5388183594
2154435.5000000000	-118.5388183594
2161897.2500000000	-118.5388183594
2169382.5000000000	-118.5388183594
2176896.0000000000	-118.5388183594
2184435.7500000000	-118.5388183594
2192001.2500000000	-118.5388183594
2199593.2500000000	-118.5343246460
2207211.5000000000	-118.5343246460
2214856.0000000000	-118.5343246460
2222527.0000000000	-118.5343246460
2230222.2500000000	-118.5343246460
2237946.5000000000	-118.5343246460
2245697.5000000000	-118.5393142700
2253475.5000000000	-118.5611267090
2261280.2500000000	-118.6061019897
2269112.0000000000	-118.6061019897
2276971.0000000000	-118.6061019897
2284857.2500000000	-118.5864410400
2292768.2500000000	-118.5611267090
2300709.0000000000	-118.5393142700
2308677.5000000000	-118.5343246460
2316673.5000000000	-118.3495254517
2324697.2500000000	-118.3482360840
2332748.7500000000	-118.3307952881
2340828.0000000000	-118.1370849609
2348935.2500000000	-118.1370849609
2357068.2500000000	-118.3307952881
2365231.7500000000	-118.3482360840
2373423.7500000000	-118.5343246460
2381644.0000000000	-118.5393142700
2389892.7500000000	-118.5393142700
2398170.0000000000	-118.5393142700
2406475.7500000000	-118.5393142700
2414810.5000000000	-118.3482360840
2423171.5000000000	-118.3307952881
2431564.0000000000	-118.1370849609
2439985.7500000000	-118.0297546387
2448436.5000000000	-117.8263092041
2456916.5000000000	-118.0297546387
2465426.0000000000	-118.1370849609
2473964.7500000000	-118.3307952881
2482533.2500000000	-118.5393142700
2491128.7500000000	-118.5611267090
2499756.5000000000	-118.5864410400
2508414.2500000000	-118.6061019897
2517102.2500000000	-118.6877670288
2525820.0000000000	-118.6877670288
2534568.0000000000	-118.6877670288
2543346.5000000000	-118.6877670288
2552155.2500000000	-118.6877670288
2560994.5000000000	-118.7127380371
2569861.5000000000	-118.7960815430
2578762.2500000000	-118.7981567383
2587693.5000000000	-118.8094406128
2596656.0000000000	-118.8284683228
2605649.2500000000	-118.8459243774
2614673.7500000000	-118.8487548828
2623729.7500000000	-118.8494491577
2632816.7500000000	-118.8540954590
2641932.5000000000	-118.8582458496
2651082.7500000000	-118.8588180542
2660264.7500000000	-118.8624191284
2669478.5000000000	-118.8624191284
2678724.0000000000	-118.8687973022
2688001.7500000000	-118.8807907104
2697311.5000000000	-118.8865432739
2706653.5000000000	-118.9740829468
2716024.7500000000	-118.9923934937
2725431.7500000000	-119.0029907227
2734871.0000000000	-119.0029907227
2744343.2500000000	-119.0029907227
2753848.0000000000	-119.0029907227
2763386.0000000000	-119.0029907227
2772956.7500000000	-119.0029907227
2782560.7500000000	-119.0029907227
2792195.0000000000	-118.9740829468
2801865.5000000000	-118.9303359985
2811569.7500000000	-118.9303359985
2821307.5000000000	-118.9303359985
2831079.0000000000	-119.0099792480
2840884.2500000000	-119.0115432739
2850723.5000000000	-119.0498199463
2860597.0000000000	-119.0697097778
2870501.2500000000	-119.0834884644
2880443.2500000000	-119.0859985352
2890419.5000000000	-119.0859985352
2900430.2500000000	-119.0834884644
2910475.7500000000	-119.0697097778
2920556.0000000000	-119.0683975220
2930671.2500000000	-119.0498199463
2940821.5000000000	-119.0498199463
2951003.7500000000	-119.0498199463
2961224.2500000000	-119.0498199463
2971480.5000000000	-119.0498199463
2981772.0000000000	-119.0498199463
2992099.2500000000	-119.0498199463
3002462.2500000000	-119.0498199463
3012861.0000000000	-119.0498199463
3023296.0000000000	-119.0683975220
3033763.7500000000	-119.0683975220
3044271.0000000000	-119.0683975220
3054814.7500000000	-119.0683975220
3065395.0000000000	-119.0683975220
3076011.7500000000	-119.0498199463
3086665.5000000000	-119.0411987305
3097356.0000000000	-119.0115432739
3108083.5000000000	-119.0099792480
3118844.7500000000	-118.9327163696
3129646.7500000000	-118.9303359985
3140486.2500000000	-118.8778305054
3151363.0000000000	-118.8228378296
3162277.7500000000	-118.7626647949
3173230.0000000000	-118.6946563721
3184220.5000000000	-118.6265487671
3195248.7500000000	-118.5610504150
3206315.5000000000	-118.5610504150
3217416.7500000000	-118.6265487671
3228560.2500000000	-118.6946563721
3239742.2500000000	-118.7626647949
3250962.7500000000	-118.8228378296
3262222.5000000000	-118.8778305054
3273521.0000000000	-118.9303359985
3284858.7500000000	-118.9327163696
3296235.5000000000	-119.0115432739
3307648.2500000000	-119.0411987305
3319104.2500000000	-119.0411987305
3330599.7500000000	-119.0411987305
3342135.2500000000	-119.0411987305
3353710.5000000000	-119.0411987305
3365326.0000000000	-119.0411987305
3376981.5000000000	-119.0411987305
3388677.5000000000	-119.0411987305
3400410.5000000000	-119.0411987305
3412187.5000000000	-119.0456008911
3424005.5000000000	-119.2591400146
3435864.5000000000	-119.2658538818
3447764.2500000000	-119.4017791748
3459705.5000000000	-119.4315261841
3471688.0000000000	-119.4600906372
3483712.0000000000	-119.4649124146
3495774.0000000000	-119.5051727295
3507881.5000000000	-119.5349426270
3520030.7500000000	-119.5541229248
3532222.2500000000	-119.5646209717
3544456.0000000000	-119.5941925049
3556732.0000000000	-119.6090621948
3569050.5000000000	-119.6236572266
3581411.7500000000	-119.6520996094
3593812.0000000000	-119.6530303955
3606259.0000000000	-119.6736755371
3618749.0000000000	-119.6822967529
3631282.5000000000	-119.7114639282
3643859.2500000000	-119.7549972534
3656479.5000000000	-119.7983779907
3669143.5000000000	-119.8271560669
3681851.5000000000	-119.8558349609
3694599.2500000000	-119.8844223022
3707395.5000000000	-119.9564514160
3720235.7500000000	-120.0201416016
3733120.7500000000	-120.1598968506
3746050.2500000000	-120.1926574707
3759024.5000000000	-120.2685317993
3772043.7500000000	-120.3250045776
3785108.0000000000	-120.3597030640
3798213.2500000000	-120.4068222046
3811368.2500000000	-120.4775772095
3824568.7500000000	-120.5052413940
3837815.0000000000	-120.5328140259
3851107.0000000000	-120.5856781006
3864445.2500000000	-120.6383132935
3877829.5000000000	-120.6422271729
3891260.2500000000	-120.6804962158
3904733.2500000000	-120.7782592773
3918257.0000000000	-120.9258956909
3931827.7500000000	-121.0873565674
3945445.5000000000	-121.1063385010
3959110.2500000000	-121.1283569336
3972822.5000000000	-121.1385726929
3986582.2500000000	-121.2012176514
4000389.5000000000	-121.2162246704
4014244.7500000000	-121.2345428467
4028143.5000000000	-121.2773742676
4042094.7500000000	-121.3002014160
4056094.2500000000	-121.3775177002
4070142.5000000000	-121.3847274780
4084239.2500000000	-121.3896789551
4098384.7500000000	-121.4076538086
4112579.2500000000	-121.4395141602
4126823.0000000000	-121.4513854980
4141111.5000000000	-121.5790710449
4155454.0000000000	-121.8399887085
4169846.2500000000	-122.0971069336
4184288.5000000000	-122.2251129150
4198780.5000000000	-122.3144912720
4213323.0000000000	-122.3763885498
4227915.5000000000	-122.4265365601
4242558.5000000000	-122.5069656372
4257248.0000000000	-122.5553131104
4271992.5000000000	-122.6020507813
4286788.5000000000	-122.6705703735
4301635.5000000000	-122.6825866699
4316534.0000000000	-122.7373199463
4331484.0000000000	-122.7451477051
4346486.0000000000	-122.7581253052
4361540.0000000000	-122.8008422852
4376641.0000000000	-122.8759994507
4391799.5000000000	-122.8983306885
4407010.0000000000	-122.9802246094
4422273.5000000000	-123.0118637085
4437590.0000000000	-123.0176544189
4452959.5000000000	-123.0248413086
4468382.0000000000	-123.0649566650
4483858.0000000000	-123.1007385254
4499383.0000000000	-123.1244659424
4514966.0000000000	-123.1809387207
4530603.5000000000	-123.1812362671
4546295.0000000000	-123.1911163330
4562041.0000000000	-123.2451248169
4577841.5000000000	-123.2774200439
4593696.5000000000	-123.2841110229
4609606.5000000000	-123.3442153931
4625566.5000000000	-123.4207687378
4641587.0000000000	-123.4536972046
4657663.0000000000	-123.5145263672
4673794.5000000000	-123.5934753418
4689982.0000000000	-123.6346893311
4706225.5000000000	-123.6825790405
4722525.5000000000	-123.7361373901
4738881.5000000000	-123.7654113770
4755289.5000000000	-123.8122787476
4771759.0000000000	-123.8508987427
4788286.0000000000	-123.8915405273
4804870.0000000000	-123.9720993042
4821511.5000000000	-124.0152664185
4838210.5000000000	-124.2434082031
4854967.5000000000	-124.2593765259
4871782.5000000000	-124.3033523560
4888650.0000000000	-124.4341125488
4905581.5000000000	-124.5198974609
4922572.0000000000	-124.5313491821
4939621.0000000000	-124.6381683350
4956729.5000000000	-124.7017593384
4973896.5000000000	-124.7074508667
4991123.5000000000	-124.7170944214
5008410.0000000000	-124.7237167358
5025756.5000000000	-124.7480850220
5043157.5000000000	-124.8057174683
5060624.0000000000	-124.8889999390
5078151.5000000000	-124.9038619995
5095739.5000000000	-125.0308532715
5113388.0000000000	-125.1967315674
5131098.0000000000	-125.2557067871
5148869.5000000000	-125.3220596313
5166702.5000000000	-125.4074783325
5184591.5000000000	-125.5103607178
5202548.0000000000	-125.5629501343
5220566.5000000000	-125.5648727417
5238648.0000000000	-125.5954208374
5256791.5000000000	-125.6107482910
5274998.5000000000	-125.6399459839
5293268.0000000000	-125.6787338257
5311601.0000000000	-125.7077255249
5329991.5000000000	-125.7391052246
5348452.0000000000	-125.7918243408
5366976.0000000000	-125.8050765991
5385564.5000000000	-125.8303527832
5404217.0000000000	-125.8417739868
5422934.0000000000	-125.8828735352
5441716.5000000000	-125.9725418091
5460563.5000000000	-125.9774551392
5479470.0000000000	-125.9980850220
5498447.5000000000	-125.9980850220
5517491.5000000000	-126.0349044800
5536601.0000000000	-126.0563812256
5555776.5000000000	-126.0747604370
5575019.0000000000	-126.0851669312
5594327.5000000000	-126.0926513672
5613703.5000000000	-126.0992507935
5633140.0000000000	-126.1269226074
5652650.0000000000	-126.1553268433
5672228.0000000000	-126.2127075195
5691873.5000000000	-126.2838287354
5711587.0000000000	-126.3670501709
5731368.5000000000	-126.3863372803
5751219.0000000000	-126.4433212280
5771138.0000000000	-126.4438171387
5791120.0000000000	-126.4989776611
5811177.0000000000	-126.5735931396
5831304.0000000000	-126.5935668945
5851500.0000000000	-126.5982742310
5871766.5000000000	-126.8543167114
5892103.0000000000	-126.8662643433
5912510.5000000000	-126.9897537231
5932988.0000000000	-127.0364608765
5953530.0000000000	-127.0479965210
5974150.0000000000	-127.0522766113
5994841.0000000000	-127.1194839478
6015604.0000000000	-127.1448745728
6036438.5000000000	-127.2604217529
6057345.5000000000	-127.3131637573
6078325.0000000000	-127.3210906982
6099377.0000000000	-127.3904418945
6120495.0000000000	-127.4367218018
6141693.0000000000	-127.4407806396
6162964.5000000000	-127.4457397461
6184310.0000000000	-127.4513015747
6205729.0000000000	-127.4710540771
6227222.0000000000	-127.4840393066
6248790.0000000000	-127.4844970703
6270432.0000000000	-127.4992218018
6292142.5000000000	-127.5166473389
6313935.0000000000	-127.5228958130
6335803.0000000000	-127.5313186646
6357747.0000000000	-127.5315780640
6379767.0000000000	-127.5410385132
6401863.0000000000	-127.6455001831
6424035.5000000000	-127.6624755859
6446284.5000000000	-127.6672668457
6468611.0000000000	-127.6780014038
6491007.5000000000	-127.6853408813
6513489.0000000000	-127.7081222534
6536048.0000000000	-127.7523345947
6558685.5000000000	-127.7671432495
6581401.0000000000	-127.7778396606
6604195.5000000000	-127.8267745972
6627069.0000000000	-127.9634933472
6650021.5000000000	-127.9770355225
6673046.0000000000	-127.9866485596
6696158.0000000000	-128.0826873779
6719350.0000000000	-128.2027587891
6742622.0000000000	-128.3738403320
6765974.5000000000	-128.3753662109
6789408.5000000000	-128.3834381104
6812923.0000000000	-128.4067382813
6836519.5000000000	-128.4210510254
6860190.0000000000	-128.4604492188
6883950.0000000000	-128.5052947998
6907792.0000000000	-128.6216125488
6931717.0000000000	-128.6557312012
6955724.5000000000	-128.6859130859
6979815.5000000000	-128.9696197510
7003989.5000000000	-129.0821533203
7028247.5000000000	-129.1698608398
7052582.0000000000	-129.1826629639
7077008.0000000000	-129.2959747314
7101519.0000000000	-129.3071899414
7126115.0000000000	-129.3139343262
7150796.0000000000	-129.3714904785
7175562.5000000000	-129.4067077637
7200414.5000000000	-129.4102020264
7225353.0000000000	-129.4463348389
7250369.5000000000	-129.4553833008
7275481.0000000000	-129.4556121826
7300679.0000000000	-129.5340270996
7325965.0000000000	-129.5925292969
7351338.0000000000	-129.6549682617
7376799.0000000000	-129.6804809570
7402348.0000000000	-129.6875000000
7427986.0000000000	-129.7650299072
7453704.0000000000	-129.7728881836
7479519.5000000000	-129.7850952148
7505424.5000000000	-129.7882690430
7531419.5000000000	-129.8057556152
7557504.0000000000	-129.8645477295
7583679.0000000000	-129.9821472168
7609945.0000000000	-130.0670013428
7636301.5000000000	-130.1415405273
7662741.0000000000	-130.1473083496
7689280.5000000000	-130.2157745361
7715912.0000000000	-130.2633209229
7742636.0000000000	-130.2783813477
7769452.0000000000	-130.3336486816
7796361.5000000000	-130.3648071289
7823363.5000000000	-130.3835449219
7850459.5000000000	-130.4177703857
7877640.5000000000	-130.4724884033
7904924.5000000000	-130.5123291016
7932302.5000000000	-130.7993469238
7959776.0000000000	-130.9200744629
7987344.0000000000	-130.9422760010
8015008.0000000000	-130.9555816650
8042767.5000000000	-130.9836273193
8070623.5000000000	-130.9986877441
8098575.5000000000	-131.0407714844
8126615.5000000000	-131.0747833252
8154762.0000000000	-131.1873474121
8183005.5000000000	-131.3627929688
8211347.0000000000	-131.3775177002
8239786.5000000000	-131.3888702393
8268325.0000000000	-131.4582061768
8296961.5000000000	-131.5544891357
8325698.0000000000	-131.6590728760
8354524.5000000000	-131.7091827393
8383460.0000000000	-131.7339324951
8412496.0000000000	-131.8572692871
8441632.0000000000	-131.8995513916
8470869.0000000000	-132.0260772705
8500208.0000000000	-132.0265655518
8529648.0000000000	-132.0288391113
8559190.0000000000	-132.0378265381
8588825.0000000000	-132.0617828369
8618572.0000000000	-132.0625305176
8648422.0000000000	-132.0671691895
8678375.0000000000	-132.0720672607
8708432.0000000000	-132.1116943359
8738593.0000000000	-132.1149139404
8768859.0000000000	-132.1535949707
8799230.0000000000	-132.1781921387
8829696.0000000000	-132.1890716553
8860277.0000000000	-132.1929626465
8890964.0000000000	-132.2372131348
8921758.0000000000	-132.2424926758
8952658.0000000000	-132.4014129639
8983665.0000000000	-132.4804534912
9014779.0000000000	-132.5229492188
9046002.0000000000	-132.5425109863
9077322.0000000000	-132.5614318848
9108761.0000000000	-132.6009826660
9140309.0000000000	-132.6041107178
9171966.0000000000	-132.6122894287
9203732.0000000000	-132.6395874023
9235609.0000000000	-132.6407470703
9267596.0000000000	-132.6581726074
9299694.0000000000	-132.7059478760
9331893.0000000000	-132.8323516846
9364214.0000000000	-132.9548797607
9396646.0000000000	-133.0395965576
9429191.0000000000	-133.1659698486
9461849.0000000000	-133.2230987549
9494619.0000000000	-133.2359161377
9527503.0000000000	-133.2534942627
9560501.0000000000	-133.2658233643
9593603.0000000000	-133.3374938965
9626830.0000000000	-133.3756866455
9660172.0000000000	-133.4423828125
9693630.0000000000	-133.4999542236
9727203.0000000000	-133.5013885498
9760893.0000000000	-133.5031585693
9794699.0000000000	-133.5636901855
9828623.0000000000	-133.6266784668
9862653.0000000000	-133.6605529785
9896812.0000000000	-133.8659667969
9931089.0000000000	-133.8739318848
9965485.0000000000	-133.9298095703
10000000.0000000000	-133.9324645996
Trace	2
Trace Mode	VIEW
Trace Result	PN
Smoothing	OFF
Smoothing Value	1.0000000000	%
Spurious Removal	OFF
Spurious Removal Threshold	6.0000000000	dB
Trace Offset	OFF
Trace Offset	0.0000000000	dB
Trace Label	OFF
Trace Label	Trace 2
x-Unit	Hz
y-Unit	dBc/Hz
Values	4663
1.0000000000	-97.2615432739
1.0034632683	-97.2856750488
1.0069385767	-97.3354034424
1.0104259253	-97.3851318359
1.0139254332	-97.4348678589
1.0174369812	-97.4881362915
1.0209606886	-97.6052932739
1.0244965553	-97.7224502563
1.0280447006	-97.8396072388
1.0316051245	-97.9567642212
1.0351779461	-98.0972900391
1.0387630463	-98.2555770874
1.0423606634	-98.4138641357
1.0459706783	-98.5721588135
1.0495932102	-98.7304382324
1.0532282591	-98.8887100220
1.0568759441	-99.0469894409
1.0605362654	-99.2052612305
1.0642092228	-99.3635330200
1.0678949356	-99.4862213135
1.0715934038	-99.6001358032
1.0753046274	-99.7140502930
1.0790288448	-99.8279724121
1.0827658176	-99.9000167847
1.0865157843	-99.9329910278
1.0902787447	-99.9659729004
1.0940546989	-99.9989471436
1.0978437662	-100.0079498291
1.1016459465	-99.9595794678
1.1054613590	-99.9112091064
1.1092898846	-99.8628387451
1.1131316423	-99.8095779419
1.1169868708	-99.7243881226
1.1208553314	-99.6392059326
1.1247371435	-99.5540161133
1.1286325455	-99.4693679810
1.1325412989	-99.4019165039
1.1364636421	-99.3344726563
1.1403995752	-99.2670211792
1.1443492174	-99.1995773315
1.1483124495	-99.1824951172
1.1522893906	-99.1661911011
1.1562801600	-99.1498794556
1.1602846384	-99.1335754395
1.1643031836	-99.1702651978
1.1683354378	-99.2072067261
1.1723817587	-99.2441482544
1.1764421463	-99.2827453613
1.1805164814	-99.3473510742
1.1846050024	-99.4119644165
1.1887077093	-99.4765701294
1.1928246021	-99.5395202637
1.1969556808	-99.5947723389
1.2011011839	-99.6500244141
1.2052608728	-99.7052688599
1.2094351053	-99.7494049072
1.2136237621	-99.7725677490
1.2178269625	-99.7957229614
1.2220447063	-99.8188858032
1.2262769938	-99.8259582520
1.2305239439	-99.8206634521
1.2347856760	-99.8153686523
1.2390621901	-99.8100738525
1.2433534861	-99.7884674072
1.2476595640	-99.7636032104
1.2519805431	-99.7387313843
1.2563166618	-99.7095031738
1.2606676817	-99.6552886963
1.2650337219	-99.6010818481
1.2694149017	-99.5468673706
1.2738113403	-99.4706726074
1.2782229185	-99.3733901978
1.2826498747	-99.2761001587
1.2870920897	-99.1788101196
1.2915496826	-99.0511703491
1.2960226536	-98.9207916260
1.3005112410	-98.7904052734
1.3050153255	-98.6582031250
1.3095350266	-98.5228805542
1.3140703440	-98.3875579834
1.3186213970	-98.2522354126
1.3231881857	-98.1403732300
1.3277708292	-98.0322647095
1.3323693275	-97.9241561890
1.3369836807	-97.8403244019
1.3416141272	-97.7931594849
1.3462605476	-97.7460021973
1.3509230614	-97.6988372803
1.3556017876	-97.7390213013
1.3602966070	-97.7814102173
1.3650077581	-97.8238067627
1.3697352409	-97.9252624512
1.3744791746	-98.0673751831
1.3792393208	-98.2094726563
1.3840161562	-98.3712768555
1.3888094425	-98.5926666260
1.3936192989	-98.8140487671
1.3984458447	-99.0354385376
1.4032890797	-99.2831954956
1.4081491232	-99.5325546265
1.4130259752	-99.7819137573
1.4179197550	-100.0129470825
1.4228304625	-100.2351303101
1.4277582169	-100.4573135376
1.4327028990	-100.6552886963
1.4376648664	-100.8227996826
1.4426438808	-100.9903030396
1.4476402998	-101.1421966553
1.4526538849	-101.2463684082
1.4576849937	-101.3505477905
1.4627333879	-101.4489822388
1.4677993059	-101.4860687256
1.4728827477	-101.5231628418
1.4779838324	-101.5602493286
1.4831025600	-101.5461273193
1.4882389307	-101.5298004150
1.4933931828	-101.5134658813
1.4985653162	-101.4826507568
1.5037553310	-101.4495849609
1.5089633465	-101.4165115356
1.5141893625	-101.4029312134
1.5194333792	-101.3940887451
1.5246957541	-101.3852386475
1.5299762487	-101.4096679688
1.5352749825	-101.4437255859
1.5405921936	-101.4777755737
1.5459277630	-101.5283813477
1.5512818098	-101.5836944580
1.5566543341	-101.6390075684
1.5620455742	-101.6652832031
1.5674554110	-101.6848144531
1.5728839636	-101.7043533325
1.5783313513	-101.6485671997
1.5837976933	-101.5820388794
1.5892828703	-101.5155105591
1.5947870016	-101.3725891113
1.6003103256	-101.2271575928
1.6058527231	-101.0798568726
1.6114143133	-100.9136734009
1.6169950962	-100.7474822998
1.6225953102	-100.5885162354
1.6282148361	-100.4523468018
1.6338539124	-100.3161697388
1.6395124197	-100.1963272095
1.6451905966	-100.0991668701
1.6508884430	-100.0019989014
1.6566059589	-99.9195022583
1.6623432636	-99.8458328247
1.6681005955	-99.7721633911
1.6738777161	-99.7178497314
1.6796748638	-99.6667861938
1.6854921579	-99.6215591431
1.6913294792	-99.6214065552
1.6971870661	-99.6212615967
1.7030650377	-99.6549758911
1.7089632750	-99.7397613525
1.7148818970	-99.8245468140
1.7208211422	-99.9757690430
1.7267808914	-100.1543884277
1.7327612638	-100.3356475830
1.7387623787	-100.5769577026
1.7447843552	-100.8182601929
1.7508270741	-101.0612945557
1.7568907738	-101.3069152832
1.7629753351	-101.5525283813
1.7690811157	-101.7692413330
1.7752079964	-101.9779357910
1.7813560963	-102.1806030273
1.7875255346	-102.3573837280
1.7937163115	-102.5341720581
1.7999285460	-102.7065353394
1.8061622381	-102.8761596680
1.8124175072	-103.0455245972
1.8186944723	-103.2114181519
1.8249932528	-103.3773117065
1.8313137293	-103.5212631226
1.8376561403	-103.6467819214
1.8440206051	-103.7685165405
1.8504070044	-103.7973861694
1.8568155766	-103.8262634277
1.8632462025	-103.7946701050
1.8696992397	-103.7148895264
1.8761746883	-103.6302795410
1.8826724291	-103.4995346069
1.8891928196	-103.3687820435
1.8957357407	-103.2544174194
1.9023011923	-103.1487197876
1.9088895321	-103.0601654053
1.9155006409	-103.0278854370
1.9221346378	-102.9956130981
1.9287915230	-103.0284118652
1.9354715347	-103.0742492676
1.9421746731	-103.1394958496
1.9489010572	-103.2282180786
1.9556506872	-103.3168869019
1.9624238014	-103.4049835205
1.9692202806	-103.4930725098
1.9760403633	-103.5728836060
1.9828839302	-103.6499328613
1.9897513390	-103.7330245972
1.9966424704	-103.8242568970
2.0035574436	-103.9198532104
2.0104963779	-104.0470275879
2.0174593925	-104.1742019653
2.0244464874	-104.3135604858
2.0314579010	-104.4553222656
2.0384933949	-104.5705566406
2.0455532074	-104.6654815674
2.0526378155	-104.7306289673
2.0597467422	-104.7311553955
2.0668802261	-104.7234878540
2.0740385056	-104.6241989136
2.0812215805	-104.5249099731
2.0884294510	-104.3576583862
2.0956623554	-104.1798477173
2.1029202938	-103.9831848145
2.1102032661	-103.7770614624
2.1175117493	-103.5875320435
2.1248455048	-103.4157791138
2.1322045326	-103.2657470703
2.1395888329	-103.1626281738
2.1469991207	-103.0696563721
2.1544346809	-103.0276489258
2.1618962288	-102.9866943359
2.1693835258	-102.9784393311
2.1768968105	-102.9701843262
2.1844360828	-102.9804687500
2.1920015812	-102.9925231934
2.1995930672	-103.0313796997
2.2072110176	-103.0765686035
2.2148551941	-103.1525039673
2.2225260735	-103.2403793335
2.2302234173	-103.3350982666
2.2379472256	-103.4335479736
2.2456979752	-103.5040206909
2.2534756660	-103.5549316406
2.2612800598	-103.5738372803
2.2691116333	-103.5659561157
2.2769701481	-103.5567245483
2.2848560810	-103.5462265015
2.2927691936	-103.5629348755
2.3007099628	-103.6069717407
2.3086779118	-103.6826553345
2.3166735172	-103.7903366089
2.3246970177	-103.9115982056
2.3327481747	-104.0459442139
2.3408272266	-104.1649932861
2.3489341736	-104.2707443237
2.3570692539	-104.3415145874
2.3652327061	-104.3863143921
2.3734242916	-104.4081039429
2.3816442490	-104.4161453247
2.3898925781	-104.4458389282
2.3981695175	-104.4851760864
2.4064753056	-104.5915756226
2.4148097038	-104.7180404663
2.4231729507	-104.9119262695
2.4315650463	-105.1167449951
2.4399862289	-105.3088378906
2.4484367371	-105.4895629883
2.4569165707	-105.5439682007
2.4654254913	-105.5603408813
2.4739642143	-105.4313507080
2.4825322628	-105.2591018677
2.4911301136	-105.0055389404
2.4997575283	-104.7277145386
2.5084149837	-104.4255523682
2.5171024799	-104.1223449707
2.5258200169	-103.8186035156
2.5345678329	-103.5507583618
2.5433456898	-103.2923507690
2.5521540642	-103.1340484619
2.5609929562	-103.0107040405
2.5698626041	-103.0097274780
2.5787627697	-103.0838775635
2.5876939297	-103.2571105957
2.5966558456	-103.5109939575
2.6056489944	-103.8080368042
2.6146731377	-104.0912246704
2.6237285137	-104.3468627930
2.6328153610	-104.4208755493
2.6419336796	-104.3864974976
2.6510834694	-104.1724624634
2.6602649689	-103.8568725586
2.6694786549	-103.4839172363
2.6787238121	-103.1415100098
2.6880011559	-102.8327941895
2.6973104477	-102.6504745483
2.7066521645	-102.5655517578
2.7160260677	-102.5822906494
2.7254326344	-102.7381439209
2.7348716259	-102.9417648315
2.7443432808	-103.2413177490
2.7538478374	-103.5556335449
2.7633852959	-103.8895645142
2.7729558945	-104.2167205811
2.7825593948	-104.5368041992
2.7921962738	-104.8145904541
2.8018665314	-105.0276870728
2.8115704060	-105.1638717651
2.8213076591	-105.0772857666
2.8310787678	-104.8864669800
2.8408837318	-104.4603118896
2.8507225513	-103.9603195190
2.8605954647	-103.4042129517
2.8705027103	-102.9168930054
2.8804440498	-102.5008087158
2.8904199600	-102.2088699341
2.9004304409	-102.0775146484
2.9104754925	-102.0232162476
2.9205553532	-102.0933837891
2.9306702614	-102.1944427490
2.9408199787	-102.3151626587
2.9510049820	-102.4070510864
2.9612252712	-102.4756011963
2.9714810848	-102.5180969238
2.9817721844	-102.5474624634
2.9920992851	-102.5901031494
3.0024619102	-102.6562957764
3.0128602982	-102.7877655029
3.0232946873	-102.9604644775
3.0337653160	-103.1957473755
3.0442721844	-103.4957809448
3.0548155308	-103.8261566162
3.0653953552	-104.1912765503
3.0760118961	-104.5521545410
3.0866649151	-104.8835983276
3.0973551273	-105.1466445923
3.1080822945	-105.2360916138
3.1188464165	-105.2006530762
3.1296479702	-104.9936141968
3.1404869556	-104.6779632568
3.1513633728	-104.3656387329
3.1622776985	-104.0876922607
3.1732296944	-103.9713973999
3.1842195988	-103.9681472778
3.1952474117	-104.0812454224
3.2063136101	-104.3793182373
3.2174181938	-104.7628097534
3.2285611629	-105.2122421265
3.2397425175	-105.7085418701
3.2509627342	-106.1602706909
3.2622220516	-106.5467987061
3.2735199928	-106.8349380493
3.2848572731	-106.9886169434
3.2962338924	-107.0854949951
3.3076496124	-107.1300277710
3.3191051483	-107.1065979004
3.3306002617	-106.9878768921
3.3421351910	-106.7871246338
3.3537099361	-106.5006256104
3.3653249741	-106.1833801270
3.3769800663	-105.9461898804
3.3886756897	-105.8189239502
3.4004118443	-105.8630218506
3.4121885300	-106.1168746948
3.4240059853	-106.4380111694
3.4358644485	-106.7556533813
3.4477639198	-106.9332656860
3.4597046375	-106.7576675415
3.4716866016	-106.3489151001
3.4837102890	-105.7792053223
3.4957754612	-105.1727066040
3.5078823566	-104.7123107910
3.5200312138	-104.3912887573
3.5322222710	-104.2068786621
3.5444555283	-104.1497573853
3.5567314625	-104.2331848145
3.5690495968	-104.3931732178
3.5814104080	-104.6161804199
3.5938138962	-104.8851470947
3.6062602997	-105.1699066162
3.6187500954	-105.3973999023
3.6312828064	-105.5356292725
3.6438591480	-105.5821685791
3.6564791203	-105.5541000366
3.6691424847	-105.5325698853
3.6818499565	-105.5906143188
3.6946012974	-105.7105484009
3.7073969841	-105.8553237915
3.7202367783	-105.9741592407
3.7331211567	-106.0257720947
3.7460501194	-106.0758666992
3.7590239048	-106.1570510864
3.7720425129	-106.2769393921
3.7851064205	-106.4392547607
3.7982153893	-106.6655960083
3.8113698959	-107.0508651733
3.8245697021	-107.6132354736
3.8378155231	-108.3184204102
3.8511071205	-109.0517501831
3.8644447327	-109.6127166748
3.8778283596	-109.6753540039
3.8912587166	-109.0592803955
3.9047353268	-108.2133636475
3.9182586670	-107.3653793335
3.9318287373	-106.6603927612
3.9454460144	-106.1801147461
3.9591102600	-105.9658279419
3.9728219509	-106.0369796753
3.9865810871	-106.3120269775
4.0003876686	-106.6042022705
4.0142426491	-106.7549743652
4.0281448364	-106.6897811890
4.0420956612	-106.4461059570
4.0560946465	-106.1455993652
4.0701422691	-105.9148330688
4.0842385292	-105.8219451904
4.0983834267	-105.8388977051
4.1125774384	-105.8747100830
4.1268205643	-105.8591766357
4.1411132813	-105.7646102905
4.1554551125	-105.6185607910
4.1698470116	-105.4893875122
4.1842885017	-105.4483032227
4.1987800598	-105.5215988159
4.2133216858	-105.6577224731
4.2279138565	-105.7369155884
4.2425560951	-105.6480560303
4.2572493553	-105.4454269409
4.2719936371	-105.2282867432
4.2867889404	-105.0510177612
4.3016357422	-104.9071960449
4.3165335655	-104.7697067261
4.3314828873	-104.6285552979
4.3464841843	-104.4919433594
4.3615374565	-104.3657989502
4.3766427040	-104.2471694946
4.3918004036	-104.1411972046
4.4070110321	-104.0763244629
4.4222736359	-104.0935134888
4.4375896454	-104.2210311890
4.4529581070	-104.4671783447
4.4683809280	-104.8366470337
4.4838562012	-105.3381195068
4.4993853569	-105.9458465576
4.5149679184	-106.5165710449
4.5306048393	-106.7528305054
4.5462956429	-106.4264526367
4.5620408058	-105.7227249146
4.5778408051	-105.0317840576
4.5936951637	-104.5878677368
4.6096048355	-104.4475402832
4.6255693436	-104.5797348022
4.6415891647	-104.9192886353
4.6576642990	-105.3637390137
4.6737952232	-105.7309188843
4.6899819374	-105.7778167725
4.7062249184	-105.4053649902
4.7225241661	-104.8083343506
4.7388796806	-104.2935409546
4.7552919388	-104.0627441406
4.7717609406	-104.1704406738
4.7882871628	-104.5605392456
4.8048706055	-105.1066207886
4.8215112686	-105.6450805664
4.8382096291	-106.0033111572
4.8549661636	-106.0516052246
4.8717803955	-105.6220092773
4.8886528015	-105.1969757080
4.9055838585	-105.1956253052
4.9225735664	-105.4867248535
4.9396219254	-106.0233306885
4.9567294121	-106.6410369873
4.9738960266	-107.0352249146
4.9911222458	-106.9068145752
5.0084080696	-106.2657089233
5.0257534981	-105.4038848877
5.0431594849	-104.5803527832
5.0606255531	-103.9043884277
5.0781521797	-103.2490005493
5.0957393646	-103.0268402100
5.1133875847	-103.1918487549
5.1310968399	-103.5221176147
5.1488671303	-103.8374023438
5.1666994095	-103.9214706421
5.1845936775	-103.7010650635
5.2025494576	-103.3227691650
5.2205672264	-102.9741592407
5.2386479378	-103.1367721558
5.2567911148	-103.5700073242
5.2749967575	-104.0683212280
5.2932658195	-104.3498992920
5.3115983009	-104.1813507080
5.3299937248	-103.6453475952
5.3484535217	-102.8973693848
5.3669767380	-102.7910232544
5.3855643272	-103.2355346680
5.4042162895	-103.9255294800
5.4229326248	-104.5921936035
5.4417138100	-104.9718017578
5.4605603218	-104.9800415039
5.4794721603	-104.8717651367
5.4984493256	-104.8775024414
5.5174922943	-104.8993911743
5.5366010666	-104.8856353760
5.5557761192	-104.8773574829
5.5750174522	-105.0896530151
5.5943255424	-105.4715270996
5.6137003899	-106.0317077637
5.6331429482	-107.0115737915
5.6526522636	-107.7776870728
5.6722292900	-107.9686050415
5.6918740273	-108.0860214233
5.7115869522	-108.3176574707
5.7313680649	-108.9719009399
5.7512173653	-109.6499938965
5.7711358070	-109.3744430542
5.7911229134	-108.0775451660
5.8111796379	-106.0719757080
5.8313055038	-105.0844573975
5.8515009880	-105.0259780884
5.8717665672	-105.4593963623
5.8921022415	-105.9263076782
5.9125084877	-106.0408859253
5.9329853058	-106.0533294678
5.9535331726	-106.1255111694
5.9741520882	-106.1631546021
5.9948425293	-105.7716979980
6.0156044960	-104.2838363647
6.0364384651	-102.7213287354
6.0573449135	-102.0840301514
6.0783233643	-101.9648056030
6.0993742943	-102.2425231934
6.1204986572	-102.3908996582
6.1416954994	-102.5771408081
6.1629662514	-103.0113677979
6.1843104362	-103.8712158203
6.2057290077	-106.8970642090
6.2272214890	-116.6191406250
6.2487878799	-114.9170684814
6.2704296112	-114.1610336304
6.2921462059	-109.2361831665
6.3139376640	-107.1698074341
6.3358049393	-105.8306198120
6.3577480316	-105.5591506958
6.3797669411	-106.0796737671
6.4018621445	-106.9502487183
6.4240336418	-107.6095809937
6.4462819099	-108.3721008301
6.4686074257	-108.0484313965
6.4910101891	-107.0108261108
6.5134906769	-106.9266510010
6.5360488892	-107.7083969116
6.5586853027	-109.7426071167
6.5814003944	-111.3677520752
6.6041936874	-111.3860626221
6.6270661354	-111.8928985596
6.6500177383	-112.2384338379
6.6730489731	-110.8825988770
6.6961598396	-109.8170928955
6.7193508148	-110.0073699951
6.7426218987	-110.9966354370
6.7659740448	-112.9175949097
6.7894062996	-113.5156784058
6.8129205704	-111.9188156128
6.8365159035	-109.6354751587
6.8601927757	-107.7145233154
6.8839516640	-106.5173416138
6.9077930450	-105.7775344849
6.9317169189	-105.1526489258
6.9557237625	-104.7096252441
6.9798135757	-104.5917282104
7.0039868355	-104.7225189209
7.0282440186	-104.7569274902
7.0525846481	-104.7511672974
7.0770101547	-105.2320327759
7.1015210152	-105.8339691162
7.1261157990	-105.9545974731
7.1507959366	-105.5535278320
7.1755614281	-105.1107788086
7.2004127502	-105.1368789673
7.2253499031	-105.9445877075
7.2503733635	-107.2331924438
7.2754840851	-108.0862350464
7.3006811142	-107.8922805786
7.3259658813	-107.6195297241
7.3513379097	-107.7179718018
7.3767981529	-107.8182830811
7.4023461342	-107.7644500732
7.4279828072	-107.9986267090
7.4537081718	-108.4519271851
7.4795227051	-108.7835388184
7.5054268837	-109.2215042114
7.5314202309	-109.7625122070
7.5575041771	-110.0572586060
7.5836782455	-109.8307571411
7.6099429131	-109.3616714478
7.6362986565	-109.1824340820
7.6627454758	-109.3959121704
7.6892838478	-109.4736557007
7.7159142494	-109.1456680298
7.7426371574	-108.9580001831
7.7694520950	-109.1671981812
7.7963600159	-109.7269897461
7.8233613968	-110.0696487427
7.8504562378	-110.1127471924
7.8776450157	-109.9644088745
7.9049277306	-109.4067993164
7.9323048592	-108.7663421631
7.9597768784	-108.3034515381
7.9873442650	-108.4353790283
8.0150070190	-109.0252914429
8.0427656174	-109.1046600342
8.0706205368	-108.7835617065
8.0985708237	-108.4230651855
8.1266193390	-108.3334579468
8.1547641754	-108.3048477173
8.1830062866	-108.2371063232
8.2113466263	-108.1378250122
8.2397851944	-108.0591049194
8.2683229446	-108.3379440308
8.2969579697	-108.9345855713
8.3256931305	-109.6278610229
8.3545274734	-110.2066116333
8.3834619522	-110.4702835083
8.4124965668	-110.3223571777
8.4416322708	-109.4417114258
8.4708681107	-108.6561203003
8.5002050400	-108.3130950928
8.5296440125	-108.7748794556
8.5591850281	-109.5627136230
8.5888280869	-109.4784851074
8.6185741425	-109.1878204346
8.6484231949	-109.1795501709
8.6783752441	-109.0747222900
8.7084312439	-109.0081176758
8.7385911942	-109.3883895874
8.7688560486	-109.7335510254
8.7992248535	-109.3875885010
8.8296995163	-109.2183456421
8.8602790833	-109.4374542236
8.8909654617	-109.4497375488
8.9217586517	-109.1759719849
8.9526576996	-108.9020004272
8.9836635590	-109.1138229370
9.0147771835	-109.5744552612
9.0459976196	-109.4338226318
9.0773267746	-108.9424133301
9.1087646484	-108.7509765625
9.1403112411	-108.9067611694
9.1719665527	-108.7621536255
9.2037324905	-108.4394607544
9.2356081009	-108.8813934326
9.2675933838	-109.9974212646
9.2996902466	-110.8182067871
9.3318977356	-110.8813476563
9.3642177582	-110.8443908691
9.3966484070	-111.0093841553
9.4291925430	-110.6935653687
9.4618482590	-109.7851257324
9.4946174622	-108.4650421143
9.5275011063	-107.8032989502
9.5604972839	-108.4538726807
9.5936088562	-109.7797241211
9.6268339157	-110.7823562622
9.6601753235	-111.0295028687
9.6936311722	-110.4690322876
9.7272033691	-109.9292984009
9.7608919144	-109.8161010742
9.7946968079	-109.9405822754
9.8286190033	-110.3709106445
9.8626585007	-110.4539108276
9.8968162537	-110.2025833130
9.9310922623	-110.3441772461
9.9654865265	-111.2765045166
10.0000000000	-110.3632125854
10.0346345901	-110.3264541626
10.0693864822	-110.2450408936
10.1042613983	-110.1436157227
10.1392536163	-110.0728607178
10.1743707657	-110.0123367310
10.2096061707	-110.0509567261
10.2449674606	-110.1041717529
10.2804470062	-110.2010879517
10.3160533905	-110.2642440796
10.3517789841	-110.2876663208
10.3876323700	-110.2050628662
10.4236068726	-110.0724334717
10.4597082138	-109.8537063599
10.4959316254	-109.6329498291
10.5322837830	-109.4480209351
10.5687589645	-109.3207931519
10.6053638458	-109.2785415649
10.6420917511	-109.3410415649
10.6789503098	-109.4558105469
10.7159337997	-109.6473312378
10.7530479431	-109.8343200684
10.7902870178	-109.9886169434
10.8276586533	-110.0793151855
10.8651571274	-110.1106719971
10.9027881622	-110.0547103882
10.9405460358	-109.9740829468
10.9784383774	-109.8572921753
11.0164585114	-109.7425079346
11.0546140671	-109.6300811768
11.0928983688	-109.5370330811
11.1313180923	-109.4553756714
11.1698675156	-109.4146270752
11.2085533142	-109.4114685059
11.2473707199	-109.4482345581
11.2863254547	-109.5485610962
11.3254127502	-109.6629943848
11.3646373749	-109.7866058350
11.4039955139	-109.8753051758
11.4434919357	-109.9403762817
11.4831228256	-109.9567184448
11.5228948593	-109.9786758423
11.5628004074	-110.0109176636
11.6028470993	-110.0800323486
11.6430301666	-110.1627807617
11.6833553314	-110.2602920532
11.7238168716	-110.3480453491
11.7644214630	-110.4288558960
11.8051643372	-110.4913864136
11.8460512161	-110.5474166870
11.8870754242	-110.5969543457
11.9282464981	-110.6328506470
11.9695558548	-110.6639785767
12.0110120773	-110.6892318726
12.0526084900	-110.7111892700
12.0943517685	-110.7213592529
12.1362361908	-110.7101821899
12.1782703400	-110.6241073608
12.2204456329	-110.4910583496
12.2627706528	-110.2904968262
12.3052387238	-110.0669326782
12.3478574753	-109.8521728516
12.3906202316	-109.6671829224
12.4335346222	-109.5219345093
12.4765939713	-109.3875122070
12.5198059082	-109.2583236694
12.5631647110	-109.1373291016
12.6066761017	-109.0502853394
12.6503391266	-109.0091094971
12.6941490173	-109.1056594849
12.7381153107	-109.2675399780
12.7822294235	-109.4850845337
12.8264999390	-109.6819305420
12.8709201813	-109.7677154541
12.9154977798	-109.7521514893
12.9602270126	-109.5930175781
13.0051136017	-109.3992309570
13.0501527786	-109.2214660645
13.0953512192	-109.0876617432
13.1407032013	-109.0344696045
13.1862154007	-109.0029449463
13.2318820953	-108.9805526733
13.2777099609	-108.9315185547
13.3236923218	-108.8207015991
13.3698387146	-108.6631011963
13.4161405563	-108.4615402222
13.4626073837	-108.2669525146
13.5092306137	-108.1480789185
13.5560188293	-108.1222457886
13.6029663086	-108.2238769531
13.6500797272	-108.4935073853
13.6973524094	-108.8415527344
13.7447919846	-109.2328872681
13.7923927307	-109.6138839722
13.8401622772	-109.8153305054
13.8880929947	-109.8153839111
13.9361934662	-109.6251220703
13.9844570160	-109.2673034668
14.0328922272	-108.9013137817
14.0814905167	-108.6325073242
14.1302604675	-108.4864654541
14.1791963577	-108.4808197021
14.2283058167	-108.6329803467
14.2775802612	-108.8508911133
14.3270301819	-109.1140594482
14.3766469955	-109.4138412476
14.4264402390	-109.7669219971
14.4764013290	-110.2145538330
14.5265398026	-110.7503662109
14.5768480301	-111.3571624756
14.6273345947	-111.9988784790
14.6779909134	-112.5476760864
14.7288274765	-112.8230819702
14.7798366547	-112.8125305176
14.8310260773	-112.5598754883
14.8823881149	-112.1537780762
14.9339323044	-111.7149124146
14.9856519699	-111.3235168457
15.0375537872	-110.9958114624
15.0896310806	-110.7401046753
15.1418933868	-110.5557708740
15.1943330765	-110.4326782227
15.2469577789	-110.3469924927
15.2997608185	-110.2713699341
15.3527507782	-110.2108917236
15.4059200287	-110.1819686890
15.4592771530	-110.2062606812
15.5128154755	-110.3026580811
15.5665435791	-110.4687728882
15.6204538345	-110.6426315308
15.6745538712	-110.7916717529
15.7288379669	-110.8989791870
15.7833137512	-110.9512634277
15.8379745483	-110.9302597046
15.8928289413	-110.8081665039
15.9478731155	-110.6343231201
16.0031032562	-110.5557479858
16.0585289001	-110.6702957153
16.1141433716	-110.9896392822
16.1699523926	-111.4229965210
16.2259521484	-111.8083114624
16.2821502686	-111.9948959351
16.3385391235	-111.9681701660
16.3951263428	-111.8582992554
16.4519062042	-111.7511520386
16.5088863373	-111.6528167725
16.5660591125	-111.5739288330
16.6234340668	-111.5334625244
16.6810054779	-111.5382308960
16.7387790680	-111.5690383911
16.7967472076	-111.5868911743
16.8549232483	-111.5456695557
16.9132938385	-111.3862304688
16.9718723297	-111.0368576050
17.0306491852	-110.5471343994
17.0896339417	-110.0782623291
17.1488189697	-109.8006362915
17.2082138062	-109.8278656006
17.2678089142	-110.1846542358
17.3276138306	-110.7841796875
17.3876228333	-111.4241180420
17.4478435516	-111.8629455566
17.5082683563	-111.9734420776
17.5689086914	-111.8284225464
17.6297531128	-111.6114196777
17.6908130646	-111.4703521729
17.7520790100	-111.4564056396
17.8135623932	-111.5227279663
17.8752536774	-111.5520019531
17.9371643066	-111.4278564453
17.9992828369	-111.1277313232
18.0616226196	-110.7456588745
18.1241741180	-110.4136123657
18.1869468689	-110.2093048096
18.2499313354	-110.1250076294
18.3131389618	-110.1146621704
18.3765602112	-110.1795959473
18.4402065277	-110.3691635132
18.5040683746	-110.7350769043
18.5681571960	-111.1679992676
18.6324615479	-111.4851608276
18.6969947815	-111.6297988892
18.7617454529	-111.7214431763
18.8267250061	-111.8403167725
18.8919258118	-111.9133148193
18.9573574066	-111.8651962280
19.0230102539	-111.7747802734
19.0888957977	-111.7867584229
19.1550025940	-111.9582138062
19.2213459015	-112.2354431152
19.2879123688	-112.5097808838
19.3547153473	-112.6678695679
19.4217453003	-112.5023040771
19.4890098572	-112.0235443115
19.5565052032	-111.7140502930
19.6242370605	-111.5796585083
19.6921997070	-111.6427612305
19.7604026794	-111.8195343018
19.8288364410	-111.9996185303
19.8975124359	-112.1363067627
19.9664268494	-112.2435836792
20.0355739594	-112.3522415161
20.1049671173	-112.5263366699
20.1745929718	-112.8471221924
20.2444667816	-113.2737121582
20.3145771027	-113.5143966675
20.3849372864	-113.0823745728
20.4555339813	-112.5826721191
20.5263805389	-112.1053237915
20.5974674225	-111.7732391357
20.6688041687	-111.6870956421
20.7403850555	-111.8399963379
20.8122177124	-112.1022186279
20.8842945099	-112.3401260376
20.9566268921	-112.3751525879
21.0292034149	-112.4297943115
21.1020374298	-112.5785903931
21.1751174927	-112.7416534424
21.2484550476	-112.8186416626
21.3220424652	-112.8030166626
21.3958911896	-112.7329788208
21.4699878693	-112.6911926270
21.5443496704	-112.6739425659
21.6189613342	-112.6130981445
21.6938362122	-112.4881362915
21.7689666748	-112.3691864014
21.8443622589	-112.3388977051
21.9200134277	-112.1679763794
21.9959316254	-111.7229232788
22.0721073151	-111.1697921753
22.1485538483	-110.7763748169
22.2252578735	-110.8652267456
22.3022346497	-111.5930480957
22.3794708252	-112.2053756714
22.4569816589	-112.6043472290
22.5347537994	-112.7108306885
22.6128025055	-112.7355346680
22.6911144257	-112.8213272095
22.7697048187	-112.8485336304
22.8485603333	-112.7629165649
22.9276943207	-112.5492630005
23.0070972443	-112.2880630493
23.0867805481	-112.0671844482
23.1667346954	-111.8685607910
23.2469711304	-111.9199600220
23.3274803162	-112.0451431274
23.4082736969	-112.1338195801
23.4893398285	-112.1839599609
23.5706958771	-112.2221755981
23.6523246765	-112.1943664551
23.7342433929	-112.0699386597
23.8164386749	-111.8070526123
23.8989257813	-111.7388381958
23.9816932678	-111.9507980347
24.0647525787	-112.5789718628
24.1480922699	-113.2806396484
24.2317276001	-113.5610504150
24.3156471252	-113.5180892944
24.3998641968	-113.2302093506
24.4843635559	-113.0339279175
24.5691642761	-112.7999420166
24.6542530060	-112.6039428711
24.7396411896	-112.5105667114
24.8253192902	-112.5292510986
24.9113006592	-112.6760025024
24.9975719452	-112.7502059937
25.0841503143	-112.7980880737
25.1710281372	-112.8914260864
25.2581996918	-112.9585342407
25.3456802368	-112.9386978149
25.4334583282	-112.8316574097
25.5215454102	-112.6902236938
25.6099300385	-112.6163864136
25.6986293793	-112.7094573975
25.7876281738	-113.0542984009
25.8769435883	-113.3511047363
25.9665584564	-113.2998886108
26.0564937592	-113.2069244385
26.1467323303	-113.2934570313
26.2372894287	-113.5261230469
26.3281536102	-113.6122360229
26.4193401337	-113.6124801636
26.5108356476	-113.7709655762
26.6026535034	-113.8217849731
26.6947841644	-113.5045928955
26.7872409821	-113.2332992554
26.8800086975	-113.3602676392
26.9731063843	-113.5966110229
27.0665187836	-113.7802658081
27.1602630615	-113.7039642334
27.2543239594	-113.4436340332
27.3487186432	-113.1393737793
27.4434318542	-112.8860931396
27.5384807587	-112.6984863281
27.6338520050	-112.3517379761
27.7295608521	-111.9228515625
27.8255920410	-111.9064102173
27.9219646454	-112.2943496704
28.0186634064	-112.6475143433
28.1157054901	-112.6880035400
28.2130756378	-112.5463638306
28.3107891083	-112.8511123657
28.4088344574	-113.5249786377
28.5072269440	-113.9933090210
28.6059532166	-114.2288131714
28.7050285339	-114.5161209106
28.8044395447	-114.7134552002
28.9042015076	-114.5440292358
29.0043029785	-114.3331222534
29.1047573090	-114.3087463379
29.2055530548	-114.2411651611
29.3067054749	-114.0750732422
29.4081993103	-113.8611602783
29.5100536346	-113.7069320679
29.6122512817	-113.7275466919
29.7148113251	-113.8111267090
29.8177204132	-113.7514572144
29.9209918976	-113.7601013184
30.0246143341	-113.3249816895
30.1286029816	-113.4263305664
30.2329425812	-113.4881820679
30.3376541138	-113.4858551025
30.4427185059	-113.4120635986
30.5481548309	-113.2729568481
30.6539497375	-113.0878219604
30.7601184845	-112.8899230957
30.8666458130	-112.7207870483
30.9735507965	-112.5997848511
31.0808181763	-112.5375823975
31.1884651184	-112.5369415283
31.2964763641	-112.5924072266
31.4048690796	-112.6905899048
31.5136299133	-112.8044815063
31.6227760315	-112.9036865234
31.7322998047	-112.9732208252
31.8421955109	-113.0089035034
31.9524784088	-113.0173492432
32.0631370544	-113.0138320923
32.1741867065	-113.0176467896
32.2856101990	-113.0499114990
32.3974304199	-113.1148834229
32.5096282959	-113.2043304443
32.6222229004	-113.3025360107
32.7351989746	-113.3884658813
32.8485755920	-113.4408874512
32.9623374939	-113.4441146851
33.0764999390	-113.3931274414
33.1910514832	-113.2954635620
33.3060073853	-113.1671218872
33.4213523865	-113.0308456421
33.5371055603	-112.9021301270
33.6532516479	-112.7932739258
33.7698059082	-112.7145309448
33.8867568970	-112.6714172363
34.0041236877	-112.6594772339
34.1218833923	-112.6602859497
34.2400627136	-112.6440887451
34.3586425781	-112.5828475952
34.4776420593	-112.4698104858
34.5970458984	-112.3321838379
34.7168693542	-112.2228088379
34.8371009827	-112.1990280151
34.9577598572	-112.2889633179
35.0788230896	-112.4774017334
35.2003173828	-112.7165985107
35.3222236633	-112.9387207031
35.4445610046	-113.0853652954
35.5673103333	-113.1375427246
35.6904945374	-113.1228485107
35.8140983582	-113.0939254761
35.9381370544	-113.0971984863
36.0625991821	-113.1522521973
36.1875000000	-113.2483139038
36.3128242493	-113.3543624878
36.4385910034	-113.4362716675
36.5647850037	-113.4724426270
36.6914253235	-113.4604568481
36.8184928894	-113.3873443604
36.9460144043	-113.3254928589
37.0739631653	-113.2828979492
37.2023696899	-113.2782821655
37.3312072754	-113.3228225708
37.4605026245	-113.4157638550
37.5902328491	-113.5417480469
37.7204246521	-113.6724548340
37.8510589600	-113.7740020752
37.9821548462	-113.8189773560
38.1136932373	-113.7980041504
38.2456970215	-113.7236480713
38.3781509399	-113.6236190796
38.5110702515	-113.5282669067
38.6444396973	-113.4601287842
38.7782859802	-113.4296340942
38.9125823975	-113.4363250732
39.0473518372	-113.4724044800
39.1825790405	-113.5262298584
39.3182868958	-113.5848541260
39.4544525146	-113.6370010376
39.5911026001	-113.6767807007
39.7282142639	-113.7070846558
39.8658103943	-113.7651138306
40.0038833618	-113.8740844727
40.1424255371	-113.9943389893
40.2814559937	-114.1438598633
40.4209594727	-114.3041992188
40.5609550476	-114.4515304565
40.7014236450	-114.5636215210
40.8423919678	-114.6250228882
40.9838371277	-114.6297531128
41.1257820129	-114.5828399658
41.2682075500	-114.4556503296
41.4111366272	-114.3385086060
41.5545539856	-114.3029251099
41.6984748840	-114.3060607910
41.8428840637	-114.3344116211
41.9878044128	-114.3666000366
42.1332168579	-114.3842391968
42.2791442871	-114.3658828735
42.4255638123	-114.3073348999
42.5725021362	-114.2405166626
42.7199363708	-114.1438446045
42.8678970337	-114.0125885010
43.0163574219	-113.8568115234
43.1653404236	-113.6452789307
43.3148307800	-113.5324859619
43.4648475647	-113.5418930054
43.6153755188	-113.5972824097
43.7664337158	-113.6690216064
43.9180068970	-113.7327041626
44.0701141357	-113.8018493652
44.2227363586	-113.8729248047
44.3759002686	-113.9407424927
44.5295829773	-114.0268402100
44.6838073730	-114.1773529053
44.8385581970	-114.3312454224
44.9938507080	-114.4222946167
45.1496734619	-114.4949264526
45.3060493469	-114.5439682007
45.4629516602	-114.5674667358
45.6204109192	-114.5350418091
45.7784004211	-114.4629211426
45.9369544983	-114.3447036743
46.0960426331	-114.1150741577
46.2556915283	-113.9354248047
46.4158859253	-113.9224624634
46.5766448975	-114.0171737671
46.7379455566	-114.2919311523
46.8998222351	-114.5141067505
47.0622444153	-114.5076828003
47.2252426147	-114.3077163696
47.3887901306	-114.1327819824
47.5529212952	-114.1535568237
47.7176055908	-114.3019638062
47.8828735352	-114.6570892334
48.0486984253	-114.9497985840
48.2151145935	-114.9959869385
48.3820915222	-114.8656311035
48.5496597290	-114.6707229614
48.7177963257	-114.5626449585
48.8865280151	-114.3742370605
49.0558319092	-113.8980484009
49.2257347107	-113.1441268921
49.3962097168	-111.3214340210
49.5672912598	-109.4825363159
49.7389526367	-108.5002975464
49.9112205505	-107.7677078247
50.0840721130	-107.8716201782
50.2575378418	-108.4992446899
50.4316024780	-110.1019439697
50.6062545776	-112.1851959229
50.7815284729	-113.7940979004
50.9573936462	-114.6030731201
51.1338806152	-114.7077484131
51.3109664917	-114.6796722412
51.4886817932	-114.6449737549
51.6669960022	-114.6766433716
51.8459396362	-114.7518997192
52.0254936218	-114.7996520996
52.2056808472	-114.8067016602
52.3864784241	-114.7413482666
52.5679168701	-114.6478271484
52.7499694824	-114.5914382935
52.9326667786	-114.5923614502
53.1159820557	-114.6390533447
53.2999458313	-114.7011260986
53.4845352173	-114.7229385376
53.6697731018	-114.6822128296
53.8556442261	-114.6112670898
54.0421676636	-114.6003036499
54.2293281555	-114.7158050537
54.4171485901	-114.8840866089
54.6056022644	-114.9887008667
54.7947273254	-114.9917144775
54.9844932556	-114.9292831421
55.1749267578	-114.8912506104
55.3660087585	-114.9210891724
55.5577659607	-114.9832763672
55.7501716614	-115.0340499878
55.9432601929	-115.0580215454
56.1370010376	-115.0732650757
56.3314323425	-115.1129226685
56.5265159607	-115.2018356323
56.7222938538	-115.3204727173
56.9187316895	-115.4370574951
57.1158676147	-115.5223083496
57.3136711121	-115.5583572388
57.5121726990	-115.5763778687
57.7113494873	-115.5895080566
57.9112281799	-115.5681915283
58.1117858887	-115.4648513794
58.3130531311	-115.2603607178
58.5150032043	-115.0661087036
58.7176666260	-115.0240859985
58.9210166931	-115.2356109619
59.1250877380	-115.5004272461
59.3298454285	-115.6645736694
59.5353317261	-115.5909805298
59.7415161133	-115.3727264404
59.9484252930	-115.1526260376
60.1560401917	-115.0210418701
60.3643875122	-115.0169830322
60.5734405518	-115.1036376953
60.7832336426	-115.1941223145
60.9937362671	-115.3268661499
61.2049865723	-115.5911560059
61.4169502258	-115.8179321289
61.6296615601	-115.9997024536
61.8430976868	-116.1409835815
62.0572891235	-116.1586074829
62.2722053528	-116.0759735107
62.4878807068	-115.8957290649
62.7042884827	-115.7871246338
62.9214630127	-115.7466659546
63.1393852234	-115.7361373901
63.3580513000	-115.7402038574
63.5774879456	-115.7632293701
63.7976684570	-115.7950134277
64.0186309814	-115.8054962158
64.2403335571	-115.7816848755
64.4628295898	-115.7530136108
64.6860733032	-115.6751708984
64.9101104736	-115.4548721313
65.1349105835	-115.2035980225
65.3604965210	-115.1308975220
65.5868530273	-115.2619171143
65.8140106201	-115.6697921753
66.0419387817	-116.1692886353
66.2706680298	-116.5474472046
66.5001754761	-116.6969604492
66.7304992676	-116.6731414795
66.9616012573	-116.4090499878
67.1935195923	-116.0685882568
67.4262161255	-115.9228744507
67.6597442627	-115.9668731689
67.8940658569	-115.9888610840
68.1292114258	-115.9372024536
68.3651580811	-115.9264602661
68.6019363403	-116.1602783203
68.8395156860	-116.4913787842
69.0779418945	-116.6007843018
69.3171691895	-116.4708557129
69.5572433472	-116.3055419922
69.7981338501	-116.0989532471
70.0398788452	-115.8157424927
70.2824401855	-115.6538848877
70.5258560181	-115.7469253540
70.7701034546	-116.1015548706
71.0152130127	-116.5118103027
71.2611465454	-116.6570129395
71.5079574585	-116.5406036377
71.7555999756	-116.5053482056
72.0041275024	-116.6772232056
72.2534866333	-116.8046112061
72.5037384033	-116.6347045898
72.7548294067	-116.2266006470
73.0068130493	-115.8207778931
73.2596511841	-115.6471023560
73.5133819580	-115.7951660156
73.7679672241	-116.1238632202
74.0234603882	-116.3801345825
74.2798156738	-116.4886398315
74.5370788574	-116.5565261841
74.7952194214	-116.6758041382
75.0542678833	-116.8580398560
75.3141937256	-116.9617385864
75.5750427246	-116.8104476929
75.8367691040	-116.5267868042
76.0994262695	-116.3641891479
76.3629760742	-116.3319320679
76.6274566650	-116.2980422974
76.8928298950	-116.2576065063
77.1591415405	-116.2723541260
77.4263610840	-116.3153228760
77.6945190430	-116.3048782349
77.9635925293	-116.2667846680
78.2336120605	-116.2859573364
78.5045547485	-116.2972869873
78.7764511108	-116.2408447266
79.0492630005	-116.1234512329
79.3230514526	-116.0156021118
79.5977783203	-116.0837860107
79.8734436035	-116.3432006836
80.1500778198	-116.5453186035
80.4276504517	-116.6615295410
80.7062149048	-116.6394195557
80.9857101440	-116.4560470581
81.2662048340	-116.1556777954
81.5476379395	-116.0216140747
81.8300781250	-116.1201782227
82.1134719849	-116.3113784790
82.3978652954	-116.5614242554
82.6832275391	-116.8511962891
82.9695968628	-117.1044692993
83.2569351196	-117.2696990967
83.5452880859	-117.2121582031
83.8346252441	-116.9147186279
84.1249771118	-116.6406021118
84.4163208008	-116.5339660645
84.7086944580	-116.6734237671
85.0020523071	-116.8360137939
85.2964553833	-116.9492492676
85.5918502808	-117.0862655640
85.8882904053	-117.3026504517
86.1857376099	-117.4370117188
86.4842376709	-117.4548034668
86.7837524414	-117.4206085205
87.0843200684	-117.3949737549
87.3859100342	-117.3584976196
87.6885681152	-117.3341217041
87.9922485352	-117.4365463257
88.2970046997	-117.6137847900
88.6027908325	-117.6500854492
88.9096679688	-117.6882400513
89.2175750732	-117.7413101196
89.5265808105	-117.6036224365
89.8366241455	-117.3351974487
90.1477661133	-117.1403732300
90.4599685669	-117.0805892944
90.7732696533	-117.1453552246
91.0876312256	-117.1681900024
91.4031143188	-117.1364212036
91.7196578979	-117.0805511475
92.0373229980	-117.0281982422
92.3560638428	-117.0963897705
92.6759338379	-117.2729492188
92.9968872070	-117.4675140381
93.3189773560	-117.5606384277
93.6421585083	-117.3149261475
93.9664840698	-116.8825531006
94.2919082642	-116.7565765381
94.6184844971	-117.0551300049
94.9461669922	-117.4883346558
95.2750091553	-117.7622604370
95.6049652100	-117.9024353027
95.9360885620	-117.9805221558
96.2683258057	-117.8787078857
96.6017532349	-117.5864486694
96.9363021851	-117.2804336548
97.2720336914	-117.0531311035
97.6089019775	-117.0904541016
97.9469680786	-117.3537445068
98.2861785889	-117.6712265015
98.6265869141	-117.8311614990
98.9681472778	-117.3448867798
99.3109207153	-113.3195190430
99.6548461914	-108.9012603760
100.0000000000	-111.9722290039
100.3463439941	-112.1162033081
100.6938934326	-112.4585113525
101.0425872803	-113.0841522217
101.3925399780	-113.8088684082
101.7437057495	-114.6188201904
102.0960922241	-115.4106597900
102.4496383667	-116.0806961060
102.8044738770	-116.6301422119
103.1605300903	-116.9767532349
103.5178222656	-117.1973800659
103.8762969971	-117.3469314575
104.2360610962	-117.4379196167
104.5970840454	-117.4824981689
104.9593505859	-117.5021362305
105.3228149414	-117.4985351563
105.6875915527	-117.4677124023
106.0536346436	-117.4259567261
106.4209518433	-117.3793029785
106.7894744873	-117.3318176270
107.1593322754	-117.2929382324
107.5304794312	-117.2643203735
107.9029006958	-117.2480239868
108.2765579224	-117.2513885498
108.6515731812	-117.2796859741
109.0278854370	-117.3270034790
109.4054946899	-117.3923645020
109.7843551636	-117.4760818481
110.1645889282	-117.5649948120
110.5461349487	-117.6504135132
110.9290084839	-117.7269210815
111.3131484985	-117.7817687988
111.6986770630	-117.8124542236
112.0855407715	-117.8258972168
112.4737396240	-117.8261871338
112.8632278442	-117.8209686279
113.2541198730	-117.8254089355
113.6463699341	-117.8418426514
114.0399856567	-117.8685226440
114.4348907471	-117.9010925293
114.8312301636	-117.9174118042
115.2289428711	-117.9063186646
115.6280364990	-117.8668060303
116.0284423828	-117.8019027710
116.4303054810	-117.7227859497
116.8335571289	-117.6562194824
117.2382049561	-117.6126785278
117.6441879272	-117.5954818726
118.0516433716	-117.6045837402
118.4605102539	-117.6376190186
118.8707885742	-117.6849060059
119.2824249268	-117.7389984131
119.6955566406	-117.7952651978
120.1101150513	-117.8481674194
120.5261154175	-117.8894653320
120.9434814453	-117.9048385620
121.3623657227	-117.8963317871
121.7826995850	-117.8698577881
122.2044906616	-117.8353729248
122.6276702881	-117.8052825928
123.0523834229	-117.7933425903
123.4785690308	-117.8018188477
123.9062347412	-117.8186340332
124.3353118896	-117.8349304199
124.7659378052	-117.8466033936
125.1980590820	-117.8564224243
125.6316757202	-117.8751220703
126.0667953491	-117.9229736328
126.5033569336	-117.9967117310
126.9414901733	-118.0814437866
127.3811492920	-118.1550064087
127.8223266602	-118.1959762573
128.2649688721	-118.1918106079
128.7091979980	-118.1459350586
129.1549835205	-118.0810928345
129.6023101807	-118.0347824097
130.0511016846	-118.0297012329
130.5015258789	-118.0746383667
130.9535217285	-118.1640472412
131.4070739746	-118.2782669067
131.8621215820	-118.3870468140
132.3188171387	-118.4573211670
132.7770996094	-118.4650497437
133.2369689941	-118.4061965942
133.6983489990	-118.3118133545
134.1614074707	-118.2226409912
134.6260681152	-118.1665039063
135.0923461914	-118.1544342041
135.5601501465	-118.1798477173
136.0296630859	-118.2240676880
136.5007934570	-118.2665557861
136.9735565186	-118.2955322266
137.4478759766	-118.3134078979
137.9239349365	-118.3327178955
138.4016265869	-118.3645782471
138.8809661865	-118.4079818726
139.3618927002	-118.4486389160
139.8445739746	-118.4685821533
140.3289184570	-118.4653778076
140.8149414063	-118.4499206543
141.3025665283	-118.4351043701
141.7919616699	-118.4248657227
142.2830505371	-118.4137573242
142.7758483887	-118.3960113525
143.2702636719	-118.3734207153
143.7664794922	-118.3531951904
144.2644042969	-118.3386764526
144.7640533447	-118.3241958618
145.2653656006	-118.3000717163
145.7684783936	-118.2585983276
146.2733459473	-118.1813049316
146.7799530029	-118.0025100708
147.2882385254	-117.3723449707
147.7983703613	-116.4882812500
148.3102569580	-115.4169235229
148.8239288330	-114.4495773315
149.3392791748	-113.8223114014
149.8565216064	-113.6587600708
150.3755340576	-113.9867248535
150.8963623047	-114.7488555908
151.4188995361	-115.7897415161
151.9433288574	-116.8544921875
152.4695739746	-117.6804122925
152.9976501465	-118.1682281494
153.5274658203	-118.4108581543
154.0592041016	-118.5408630371
154.5927734375	-118.6275939941
155.1282043457	-118.6855392456
155.6653900146	-118.7114791870
156.2045288086	-118.7066879272
156.7455444336	-118.6837234497
157.2884216309	-118.6645431519
157.8330993652	-118.6721954346
158.3797454834	-118.7194976807
158.9282836914	-118.8498687744
159.4787292480	-118.9865722656
160.0310668945	-119.0493545532
160.5852508545	-119.0818939209
161.1414337158	-119.0850296021
161.6995391846	-119.0603713989
162.2595672607	-119.0101547241
162.8214569092	-118.9399261475
163.3853912354	-118.8594970703
163.9512634277	-118.7813262939
164.5191040039	-118.6988983154
165.0888214111	-118.6758193970
165.6605987549	-118.7112350464
166.2343444824	-118.7864990234
166.8100891113	-118.8906478882
167.3877410889	-118.9977722168
167.9674835205	-119.0739669800
168.5492248535	-119.0957717896
169.1329956055	-119.0363616943
169.7186889648	-118.9473114014
170.3064880371	-118.8991012573
170.8963470459	-118.8655395508
171.4882354736	-118.8491134644
172.0820770264	-118.8568954468
172.6780853271	-118.9239959717
173.2761383057	-119.0163497925
173.8762817383	-119.0579299927
174.4783935547	-119.0696868896
175.0826873779	-119.0632400513
175.6890869141	-119.0699615479
176.2975769043	-119.1135177612
176.9080810547	-119.1464004517
177.5207824707	-119.1561431885
178.1356201172	-119.1328887939
178.7525939941	-119.0506820679
179.3715972900	-118.9557800293
179.9928436279	-118.8991546631
180.6162414551	-118.8525466919
181.2417907715	-118.8197555542
181.8694152832	-118.8096771240
182.4993133545	-118.8416595459
183.1313934326	-118.8833999634
183.7656555176	-118.9309997559
184.4020233154	-119.0036315918
185.0406799316	-119.0803070068
185.6815643311	-119.1396102905
186.3246612549	-119.2066040039
186.9698944092	-119.3084182739
187.6174468994	-119.3804931641
188.2672576904	-119.3820343018
188.9193115234	-119.2963943481
189.5735168457	-119.1612625122
190.2301025391	-119.0838012695
190.8889465332	-119.0468063354
191.5500793457	-119.0934982300
192.2134094238	-119.2308578491
192.8791351318	-119.3592147827
193.5471496582	-119.5377044678
194.2174987793	-119.6344680786
194.8900604248	-119.6178054810
195.5650482178	-119.5150680542
196.2423706055	-119.3996963501
196.9220581055	-119.3027343750
197.6039733887	-118.9349746704
198.2883758545	-118.2471237183
198.9751281738	-117.6833877563
199.6642761230	-117.1321640015
200.3558044434	-117.1267929077
201.0496063232	-117.4872436523
201.7459411621	-118.2483139038
202.4446716309	-118.8940124512
203.1458282471	-119.1843719482
203.8493041992	-119.3098678589
204.5553283691	-119.3292846680
205.2637939453	-119.2707443237
205.9747161865	-119.1635665894
206.6879882813	-119.0994949341
207.4038391113	-119.1203384399
208.1221771240	-119.1827392578
208.8430023193	-119.2972412109
209.5662078857	-119.3927612305
210.2920227051	-119.4196548462
211.0203704834	-119.3592147827
211.7512207031	-119.1887741089
212.4844970703	-118.9967498779
213.2204284668	-118.9142684937
213.9589080811	-118.9342193604
214.6999511719	-119.0822296143
215.4434356689	-119.2626724243
216.1896057129	-119.3692626953
216.9383697510	-119.3489456177
217.6897277832	-119.2424926758
218.4435577393	-119.0746459961
219.2001342773	-118.9162521362
219.9593200684	-118.8459777832
220.7211456299	-118.8922500610
221.4854736328	-119.0677490234
222.2525787354	-119.2706298828
223.0223388672	-119.4132614136
223.7947692871	-119.4964981079
224.5697479248	-119.5231323242
225.3475341797	-119.5106811523
226.1280212402	-119.4671783447
226.9112091064	-119.4136886597
227.6969757080	-119.3566436768
228.4855957031	-119.3191528320
229.2769470215	-119.3556823730
230.0710296631	-119.5413742065
230.8677520752	-119.7445755005
231.6673431396	-119.8912200928
232.4697113037	-119.9299545288
233.2748718262	-119.8777236938
234.0826721191	-119.8467330933
234.8934020996	-119.8833541870
235.7069549561	-119.8808975220
236.5233154297	-119.7699279785
237.3423614502	-119.5640335083
238.1643981934	-119.3594055176
238.9892578125	-119.3232879639
239.8169860840	-119.3712997437
240.6474609375	-119.4384155273
241.4809265137	-119.4953689575
242.3172912598	-119.5823516846
243.1565399170	-119.7034912109
243.9985656738	-119.8786010742
244.8436431885	-120.0568084717
245.6916503906	-120.0799560547
246.5425872803	-119.9919815063
247.3963470459	-119.7327041626
248.2531890869	-119.4114151001
249.1130065918	-119.0453643799
249.9757995605	-118.8359375000
250.8414306641	-119.1218643188
251.7102203369	-119.4829864502
252.5820007324	-119.7443389893
253.4568023682	-119.9164123535
254.3346405029	-119.9746093750
255.2153778076	-120.0257186890
256.0993041992	-120.1056289673
256.9862976074	-120.1208267212
257.8763427734	-120.0758056641
258.7693481445	-120.0617980957
259.6655883789	-120.1310119629
260.5649414063	-120.1615219116
261.4673767090	-120.1107940674
262.3728332520	-120.0586929321
263.2815246582	-120.0148391724
264.1933898926	-119.9350051880
265.1084289551	-119.8332977295
266.0264587402	-119.7687835693
266.9478454590	-119.7522735596
267.8724060059	-119.8690795898
268.8001708984	-120.0987396240
269.7309875488	-120.2601089478
270.6651916504	-120.2975769043
271.6026306152	-120.2784347534
272.5433044434	-120.2226333618
273.4870910645	-120.0704498291
274.4343261719	-119.8397750854
275.3847961426	-119.6443862915
276.3385925293	-119.6024017334
277.2955322266	-119.7017440796
278.2559204102	-119.8140258789
279.2196350098	-119.8706741333
280.1867065430	-119.9410552979
281.1569824219	-120.0711593628
282.1307373047	-120.1212387085
283.1079101563	-120.0071029663
284.0884399414	-119.8378906250
285.0722045898	-119.7536392212
286.0595397949	-119.7864227295
287.0502929688	-119.8394851685
288.0444641113	-119.8472061157
289.0419311523	-119.8605117798
290.0430297852	-119.9209823608
291.0475769043	-120.0099411011
292.0556030273	-120.0637588501
293.0669555664	-119.9715576172
294.0820007324	-119.7874984741
295.1005249023	-119.7907867432
296.1225891113	-119.9822845459
297.1480407715	-119.9969482422
298.1771850586	-119.6804580688
299.2099304199	-119.2833709717
300.2462158203	-119.6661987305
301.2859497070	-119.7056198120
302.3294372559	-119.7679519653
303.3765258789	-119.8513031006
304.4272766113	-119.9521408081
305.4814758301	-120.0509109497
306.5394897461	-120.1399841309
307.6011657715	-120.2022323608
308.6665344238	-120.2481079102
309.7354125977	-120.2537460327
310.8081665039	-120.2447509766
311.8846435547	-120.2216339111
312.9648437500	-120.1955795288
314.0486145020	-120.1753768921
315.1362915039	-120.1657333374
316.2277526855	-120.1725006104
317.3229980469	-120.1855087280
318.4220275879	-120.2051925659
319.5247192383	-120.2197189331
320.6313781738	-120.2293090820
321.7418518066	-120.2256698608
322.8562011719	-120.2138290405
323.9742126465	-120.1973724365
325.0962829590	-120.1794967651
326.2222290039	-120.1667098999
327.3520812988	-120.1584472656
328.4856872559	-120.1606292725
329.6233825684	-120.1692504883
330.7650146484	-120.1826171875
331.9106140137	-120.2015686035
333.0599670410	-120.2216110229
334.2135314941	-120.2415008545
335.3710632324	-120.2582397461
336.5325927734	-120.2694702148
337.6979675293	-120.2767562866
338.8675842285	-120.2789916992
340.0412292480	-120.2785186768
341.2189331055	-120.2769012451
342.4005432129	-120.2743759155
343.5864257813	-120.2704467773
344.7764282227	-120.2669906616
345.9705505371	-120.2647552490
347.1686096191	-120.2697296143
348.3710327148	-120.2838363647
349.5775756836	-120.3057022095
350.7883300781	-120.3367309570
352.0030822754	-120.3723068237
353.2222290039	-120.4072799683
354.4455871582	-120.4400711060
355.6731872559	-120.4652633667
356.9048461914	-120.4826660156
358.1409912109	-120.4929428101
359.3813781738	-120.4954223633
360.6260986328	-120.4891052246
361.8749084473	-120.4802246094
363.1282348633	-120.4704513550
364.3859252930	-120.4624099731
365.6479492188	-120.4584808350
366.9141540527	-120.4550094604
368.1849365234	-120.4493637085
369.4601440430	-120.4359893799
370.7397460938	-120.4076995850
372.0235900879	-120.3711318970
373.3120727539	-120.3310699463
374.6050109863	-120.2954177856
375.9024353027	-120.2804641724
377.2041625977	-120.2821197510
378.5105895996	-120.2965850830
379.8215332031	-120.3188476563
381.1370239258	-120.3392944336
382.4568786621	-120.3561325073
383.7814941406	-120.3717575073
385.1107177734	-120.3874969482
386.4445190430	-120.4037246704
387.7827453613	-120.4148101807
389.1258239746	-120.4205398560
390.4735412598	-120.4247055054
391.8259277344	-120.4327926636
393.1827697754	-120.4551544189
394.5445556641	-120.4944000244
395.9110412598	-120.5410614014
397.2822570801	-120.5887527466
398.6582031250	-120.6317672729
400.0387268066	-120.6657562256
401.4242553711	-120.6870574951
402.8145751953	-120.6945877075
404.2096862793	-120.6867141724
405.6094360352	-120.6649093628
407.0142517090	-120.6345291138
408.4239196777	-120.6091384888
409.8384704590	-120.6041946411
411.2576904297	-120.6232223511
412.6820678711	-120.6651306152
414.1113891602	-120.7245788574
415.5456237793	-120.7926635742
416.9846191406	-120.8567047119
418.4288330078	-120.9007949829
419.8780517578	-120.9200363159
421.3322753906	-120.9149703979
422.7913208008	-120.8911361694
424.2556152344	-120.8571166992
425.7250061035	-120.8219680786
427.1994934082	-120.7926101685
428.6788330078	-120.7729492188
430.1635437012	-120.7626342773
431.6534118652	-120.7616424561
433.1484069824	-120.7678451538
434.6483764648	-120.7764816284
436.1537475586	-120.7820434570
437.6643676758	-120.7818756104
439.1801757813	-120.7799606323
440.7010192871	-120.7860946655
442.2273559570	-120.8005218506
443.7590026855	-120.8086776733
445.2959289551	-120.7961502075
446.8379516602	-120.7626647949
448.3855590820	-120.7242355347
449.9385375977	-120.7020111084
451.4968566895	-120.7065811157
453.0603637695	-120.7294998169
454.6295166016	-120.7489395142
456.2041015625	-120.7452697754
457.7841491699	-120.7138900757
459.3694152832	-120.6658172607
460.9604187012	-120.6200561523
462.5569152832	-120.5894393921
464.1589660645	-120.5791854858
465.7662963867	-120.5873489380
467.3794555664	-120.6071624756
468.9981994629	-120.6300201416
470.6225585938	-120.6479797363
472.2522888184	-120.6551284790
473.8879089355	-120.6480026245
475.5292053223	-120.6268081665
477.1761779785	-120.5984039307
478.8285827637	-120.5781707764
480.4869995117	-120.5854339600
482.1511230469	-120.6329498291
483.8210449219	-120.7173461914
485.4964599609	-120.8179473877
487.1779479980	-120.9052047729
488.8652954102	-120.9548492432
490.5584411621	-120.9672546387
492.2572021484	-120.9485549927
493.9620971680	-120.9167327881
495.6729125977	-120.8938598633
497.3896789551	-120.8889465332
499.1120910645	-120.8995819092
500.8407287598	-120.9191284180
502.5753784180	-120.9417572021
504.3160095215	-120.9649810791
506.0626831055	-121.0135269165
507.8151245117	-121.0995330811
509.5739440918	-121.1794281006
511.3388061523	-121.2453002930
513.1098022461	-121.2624435425
514.8866577148	-121.2171325684
516.6699829102	-121.1287307739
518.4594116211	-121.0365905762
520.2550659180	-120.9769592285
522.0566406250	-120.9664916992
523.8648071289	-120.9975814819
525.6791992188	-121.0475997925
527.4998168945	-121.0979080200
529.3265380859	-121.1457061768
531.1597900391	-121.1950302124
532.9994506836	-121.2391433716
534.8454589844	-121.2470321655
536.6975708008	-121.1724090576
538.5563964844	-121.0832748413
540.4216918945	-120.9883193970
542.2933959961	-120.9070281982
544.1713256836	-120.8563537598
546.0560302734	-120.8463211060
547.9472656250	-120.8764038086
549.8450927734	-120.9366531372
551.7491455078	-121.0108108521
553.6600952148	-121.0951080322
555.5776367188	-121.1012573242
557.5018920898	-121.0502548218
559.4324340820	-120.9927368164
561.3700561523	-120.9696273804
563.3143310547	-121.0033721924
565.2653198242	-121.0806808472
567.2227783203	-121.1706619263
569.1873168945	-121.1477127075
571.1586914063	-121.0722122192
573.1368408203	-121.0005798340
575.1215820313	-120.9633255005
577.1134643555	-120.9675445557
579.1123046875	-121.0201644897
581.1180419922	-121.0651931763
583.1303710938	-121.0730590820
585.1500244141	-121.0782699585
587.1766357422	-121.0993728638
589.2103271484	-121.1533279419
591.2507324219	-121.1638183594
593.2984619141	-121.1092834473
595.3533325195	-121.0238342285
597.4152832031	-120.9411697388
599.4841308594	-120.8823089600
601.5603637695	-120.8975753784
603.6438598633	-120.9364929199
605.7345581055	-120.9741592407
607.8321533203	-121.0093002319
609.9373779297	-121.0407562256
612.0498657227	-121.0733032227
614.1696777344	-121.1090545654
616.2964477539	-121.1384048462
618.4309692383	-121.1350173950
620.5728759766	-121.1182632446
622.7222290039	-121.0933761597
624.8786621094	-121.0398864746
627.0429077148	-120.9834671021
629.2145996094	-120.9580993652
631.3938598633	-120.9605484009
633.5806884766	-121.0165252686
635.7747192383	-121.0850372314
637.9766845703	-121.1525344849
640.1862792969	-121.1815414429
642.4035644531	-121.1266784668
644.6281127930	-121.0769577026
646.8607788086	-121.0479660034
649.1011352539	-121.0451965332
651.3492431641	-121.0409240723
653.6047973633	-121.0562591553
655.8685302734	-121.1212005615
658.1401367188	-121.1830673218
660.4195556641	-121.2416992188
662.7065429688	-121.2484741211
665.0017700195	-121.2323303223
667.3049926758	-121.2113113403
669.6161499023	-121.2110748291
671.9349975586	-121.2460174561
674.2622070313	-121.3021316528
676.5974731445	-121.3410949707
678.9408569336	-121.3638458252
681.2919311523	-121.3314590454
683.6515502930	-121.2847290039
686.0193481445	-121.2084579468
688.3953857422	-121.1208724976
690.7792358398	-121.0185852051
693.1716918945	-120.9440078735
695.5724487305	-120.9316253662
697.9815673828	-120.9525451660
700.3985595703	-120.9739761353
702.8244018555	-120.9784622192
705.2586059570	-121.0046768188
707.7012329102	-121.0782546997
710.1519165039	-121.1485061646
712.6115112305	-121.1562271118
715.0795898438	-121.1124649048
717.5562133789	-121.0665054321
720.0410766602	-121.0034179688
722.5349121094	-120.9638290405
725.0373535156	-120.9718475342
727.5484619141	-121.0158615112
730.0679321289	-121.0592269897
732.5964965820	-121.0758056641
735.1337890625	-121.1094131470
737.6798706055	-121.1967086792
740.2344360352	-121.2941436768
742.7981567383	-121.3286056519
745.3708496094	-121.2803802490
747.9523925781	-121.2141494751
750.5424804688	-121.1794509888
753.1419067383	-121.1984100342
755.7504272461	-121.2923736572
758.3679199219	-121.4259033203
760.9940795898	-121.4424362183
763.6297607422	-121.3785781860
766.2745361328	-121.3222351074
768.9284667969	-121.3094635010
771.5912475586	-121.3116226196
774.2636108398	-121.3250503540
776.9451904297	-121.3602905273
779.6361083984	-121.3604812622
782.3359375000	-121.3069076538
785.0455322266	-121.2611999512
787.7644653320	-121.2766189575
790.4928588867	-121.3271942139
793.2302856445	-121.3686752319
795.9776000977	-121.4322509766
798.7344360352	-121.4790496826
801.5007934570	-121.4316940308
804.2767333984	-121.2733154297
807.0618896484	-121.1633453369
809.8571166992	-121.1337966919
812.6620483398	-121.2311172485
815.4766235352	-121.3458938599
818.3005371094	-121.4003219604
821.1347045898	-121.3976669312
823.9786376953	-121.3804931641
826.8324584961	-121.3685455322
829.6957397461	-121.3645172119
832.5693359375	-121.3640213013
835.4528808594	-121.3772811890
838.3464355469	-121.4237213135
841.2495727539	-121.4113006592
844.1632080078	-121.3403778076
847.0869140625	-121.2957229614
850.0207519531	-121.3186416626
852.9642944336	-121.3409957886
855.9185180664	-121.3473129272
858.8829345703	-121.3791503906
861.8576049805	-121.3982086182
864.8421630859	-121.3975296021
867.8375244141	-121.4203948975
870.8432006836	-121.4639205933
873.8593750000	-121.4630584717
876.8854370117	-121.4038009644
879.9224853516	-121.3414764404
882.9700317383	-121.3063735962
886.0281982422	-121.3330612183
889.0964355469	-121.3632736206
892.1757812500	-121.3245162964
895.2657470703	-121.3180618286
898.3664550781	-121.3617706299
901.4774169922	-121.3807220459
904.5996704102	-121.3486099243
907.7327270508	-121.3904037476
910.8765869141	-121.5147094727
914.0308837891	-121.6199722290
917.1965942383	-121.6711578369
920.3732299805	-121.7079391479
923.5609130859	-121.7477493286
926.7590942383	-121.7614822388
929.9689331055	-121.7027816772
933.1898193359	-121.5744934082
936.4218750000	-121.4271926880
939.6646118164	-121.3610229492
942.9190673828	-121.3571319580
946.1848754883	-121.3277282715
949.4619140625	-121.3044204712
952.7498168945	-121.3052520752
956.0496215820	-121.3255767822
959.3608398438	-121.3692474365
962.6835327148	-121.4215164185
966.0172119141	-121.4309082031
969.3629760742	-121.4257278442
972.7203369141	-121.4658355713
976.0892944336	-121.4759140015
979.4694213867	-121.4366836548
982.8617553711	-121.4440383911
986.2658691406	-121.4802932739
989.6817626953	-121.4972152710
993.1088867188	-121.4978866577
996.5485229492	-121.4859161377
1000.0000000000	-121.5300292969
1003.4634399414	-121.5551147461
1006.9389038086	-121.5823364258
1010.4258422852	-121.6137695313
1013.9254150391	-121.6446838379
1017.4370727539	-121.6742782593
1020.9609375000	-121.6927795410
1024.4964599609	-121.6986999512
1028.0446777344	-121.6926040649
1031.6053466797	-121.6677474976
1035.1782226563	-121.6305770874
1038.7629394531	-121.5877456665
1042.3605957031	-121.5418395996
1045.9708251953	-121.5041198730
1049.5935058594	-121.4771881104
1053.2281494141	-121.4625778198
1056.8759765625	-121.4695587158
1060.5363769531	-121.4901580811
1064.2094726563	-121.5185546875
1067.8947753906	-121.5515747070
1071.5933837891	-121.5777359009
1075.3048095703	-121.5947418213
1079.0290527344	-121.6025238037
1082.7656250000	-121.5999679565
1086.5157470703	-121.5955581665
1090.2788085938	-121.5948944092
1094.0549316406	-121.6000823975
1097.8435058594	-121.6146469116
1101.6458740234	-121.6311416626
1105.4614257813	-121.6437377930
1109.2901611328	-121.6493072510
1113.1314697266	-121.6426086426
1116.9866943359	-121.6315460205
1120.8553466797	-121.6241683960
1124.7374267578	-121.6253814697
1128.6323242188	-121.6435470581
1132.5412597656	-121.6793975830
1136.4637451172	-121.7241058350
1140.3997802734	-121.7728271484
1144.3488769531	-121.8197097778
1148.3123779297	-121.8529357910
1152.2894287109	-121.8719482422
1156.2803955078	-121.8758773804
1160.2844238281	-121.8640213013
1164.3029785156	-121.8331909180
1168.3355712891	-121.7803497314
1172.3819580078	-121.7091522217
1176.4418945313	-121.6228256226
1180.5163574219	-121.5270385742
1184.6051025391	-121.4343795776
1188.7078857422	-121.3643112183
1192.8243408203	-121.3232345581
1196.9555664063	-121.3139419556
1201.1011962891	-121.3357925415
1205.2611083984	-121.3851318359
1209.4348144531	-121.4528503418
1213.6236572266	-121.5248565674
1217.8270263672	-121.5938949585
1222.0449218750	-121.6536026001
1226.2767333984	-121.6988677979
1230.5238037109	-121.7248611450
1234.7857666016	-121.7333374023
1239.0623779297	-121.7319030762
1243.3531494141	-121.7246246338
1247.6594238281	-121.7136077881
1251.9805908203	-121.6987991333
1256.3167724609	-121.6784820557
1260.6679687500	-121.6518325806
1265.0335693359	-121.6260681152
1269.4149169922	-121.6091537476
1273.8115234375	-121.6078720093
1278.2232666016	-121.6255645752
1282.6496582031	-121.6605834961
1287.0920410156	-121.7058715820
1291.5498046875	-121.7490386963
1296.0230712891	-121.7782516479
1300.5111083984	-121.7914199829
1305.0152587891	-121.7920303345
1309.5351562500	-121.7865524292
1314.0706787109	-121.7815246582
1318.6212158203	-121.7814025879
1323.1881103516	-121.7878799438
1327.7709960938	-121.8008422852
1332.3696289063	-121.8201217651
1336.9835205078	-121.8447418213
1341.6141357422	-121.8711090088
1346.2607421875	-121.8930587769
1350.9234619141	-121.9033508301
1355.6015625000	-121.8968429565
1360.2966308594	-121.8730010986
1365.0079345703	-121.8362579346
1369.7355957031	-121.7945404053
1374.4788818359	-121.7573623657
1379.2392578125	-121.7345352173
1384.0162353516	-121.7349548340
1388.8096923828	-121.7636032104
1393.6190185547	-121.8172073364
1398.4456787109	-121.8809280396
1403.2891845703	-121.9323806763
1408.1494140625	-121.9543838501
1413.0257568359	-121.9404602051
1417.9196777344	-121.8959884644
1422.8305664063	-121.8344879150
1427.7584228516	-121.7719650269
1432.7026367188	-121.7214584351
1437.6647949219	-121.6891250610
1442.6440429688	-121.6738967896
1447.6405029297	-121.6707153320
1452.6535644531	-121.6749649048
1457.6848144531	-121.6841354370
1462.7333984375	-121.6958923340
1467.7995605469	-121.7060241699
1472.8823242188	-121.7098541260
1477.9836425781	-121.7022781372
1483.1025390625	-121.6920547485
1488.2392578125	-121.6847534180
1493.3928222656	-121.6832275391
1498.5651855469	-121.6886749268
1503.7553710938	-121.7031784058
1508.9635009766	-121.7290573120
1514.1889648438	-121.7646026611
1519.4332275391	-121.8014678955
1524.6958007813	-121.8288269043
1529.9764404297	-121.8426589966
1535.2746582031	-121.8511734009
1540.5920410156	-121.8694305420
1545.9277343750	-121.9071121216
1551.2819824219	-121.9600524902
1556.6539306641	-122.0126037598
1562.0452880859	-122.0484619141
1567.4554443359	-122.0611648560
1572.8842773438	-122.0559005737
1578.3309326172	-122.0426254272
1583.7974853516	-122.0279693604
1589.2828369141	-122.0049972534
1594.7872314453	-121.9805755615
1600.3107910156	-121.9663925171
1605.8524169922	-121.9561996460
1611.4143066406	-121.9506607056
1616.9953613281	-121.9507827759
1622.5957031250	-121.9575653076
1628.2145996094	-121.9684295654
1633.8538818359	-121.9748306274
1639.5125732422	-121.9656448364
1645.1910400391	-121.9098663330
1650.8881835938	-121.8274612427
1656.6059570313	-121.7721252441
1662.3435058594	-121.7269668579
1668.1009521484	-121.6982650757
1673.8774414063	-121.6929168701
1679.6748046875	-121.7166061401
1685.4923095703	-121.7686233521
1691.3299560547	-121.8742523193
1697.1867675781	-121.9672698975
1703.0649414063	-122.0020675659
1708.9635009766	-122.0147018433
1714.8823242188	-122.0108718872
1720.8208007813	-121.9987030029
1726.7807617188	-121.9856567383
1732.7614746094	-121.9968948364
1738.7628173828	-122.0268783569
1744.7839355469	-122.0687408447
1750.8269042969	-122.1083297729
1756.8908691406	-122.1178436279
1762.9757080078	-122.0567092896
1769.0808105469	-121.9880065918
1775.2078857422	-121.9309997559
1781.3562011719	-121.9088516235
1787.5258789063	-121.9562072754
1793.7159423828	-122.0491409302
1799.9283447266	-122.1053237915
1806.1623535156	-122.1385803223
1812.4178466797	-122.1494369507
1818.6940917969	-122.1511993408
1824.9930419922	-122.1691741943
1831.3138427734	-122.1958084106
1837.6564941406	-122.2208175659
1844.0201416016	-122.2241821289
1850.4068603516	-122.1950836182
1856.8156738281	-122.1786117554
1863.2467041016	-122.1840362549
1869.6988525391	-122.2385559082
1876.1745605469	-122.3126144409
1882.6726074219	-122.3505783081
1889.1931152344	-122.3585968018
1895.7352294922	-122.3098983765
1902.3010253906	-122.2438735962
1908.8895263672	-122.1601562500
1915.5008544922	-122.0241470337
1922.1340332031	-121.9134521484
1928.7912597656	-121.8790283203
1935.4715576172	-121.8987426758
1942.1749267578	-121.9622650146
1948.9005126953	-122.0015869141
1955.6505126953	-122.0207443237
1962.4238281250	-122.0175552368
1969.2205810547	-122.0249786377
1976.0397949219	-122.0628051758
1982.8836669922	-122.0985488892
1989.7513427734	-122.0977859497
1996.6427001953	-122.0594711304
2003.5579833984	-122.0214309692
2010.4960937500	-122.0184707642
2017.4593505859	-122.0357284546
2024.4467773438	-122.0367126465
2031.4583740234	-122.0021362305
2038.4930419922	-121.9689712524
2045.5533447266	-121.9616165161
2052.6379394531	-121.9663162231
2059.7473144531	-121.9768676758
2066.8798828125	-121.9989013672
2074.0385742188	-122.0316085815
2081.2219238281	-122.0495071411
2088.4299316406	-122.0436782837
2095.6621093750	-121.9997482300
2102.9201660156	-121.9251251221
2110.2036132813	-121.8428192139
2117.5122070313	-121.7783584595
2124.8449707031	-121.7621154785
2132.2043457031	-121.7952575684
2139.5891113281	-121.8868179321
2146.9995117188	-121.9796295166
2154.4343261719	-122.0487442017
2161.8959960938	-122.1083831787
2169.3837890625	-122.1555709839
2176.8972167969	-122.1882171631
2184.4355468750	-122.2209701538
2192.0014648438	-122.2663726807
2199.5932617188	-122.3074417114
2207.2114257813	-122.3152465820
2214.8547363281	-122.2658233643
2222.5258789063	-122.1902618408
2230.2233886719	-122.1267471313
2237.9477539063	-122.0867843628
2245.6975097656	-122.0500869751
2253.4753417969	-122.0003204346
2261.2802734375	-121.9574508667
2269.1120605469	-121.9462585449
2276.9697265625	-121.9785766602
2284.8559570313	-122.0310211182
2292.7695312500	-122.0880355835
2300.7104492188	-122.1760635376
2308.6774902344	-122.2704238892
2316.6735839844	-122.3719940186
2324.6972656250	-122.4337005615
2332.7485351563	-122.4165039063
2340.8266601563	-122.3104934692
2348.9340820313	-122.1947860718
2357.0695800781	-122.0928344727
2365.2331542969	-122.0507354736
2373.4235839844	-122.1063766479
2381.6440429688	-122.2465362549
2389.8925781250	-122.3389587402
2398.1699218750	-122.3830261230
2406.4746093750	-122.3916015625
2414.8093261719	-122.3789749146
2423.1728515625	-122.3745574951
2431.5654296875	-122.3889541626
2439.9855957031	-122.3998947144
2448.4365234375	-122.3790740967
2456.9165039063	-122.3554382324
2465.4260253906	-122.3732528687
2473.9633789063	-122.4500198364
2482.5319824219	-122.4940185547
2491.1301269531	-122.4688034058
2499.7580566406	-122.3613891602
2508.4143066406	-122.2709732056
2517.1020507813	-122.2668457031
2525.8200683594	-122.3232727051
2534.5681152344	-122.4108352661
2543.3464355469	-122.4326629639
2552.1538085938	-122.3944015503
2560.9931640625	-122.3347320557
2569.8630371094	-122.3359375000
2578.7636718750	-122.3661193848
2587.6936035156	-122.3842468262
2596.6560058594	-122.3489685059
2605.6494140625	-122.2296447754
2614.6738281250	-122.1150741577
2623.7282714844	-122.0422515869
2632.8154296875	-122.0567932129
2641.9340820313	-122.1703414917
2651.0842285156	-122.3221893311
2660.2646484375	-122.4294433594
2669.4785156250	-122.4880828857
2678.7241210938	-122.4596939087
2688.0017089844	-122.3001098633
2697.3100585938	-122.1153945923
2706.6518554688	-122.0603256226
2716.0263671875	-122.1330184937
2725.4331054688	-122.2728500366
2734.8710937500	-122.4140090942
2744.3432617188	-122.4265441895
2753.8481445313	-122.3927688599
2763.3859863281	-122.3555145264
2772.9553222656	-122.3143463135
2782.5593261719	-122.3266906738
2792.1965332031	-122.3724594116
2801.8671875000	-122.4243774414
2811.5698242188	-122.4918823242
2821.3073730469	-122.5565490723
2831.0788574219	-122.5942535400
2840.8842773438	-122.5907287598
2850.7219238281	-122.5434341431
2860.5952148438	-122.4902420044
2870.5029296875	-122.4939498901
2880.4448242188	-122.5562744141
2890.4194335938	-122.6290740967
2900.4301757813	-122.6712341309
2910.4758300781	-122.6507873535
2920.5561523438	-122.5591125488
2930.6696777344	-122.4564208984
2940.8198242188	-122.3980865479
2951.0053710938	-122.3785552979
2961.2260742188	-122.4139633179
2971.4804687500	-122.4910202026
2981.7719726563	-122.5066146851
2992.0991210938	-122.4463958740
3002.4621582031	-122.5173950195
3012.8593750000	-122.5104598999
3023.2944335938	-122.5103530884
3033.7653808594	-122.5165328979
3044.2727050781	-122.5377426147
3054.8146972656	-122.5640487671
3065.3950195313	-122.5987930298
3076.0117187500	-122.6337814331
3086.6655273438	-122.6677627563
3097.3542480469	-122.6908798218
3108.0817871094	-122.7049713135
3118.8464355469	-122.7103424072
3129.6484375000	-122.7031707764
3140.4860839844	-122.6941986084
3151.3630371094	-122.6836929321
3162.2775878906	-122.6800155640
3173.2299804688	-122.6813735962
3184.2204589844	-122.6926727295
3195.2470703125	-122.7105102539
3206.3137207031	-122.7305679321
3217.4184570313	-122.7486190796
3228.5620117188	-122.7573852539
3239.7421875000	-122.7589187622
3250.9628906250	-122.7456283569
3262.2224121094	-122.7264480591
3273.5209960938	-122.7036743164
3284.8569335938	-122.6807022095
3296.2338867188	-122.6584777832
3307.6501464844	-122.6361083984
3319.1059570313	-122.6100234985
3330.5998535156	-122.5795516968
3342.1352539063	-122.5469589233
3353.7104492188	-122.5151214600
3365.3259277344	-122.4934997559
3376.9797363281	-122.4820785522
3388.6757812500	-122.4880523682
3400.4123535156	-122.5142059326
3412.1894531250	-122.5518112183
3424.0056152344	-122.6009750366
3435.8645019531	-122.6568298340
3447.7644042969	-122.7096481323
3459.7055664063	-122.7573318481
3471.6860351563	-122.7866592407
3483.7102050781	-122.7973937988
3495.7758789063	-122.7926025391
3507.8833007813	-122.7698745728
3520.0307617188	-122.7391357422
3532.2221679688	-122.7123794556
3544.4558105469	-122.6935806274
3556.7319335938	-122.6974334717
3569.0485839844	-122.7175674438
3581.4099121094	-122.7473068237
3593.8139648438	-122.7826004028
3606.2609863281	-122.8086395264
3618.7490234375	-122.8224105835
3631.2824707031	-122.8237075806
3643.8591308594	-122.8109970093
3656.4794921875	-122.7891540527
3669.1416015625	-122.7651977539
3681.8493652344	-122.7407073975
3694.6013183594	-122.7173843384
3707.3974609375	-122.6941223145
3720.2358398438	-122.6689987183
3733.1206054688	-122.6409912109
3746.0500488281	-122.6086273193
3759.0244140625	-122.5712509155
3772.0415039063	-122.5329284668
3785.1059570313	-122.4964523315
3798.2153320313	-122.4649581909
3811.3703613281	-122.4470443726
3824.5688476563	-122.4415283203
3837.8149414063	-122.4458160400
3851.1071777344	-122.4572219849
3864.4453125000	-122.4714584351
3877.8273925781	-122.4832458496
3891.2580566406	-122.4938201904
3904.7353515625	-122.5061416626
3918.2590332031	-122.5238418579
3931.8276367188	-122.5531921387
3945.4453125000	-122.5966567993
3959.1103515625	-122.6490707397
3972.8225097656	-122.7055130005
3986.5822753906	-122.7596511841
4000.3872070313	-122.8022079468
4014.2424316406	-122.8213653564
4028.1455078125	-122.8210449219
4042.0969238281	-122.8073425293
4056.0942382813	-122.7887573242
4070.1423339844	-122.7749176025
4084.2392578125	-122.7755584717
4098.3847656250	-122.7885284424
4112.5771484375	-122.8052749634
4126.8208007813	-122.8186798096
4141.1137695313	-122.8234939575
4155.4565429688	-122.8177642822
4169.8461914063	-122.8042678833
4184.2885742188	-122.7908859253
4198.7802734375	-122.7801742554
4213.3227539063	-122.7682723999
4227.9130859375	-122.7495727539
4242.5561523438	-122.7211837769
4257.2500000000	-122.6873474121
4271.9951171875	-122.6632919312
4286.7885742188	-122.6719894409
4301.6357421875	-122.7125167847
4316.5341796875	-122.7689437866
4331.4843750000	-122.8168487549
4346.4838867188	-122.8350753784
4361.5375976563	-122.8168945313
4376.6435546875	-122.7761230469
4391.8017578125	-122.7431793213
4407.0102539063	-122.7530212402
4422.2739257813	-122.8111114502
4437.5898437500	-122.8923034668
4452.9594726563	-122.9647293091
4468.3793945313	-123.0057678223
4483.8554687500	-123.0116424561
4499.3852539063	-122.9950637817
4514.9687500000	-122.9748077393
4530.6035156250	-122.9644317627
4546.2949218750	-122.9666976929
4562.0410156250	-122.9750442505
4577.8413085938	-122.9802703857
4593.6938476563	-122.9787521362
4609.6040039063	-122.9772415161
4625.5693359375	-122.9842071533
4641.5898437500	-123.0018539429
4657.6630859375	-123.0237731934
4673.7944335938	-123.0394744873
4689.9819335938	-123.0419540405
4706.2255859375	-123.0317153931
4722.5229492188	-123.0140991211
4738.8789062500	-122.9932632446
4755.2919921875	-122.9697418213
4771.7617187500	-122.9445190430
4788.2861328125	-122.9246826172
4804.8701171875	-122.9225769043
4821.5112304688	-122.9469909668
4838.2104492188	-122.9932327271
4854.9648437500	-123.0412063599
4871.7797851563	-123.0647201538
4888.6528320313	-123.0466384888
4905.5844726563	-123.0154647827
4922.5717773438	-122.9402923584
4939.6210937500	-122.8663330078
4956.7294921875	-122.8191909790
4973.8964843750	-122.8115386963
4991.1206054688	-122.8410797119
5008.4072265625	-122.8954391479
5025.7539062500	-122.9594268799
5043.1601562500	-123.0185775757
5060.6269531250	-123.0620803833
5078.1513671875	-123.0367584229
5095.7392578125	-122.9829788208
5113.3881835938	-122.9277801514
5131.0981445313	-122.8940277100
5148.8666992188	-122.8949050903
5166.6997070313	-122.9340438843
5184.5942382813	-123.0102462769
5202.5507812500	-123.1173400879
5220.5668945313	-123.2378082275
5238.6479492188	-123.3405075073
5256.7915039063	-123.3932952881
5274.9985351563	-123.3834152222
5293.2651367188	-123.3242950439
5311.5981445313	-123.2424011230
5329.9946289063	-123.1614532471
5348.4545898438	-123.0792922974
5366.9760742188	-123.0547637939
5385.5644531250	-123.0730819702
5404.2167968750	-123.1031417847
5422.9340820313	-123.1301803589
5441.7133789063	-123.1428375244
5460.5605468750	-123.1374130249
5479.4726562500	-123.1195831299
5498.4506835938	-123.1006546021
5517.4912109375	-123.0893478394
5536.6010742188	-123.0841751099
5555.7768554688	-123.0764160156
5575.0190429688	-123.0715484619
5594.3247070313	-123.0786361694
5613.7001953125	-123.1017837524
5633.1430664063	-123.1306915283
5652.6533203125	-123.1461563110
5672.2275390625	-123.1207046509
5691.8730468750	-123.0733871460
5711.5869140625	-123.0566558838
5731.3686523438	-123.0608749390
5751.2158203125	-123.0790786743
5771.1347656250	-123.0977401733
5791.1230468750	-123.1035385132
5811.1801757813	-123.0895690918
5831.3037109375	-123.0750579834
5851.5000000000	-123.0571594238
5871.7666015625	-123.0357284546
5892.1030273438	-123.0121002197
5912.5068359375	-123.0090789795
5932.9848632813	-123.0155639648
5953.5332031250	-123.0249633789
5974.1533203125	-123.0444641113
5994.8408203125	-123.1105194092
6015.6040039063	-123.1944046021
6036.4384765625	-123.2322387695
6057.3457031250	-123.2442703247
6078.3217773438	-123.2302780151
6099.3735351563	-123.2119445801
6120.4985351563	-123.2114639282
6141.6967773438	-123.2293701172
6162.9648437500	-123.2930755615
6184.3095703125	-123.3662643433
6205.7290039063	-123.3955917358
6227.2221679688	-123.3980560303
6248.7866210938	-123.3548202515
6270.4287109375	-123.2912597656
6292.1459960938	-123.2527999878
6313.9384765625	-123.2154235840
6335.8066406250	-123.2057113647
6357.7470703125	-123.2237243652
6379.7666015625	-123.2584457397
6401.8627929688	-123.3103637695
6424.0351562500	-123.3267288208
6446.2812500000	-123.3106460571
6468.6074218750	-123.2647323608
6491.0112304688	-123.1928329468
6513.4926757813	-123.1235351563
6536.0483398438	-123.0351638794
6558.6855468750	-123.0226287842
6581.4013671875	-123.0742492676
6604.1958007813	-123.1758956909
6627.0654296875	-123.2304611206
6650.0175781250	-123.2124099731
6673.0498046875	-123.1300582886
6696.1616210938	-123.0412139893
6719.3496093750	-122.9912414551
6742.6220703125	-122.9840240479
6765.9746093750	-123.0144042969
6789.4082031250	-123.1159362793
6812.9194335938	-123.2391586304
6836.5156250000	-123.3060302734
6860.1938476563	-123.3828506470
6883.9536132813	-123.4559936523
6907.7919921875	-123.5026855469
6931.7167968750	-123.4988250732
6955.7246093750	-123.4720840454
6979.8154296875	-123.4444351196
7003.9858398438	-123.4413452148
7028.2436523438	-123.4276809692
7052.5859375000	-123.3797149658
7077.0122070313	-123.3274230957
7101.5190429688	-123.3177566528
7126.1147460938	-123.3428344727
7150.7958984375	-123.3305969238
7175.5625000000	-123.2836685181
7200.4106445313	-123.2201385498
7225.3491210938	-123.2136154175
7250.3735351563	-123.2365036011
7275.4848632813	-123.2148818970
7300.6791992188	-123.1495590210
7325.9648437500	-123.1117630005
7351.3378906250	-123.1407165527
7376.7988281250	-123.2027893066
7402.3442382813	-123.2685089111
7427.9819335938	-123.3259277344
7453.7080078125	-123.3822174072
7479.5239257813	-123.4367370605
7505.4248046875	-123.4737777710
7531.4194335938	-123.4889526367
7557.5039062500	-123.4701843262
7583.6791992188	-123.4185256958
7609.9409179688	-123.3827514648
7636.2973632813	-123.3466873169
7662.7451171875	-123.3098526001
7689.2851562500	-123.3041687012
7715.9121093750	-123.3268737793
7742.6357421875	-123.3282546997
7769.4521484375	-123.2879257202
7796.3613281250	-123.3052139282
7823.3593750000	-123.4119110107
7850.4550781250	-123.5231933594
7877.6450195313	-123.5358657837
7904.9287109375	-123.4449615479
7932.3027343750	-123.3900604248
7959.7758789063	-123.4015426636
7987.3442382813	-123.4490966797
8015.0078125000	-123.4847793579
8042.7675781250	-123.4433975220
8070.6191406250	-123.3739547729
8098.5712890625	-123.3542785645
8126.6201171875	-123.4226303101
8154.7666015625	-123.4964523315
8183.0053710938	-123.5387344360
8211.3466796875	-123.5681076050
8239.7871093750	-123.5928497314
8268.3251953125	-123.6115341187
8296.9570312500	-123.6294708252
8325.6933593750	-123.6502838135
8354.5292968750	-123.6592559814
8383.4648437500	-123.6023254395
8412.4960937500	-123.4693984985
8441.6318359375	-123.3851852417
8470.8691406250	-123.3754730225
8500.2080078125	-123.4325332642
8529.6425781250	-123.4944152832
8559.1845703125	-123.5729522705
8588.8291015625	-123.6369018555
8618.5761718750	-123.5401763916
8648.4218750000	-123.4069519043
8678.3750000000	-123.3167953491
8708.4326171875	-123.3058700562
8738.5937500000	-123.3823089600
8768.8544921875	-123.3877182007
8799.2246093750	-123.3042907715
8829.7001953125	-123.2245941162
8860.2822265625	-123.2305374146
8890.9638671875	-123.3423919678
8921.7578125000	-123.4384689331
8952.6582031250	-123.4303207397
8983.6650390625	-123.3716735840
9014.7744140625	-123.3884353638
9045.9970703125	-123.5097732544
9077.3271484375	-123.5465774536
9108.7656250000	-123.4899444580
9140.3085937500	-123.4132537842
9171.9658203125	-123.3963241577
9203.7324218750	-123.4575500488
9235.6093750000	-123.5756072998
9267.5908203125	-123.6256637573
9299.6894531250	-123.5901641846
9331.8984375000	-123.5797042847
9364.2187500000	-123.6143875122
9396.6464843750	-123.6402282715
9429.1914062500	-123.6255493164
9461.8486328125	-123.5622253418
9494.6191406250	-123.5009536743
9527.4980468750	-123.4374389648
9560.4960937500	-123.4094314575
9593.6083984375	-123.4693069458
9626.8359375000	-123.4733428955
9660.1718750000	-123.3669052124
9693.6298828125	-123.2771377563
9727.2031250000	-123.2747573853
9760.8935546875	-123.3449859619
9794.6943359375	-123.4139938354
9828.6171875000	-123.4393005371
9862.6582031250	-123.4357833862
9896.8173828125	-123.4215087891
9931.0888671875	-123.3476943970
9965.4853515625	-123.2043914795
10000.0000000000	-123.1777648926
10034.6347656250	-123.2060775757
10069.3886718750	-123.2454833984
10104.2636718750	-123.2958755493
10139.2597656250	-123.3481597900
10174.3652343750	-123.4017333984
10209.6035156250	-123.4533615112
10244.9638671875	-123.5023651123
10280.4472656250	-123.5481567383
10316.0527343750	-123.5867767334
10351.7822265625	-123.6127395630
10387.6347656250	-123.6264801025
10423.6123046875	-123.6237411499
10459.7021484375	-123.5992202759
10495.9287109375	-123.5655746460
10532.2812500000	-123.5250778198
10568.7597656250	-123.4847946167
10605.3642578125	-123.4522094727
10642.0947265625	-123.4275207520
10678.9531250000	-123.4128189087
10715.9394531250	-123.4106826782
10753.0419921875	-123.4150314331
10790.2841796875	-123.4249649048
10827.6562500000	-123.4398574829
10865.1572265625	-123.4557800293
10902.7880859375	-123.4696044922
10940.5498046875	-123.4797668457
10978.4414062500	-123.4821929932
11016.4648437500	-123.4784317017
11054.6074218750	-123.4725341797
11092.8945312500	-123.4668121338
11131.3144531250	-123.4666442871
11169.8671875000	-123.4736328125
11208.5537109375	-123.4844589233
11247.3740234375	-123.4967117310
11286.3291015625	-123.5052490234
11325.4189453125	-123.5039596558
11364.6308593750	-123.4948120117
11403.9921875000	-123.4799346924
11443.4892578125	-123.4626922607
11483.1230468750	-123.4540176392
11522.8945312500	-123.4581451416
11562.8037109375	-123.4755706787
11602.8505859375	-123.5049667358
11643.0371093750	-123.5412902832
11683.3486328125	-123.5692672729
11723.8134765625	-123.5809783936
11764.4189453125	-123.5741271973
11805.1640625000	-123.5500335693
11846.0507812500	-123.5172500610
11887.0791015625	-123.4968872070
11928.2490234375	-123.4981384277
11969.5625000000	-123.5224914551
12011.0048828125	-123.5658264160
12052.6044921875	-123.6166152954
12094.3486328125	-123.6515579224
12136.2363281250	-123.6631469727
12178.2695312500	-123.6528778076
12220.4492187500	-123.6263885498
12262.7734375000	-123.5917739868
12305.2451171875	-123.5564880371
12347.8505859375	-123.5211639404
12390.6162109375	-123.4815902710
12433.5312500000	-123.4355926514
12476.5937500000	-123.3842391968
12519.8056640625	-123.3321609497
12563.1679687500	-123.2871627808
12606.6796875000	-123.2617111206
12650.3427734375	-123.2560348511
12694.1562500000	-123.2680282593
12738.1074218750	-123.2934341431
12782.2255859375	-123.3268737793
12826.4960937500	-123.3625640869
12870.9199218750	-123.3950195313
12915.4980468750	-123.4185714722
12960.2304687500	-123.4314880371
13005.1171875000	-123.4366531372
13050.1601562500	-123.4378967285
13095.3447265625	-123.4383163452
13140.6992187500	-123.4388046265
13186.2119140625	-123.4378662109
13231.8818359375	-123.4332199097
13277.7099609375	-123.4246292114
13323.6962890625	-123.4169998169
13369.8427734375	-123.4194259644
13416.1484375000	-123.4358444214
13462.5996093750	-123.4623641968
13509.2265625000	-123.4885940552
13556.0156250000	-123.5032577515
13602.9658203125	-123.5008163452
13650.0791015625	-123.4847488403
13697.3554687500	-123.4655151367
13744.7958984375	-123.4547195435
13792.4003906250	-123.4594268799
13840.1542968750	-123.4797821045
13888.0888671875	-123.5103454590
13936.1904296875	-123.5435028076
13984.4570312500	-123.5726776123
14032.8916015625	-123.5953445435
14081.4941406250	-123.6117095947
14130.2646484375	-123.6230010986
14179.2041015625	-123.6304473877
14228.2978515625	-123.6350555420
14277.5771484375	-123.6376724243
14327.0263671875	-123.6389617920
14376.6474609375	-123.6392364502
14426.4404296875	-123.6381607056
14476.4052734375	-123.6338958740
14526.5439453125	-123.6222610474
14576.8564453125	-123.5975265503
14627.3261718750	-123.5563201904
14677.9873046875	-123.5027694702
14728.8242187500	-123.4295959473
14779.8369140625	-123.4059066772
14831.0253906250	-123.4152145386
14882.3925781250	-123.4524154663
14933.9365234375	-123.5040817261
14985.6601562500	-123.5552902222
15037.5458984375	-123.5933151245
15089.6269531250	-123.6081619263
15141.8896484375	-123.5943222046
15194.3330078125	-123.5553054810
15246.9580078125	-123.5057296753
15299.7646484375	-123.4658889771
15352.7548828125	-123.4514389038
15405.9287109375	-123.4661178589
15459.2695312500	-123.5023803711
15512.8115234375	-123.5477752686
15566.5390625000	-123.5906906128
15620.4531250000	-123.6219787598
15674.5546875000	-123.6346130371
15728.8427734375	-123.6255798340
15783.3183593750	-123.5989761353
15837.9833984375	-123.5652084351
15892.8369140625	-123.5242156982
15947.8642578125	-123.4999847412
16003.0986328125	-123.4924087524
16058.5244140625	-123.4899673462
16114.1425781250	-123.4917449951
16169.9531250000	-123.4944915771
16225.9570312500	-123.4945144653
16282.1552734375	-123.4926147461
16338.5478515625	-123.4953918457
16395.1171875000	-123.5094985962
16451.9003906250	-123.5453109741
16508.8808593750	-123.5661163330
16566.0585937500	-123.5559768677
16623.4355468750	-123.5340957642
16681.0097656250	-123.5154495239
16738.7832031250	-123.5126724243
16796.7578125000	-123.5291976929
16854.9140625000	-123.5587463379
16913.2890625000	-123.6008071899
16971.8691406250	-123.6196899414
17030.6503906250	-123.6175308228
17089.6347656250	-123.6171646118
17148.8242187500	-123.6313934326
17208.2167968750	-123.6638488770
17267.8183593750	-123.7168426514
17327.6054687500	-123.7319107056
17387.6191406250	-123.7124481201
17447.8398437500	-123.6881256104
17508.2695312500	-123.6714172363
17568.9082031250	-123.6551818848
17629.7578125000	-123.6263656616
17690.8164062500	-123.5979995728
17752.0878906250	-123.5752868652
17813.5527343750	-123.5686950684
17875.2500000000	-123.5911026001
17937.1582031250	-123.6211547852
17999.2832031250	-123.6285095215
18061.6230468750	-123.6245498657
18124.1796875000	-123.6182174683
18186.9511718750	-123.6263351440
18249.9414062500	-123.6540374756
18313.1289062500	-123.6706390381
18376.5546875000	-123.6681976318
18440.2011718750	-123.6094818115
18504.0683593750	-123.5199432373
18568.1562500000	-123.4756774902
18632.4667968750	-123.4655990601
18697.0000000000	-123.5105590820
18761.7558593750	-123.5670166016
18826.7148437500	-123.5785675049
18891.9199218750	-123.5488128662
18957.3515625000	-123.5051498413
19023.0097656250	-123.4871063232
19088.8945312500	-123.4796600342
19155.0078125000	-123.4733047485
19221.3515625000	-123.4652786255
19287.9238281250	-123.4686813354
19354.7050781250	-123.5080032349
19421.7382812500	-123.5699081421
19489.0058593750	-123.6009902954
19556.5039062500	-123.5997467041
19624.2382812500	-123.5656051636
19692.2050781250	-123.5445251465
19760.4082031250	-123.5365829468
19828.8476562500	-123.5440444946
19897.5019531250	-123.5521850586
19966.4160156250	-123.5649032593
20035.5683593750	-123.5713424683
20104.9609375000	-123.5634765625
20174.5937500000	-123.5295410156
20244.4667968750	-123.4869842529
20314.5839843750	-123.4660339355
20384.9414062500	-123.4820022583
20455.5449218750	-123.5128021240
20526.3691406250	-123.5448455811
20597.4609375000	-123.5301208496
20668.7988281250	-123.4780883789
20740.3847656250	-123.4391326904
20812.2187500000	-123.4283218384
20884.3007812500	-123.4197998047
20956.6328125000	-123.4168090820
21029.2148437500	-123.4356842041
21102.0253906250	-123.4750213623
21175.1113281250	-123.5198516846
21248.4492187500	-123.5525741577
21322.0429687500	-123.5668182373
21395.8906250000	-123.5861968994
21469.9941406250	-123.5939865112
21544.3554687500	-123.5553741455
21618.9726562500	-123.4819869995
21693.8242187500	-123.4154129028
21768.9609375000	-123.3873214722
21844.3574218750	-123.4059677124
21920.0136718750	-123.4437942505
21995.9316406250	-123.4865798950
22072.1152343750	-123.5205078125
22148.5605468750	-123.5148849487
22225.2714843750	-123.4645996094
22302.2226562500	-123.3906173706
22379.4648437500	-123.3366546631
22456.9746093750	-123.3328170776
22534.7539062500	-123.3767318726
22612.8027343750	-123.4680938721
22691.1210937500	-123.5567016602
22769.7109375000	-123.5839309692
22848.5722656250	-123.5611801147
22927.6816406250	-123.5230255127
23007.0898437500	-123.4982376099
23086.7753906250	-123.5060424805
23166.7343750000	-123.5417098999
23246.9707031250	-123.5874023438
23327.4863281250	-123.6003952026
23408.2792968750	-123.5229949951
23489.3535156250	-123.4270172119
23570.6816406250	-123.3787918091
23652.3183593750	-123.3955078125
23734.2363281250	-123.4557876587
23816.4394531250	-123.5282592773
23898.9257812500	-123.5715255737
23981.6992187500	-123.5973052979
24064.7578125000	-123.5898590088
24148.1054687500	-123.5505447388
24231.7148437500	-123.5225601196
24315.6406250000	-123.5397033691
24399.8574218750	-123.5772399902
24484.3652343750	-123.6178131104
24569.1640625000	-123.6195983887
24654.2597656250	-123.6014709473
24739.6484375000	-123.6337432861
24825.3320312500	-123.7236480713
24911.2871093750	-123.8124847412
24997.5664062500	-123.8300323486
25084.1445312500	-123.7491149902
25171.0214843750	-123.6727981567
25258.1992187500	-123.5991439819
25345.6816406250	-123.5415954590
25433.4648437500	-123.5661239624
25521.5527343750	-123.6558837891
25609.9453125000	-123.7735595703
25698.6152343750	-123.7891159058
25787.6210937500	-123.7311630249
25876.9355468750	-123.6476440430
25966.5585937500	-123.5495910645
26056.4941406250	-123.4975967407
26146.7382812500	-123.5051193237
26237.2968750000	-123.5531921387
26328.1679687500	-123.6294860840
26419.3261718750	-123.6994400024
26510.8281250000	-123.7577667236
26602.6464843750	-123.7804107666
26694.7832031250	-123.7638549805
26787.2402343750	-123.6827926636
26880.0156250000	-123.5668334961
26973.1132812500	-123.4828567505
27066.5351562500	-123.4782180786
27160.2480468750	-123.5244216919
27254.3164062500	-123.6062393188
27348.7109375000	-123.7203826904
27443.4316406250	-123.7556991577
27538.4804687500	-123.6808700562
27633.8593750000	-123.5766830444
27729.5683593750	-123.5253448486
27825.6074218750	-123.5508346558
27921.9492187500	-123.6138229370
28018.6562500000	-123.7001953125
28115.6972656250	-123.8199539185
28213.0742187500	-123.9176254272
28310.7890625000	-123.9208908081
28408.8417968750	-123.8162612915
28507.2343750000	-123.7088546753
28605.9687500000	-123.6575469971
28705.0136718750	-123.6569747925
28804.4316406250	-123.6812286377
28904.1933593750	-123.6781387329
29004.3027343750	-123.6299667358
29104.7578125000	-123.6033172607
29205.5605468750	-123.6572799683
29306.7128906250	-123.7296066284
29408.2148437500	-123.7633514404
29510.0371093750	-123.7604522705
29612.2441406250	-123.7167968750
29714.8046875000	-123.6663208008
29817.7207031250	-123.6433410645
29920.9921875000	-123.6360778809
30024.6230468750	-123.4995422363
30128.6113281250	-123.5138320923
30232.9609375000	-123.5354309082
30337.6367187500	-123.5637359619
30442.7109375000	-123.5908355713
30548.1464843750	-123.6138229370
30653.9492187500	-123.6270675659
30760.1171875000	-123.6300125122
30866.6542968750	-123.6278457642
30973.5585937500	-123.6214599609
31080.8339843750	-123.6197967529
31188.4472656250	-123.6226806641
31296.4667968750	-123.6400299072
31404.8613281250	-123.6611938477
31513.6308593750	-123.6871414185
31622.7773437500	-123.7057647705
31732.3007812500	-123.7180175781
31842.2031250000	-123.7168350220
31952.4882812500	-123.7105102539
32063.1542968750	-123.7050094604
32174.1679687500	-123.7129821777
32285.6015625000	-123.7425003052
32397.4218750000	-123.7872848511
32509.6289062500	-123.8564376831
32622.2246093750	-123.9264907837
32735.2089843750	-123.9932098389
32848.5859375000	-124.0315170288
32962.3554687500	-124.0376586914
33076.4843750000	-124.0186920166
33191.0429687500	-123.9631958008
33305.9960937500	-123.8996505737
33421.3515625000	-123.8352050781
33537.1054687500	-123.7850265503
33653.2578125000	-123.7566299438
33769.8164062500	-123.7432098389
33886.7773437500	-123.7480468750
34004.1054687500	-123.7635192871
34121.8750000000	-123.7835922241
34240.0546875000	-123.8073577881
34358.6445312500	-123.8356399536
34477.6445312500	-123.8667449951
34597.0546875000	-123.9005737305
34716.8789062500	-123.9375305176
34837.1210937500	-123.9751358032
34957.7382812500	-124.0121231079
35078.8125000000	-124.0465774536
35200.3085937500	-124.0706863403
35322.2226562500	-124.0834655762
35444.5585937500	-124.0837478638
35567.3203125000	-124.0665664673
35690.5039062500	-124.0469207764
35814.1171875000	-124.0309295654
35938.1171875000	-124.0245285034
36062.5898437500	-124.0356140137
36187.4921875000	-124.0506286621
36312.8242187500	-124.0651092529
36438.5898437500	-124.0713577271
36564.7968750000	-124.0635833740
36691.4375000000	-124.0505905151
36818.5156250000	-124.0362777710
36945.9921875000	-124.0276336670
37073.9531250000	-124.0330657959
37202.3593750000	-124.0483703613
37331.2070312500	-124.0709609985
37460.5000000000	-124.0967407227
37590.2460937500	-124.1161499023
37720.4375000000	-124.1285476685
37851.0781250000	-124.1348953247
37982.1328125000	-124.1366577148
38113.6835937500	-124.1349334717
38245.6875000000	-124.1288146973
38378.1484375000	-124.1175155640
38511.0703125000	-124.1015243530
38644.4531250000	-124.0836181641
38778.2968750000	-124.0742492676
38912.6015625000	-124.0769042969
39047.3320312500	-124.0911102295
39182.5703125000	-124.1142349243
39318.2773437500	-124.1391601563
39454.4531250000	-124.1565551758
39591.1015625000	-124.1681976318
39728.2265625000	-124.1790161133
39865.8203125000	-124.1949462891
40003.8945312500	-124.2225036621
40142.4453125000	-124.2556228638
40281.4335937500	-124.2752990723
40420.9453125000	-124.2694702148
40560.9414062500	-124.2338180542
40701.4257812500	-124.1739501953
40842.3906250000	-124.1130371094
40983.8476562500	-124.0809402466
41125.7929687500	-124.0830154419
41268.2304687500	-124.1135559082
41411.1171875000	-124.1594543457
41554.5390625000	-124.2037277222
41698.4648437500	-124.2293243408
41842.8828125000	-124.2313995361
41987.8046875000	-124.2236862183
42133.2265625000	-124.2191543579
42279.1523437500	-124.2273559570
42425.5859375000	-124.2512969971
42572.4765625000	-124.2861557007
42719.9257812500	-124.3209304810
42867.8828125000	-124.3436050415
43016.3554687500	-124.3530807495
43165.3398437500	-124.3522796631
43314.8437500000	-124.3466339111
43464.8593750000	-124.3428955078
43615.3984375000	-124.3472366333
43766.4101562500	-124.3628463745
43917.9960937500	-124.3873901367
44070.1015625000	-124.4116592407
44222.7382812500	-124.4251556396
44375.9023437500	-124.4257812500
44529.5937500000	-124.4178161621
44683.8203125000	-124.4088363647
44838.5820312500	-124.4070129395
44993.8281250000	-124.4195480347
45149.6601562500	-124.4513473511
45306.0351562500	-124.5023422241
45462.9492187500	-124.5640640259
45620.4101562500	-124.6195678711
45778.4140625000	-124.6520309448
45936.9648437500	-124.6583404541
46096.0664062500	-124.6565780640
46255.6679687500	-124.6618347168
46415.8710937500	-124.6730346680
46576.6289062500	-124.6755142212
46737.9453125000	-124.6548385620
46899.8203125000	-124.6092224121
47062.2578125000	-124.5509643555
47225.2539062500	-124.4981384277
47388.8164062500	-124.4646835327
47552.8945312500	-124.4556579590
47717.5898437500	-124.4689025879
47882.8593750000	-124.4991912842
48048.6992187500	-124.5409164429
48215.1132812500	-124.5892791748
48382.1054687500	-124.6414718628
48549.6718750000	-124.6964950562
48717.8242187500	-124.7512817383
48886.5000000000	-124.7973937988
49055.8164062500	-124.8207321167
49225.7187500000	-124.8351516724
49396.2109375000	-124.8368453979
49567.2929687500	-124.8392868042
49738.9648437500	-124.8479919434
49911.2343750000	-124.8585662842
50084.1015625000	-124.8658294678
50257.5664062500	-124.8719253540
50431.5742187500	-124.8851776123
50606.2421875000	-124.9309539795
50781.5156250000	-124.9878234863
50957.3945312500	-125.0148620605
51133.8828125000	-125.0297241211
51310.9804687500	-125.0399398804
51488.6953125000	-125.0519561768
51667.0234375000	-125.0636138916
51845.9140625000	-125.0671463013
52025.4804687500	-125.0581054688
52205.6679687500	-125.0401992798
52386.4804687500	-125.0224227905
52567.9179687500	-125.0135040283
52749.9843750000	-125.0193862915
52932.6796875000	-125.0443038940
53116.0117187500	-125.0907058716
53299.9179687500	-125.1555404663
53484.5195312500	-125.2551956177
53669.7617187500	-125.3085021973
53855.6445312500	-125.2920150757
54042.1679687500	-125.2462387085
54229.3398437500	-125.2006149292
54417.1640625000	-125.1857070923
54605.6328125000	-125.2120590210
54794.6992187500	-125.2638778687
54984.4765625000	-125.3163452148
55174.9140625000	-125.3609619141
55366.0078125000	-125.4454803467
55557.7656250000	-125.5656204224
55750.1875000000	-125.6421203613
55943.2773437500	-125.6839828491
56137.0351562500	-125.6813888550
56331.3984375000	-125.6440429688
56526.5000000000	-125.5903015137
56722.2773437500	-125.5125045776
56918.7343750000	-125.4601516724
57115.8671875000	-125.4537506104
57313.6875000000	-125.4721527100
57512.1914062500	-125.5116348267
57711.3789062500	-125.5677185059
57911.1992187500	-125.6796264648
58111.7695312500	-125.8066864014
58313.0390625000	-125.8815841675
58515.0039062500	-125.9350509644
58717.6679687500	-125.9649963379
58921.0312500000	-125.9776840210
59125.1015625000	-125.9746017456
59329.8789062500	-125.9699859619
59535.3007812500	-125.9712371826
59741.5000000000	-125.9861907959
59948.4101562500	-126.0407714844
60156.0390625000	-126.1102294922
60364.3867187500	-126.1495666504
60573.4570312500	-126.1775665283
60783.2500000000	-126.2030944824
60993.7695312500	-126.2204055786
61204.9531250000	-126.2243423462
61416.9335937500	-126.2124786377
61629.6484375000	-126.1576766968
61843.0976562500	-126.1128463745
62057.2890625000	-126.1317596436
62272.2226562500	-126.1874008179
62487.8984375000	-126.2718429565
62704.3203125000	-126.3253326416
62921.4257812500	-126.3645782471
63139.3515625000	-126.4502944946
63358.0312500000	-126.5163345337
63577.4687500000	-126.5212631226
63797.6679687500	-126.5080413818
64018.6289062500	-126.5171356201
64240.3554687500	-126.5976867676
64462.8476562500	-126.6888427734
64686.1093750000	-126.7953872681
64910.0781250000	-126.8171920776
65134.8906250000	-126.7842483521
65360.4804687500	-126.7293243408
65586.8515625000	-126.7051162720
65814.0156250000	-126.7195663452
66041.9531250000	-126.7985610962
66270.6875000000	-126.9353866577
66500.2109375000	-127.0463333130
66730.4609375000	-127.1684722900
66961.5781250000	-127.2043075562
67193.5000000000	-127.1846313477
67426.2187500000	-127.1959533691
67659.7500000000	-127.2277221680
67894.0859375000	-127.2599029541
68129.2343750000	-127.2535705566
68365.1953125000	-127.2289886475
68601.8984375000	-127.1815338135
68839.5000000000	-127.1394424438
69077.9218750000	-127.1162948608
69317.1718750000	-127.1148452759
69557.2421875000	-127.1428070068
69798.1562500000	-127.2474899292
70039.8984375000	-127.3831329346
70282.4765625000	-127.4630737305
70525.8203125000	-127.4674835205
70770.0859375000	-127.4424667358
71015.1875000000	-127.4657211304
71261.1484375000	-127.5757293701
71507.9609375000	-127.7029190063
71755.6250000000	-127.7504348755
72004.1484375000	-127.7484512329
72253.5312500000	-127.7324523926
72503.6953125000	-127.7771530151
72754.8125000000	-127.8576812744
73006.7890625000	-127.8978271484
73259.6484375000	-127.8724899292
73513.3828125000	-127.8141479492
73767.9921875000	-127.7838821411
74023.4843750000	-127.8014297485
74279.8593750000	-127.8214569092
74537.0390625000	-127.8219833374
74795.1953125000	-127.8440475464
75054.2500000000	-127.9309539795
75314.1953125000	-128.0488891602
75575.0390625000	-128.1455688477
75836.7890625000	-128.2102661133
76099.4453125000	-128.2469940186
76363.0156250000	-128.2978363037
76627.4140625000	-128.3346557617
76892.8046875000	-128.3490753174
77159.1250000000	-128.3807525635
77426.3593750000	-128.4581756592
77694.5234375000	-128.5677490234
77963.6093750000	-128.6186065674
78233.6328125000	-128.6400146484
78504.5937500000	-128.6406402588
78776.4062500000	-128.6283721924
79049.2421875000	-128.6506958008
79323.0234375000	-128.6950225830
79597.7578125000	-128.7175140381
79873.4453125000	-128.7181701660
80150.0781250000	-128.7263031006
80427.6796875000	-128.7667236328
80706.2343750000	-128.8093872070
80985.7578125000	-128.8647308350
81266.1562500000	-128.9621887207
81547.6171875000	-129.0263824463
81830.0546875000	-129.0342407227
82113.4687500000	-129.0098724365
82397.8671875000	-129.0251159668
82683.2500000000	-129.0890197754
82969.6171875000	-129.2208251953
83256.9765625000	-129.3344573975
83545.2421875000	-129.4095764160
83834.6015625000	-129.4213104248
84124.9531250000	-129.3579101563
84416.3203125000	-129.3013763428
84708.6875000000	-129.2669830322
85002.0781250000	-129.2831878662
85296.4765625000	-129.3708953857
85591.8984375000	-129.5125579834
85888.2500000000	-129.6639404297
86185.7187500000	-129.7474060059
86484.2187500000	-129.7940979004
86783.7500000000	-129.8344726563
87084.3203125000	-129.9079437256
87385.9375000000	-130.0243682861
87688.5937500000	-130.1133728027
87992.2968750000	-130.0753326416
88296.9609375000	-129.9466094971
88602.7734375000	-129.8136749268
88909.6406250000	-129.8069000244
89217.5781250000	-129.8608398438
89526.5781250000	-129.8761901855
89836.6484375000	-129.8749389648
90147.7968750000	-129.9018859863
90460.0156250000	-129.9767303467
90773.2187500000	-130.0840454102
91087.6093750000	-130.1170501709
91403.0859375000	-130.1014404297
91719.6562500000	-130.1363983154
92037.3281250000	-130.1947631836
92356.0937500000	-130.2225799561
92675.9609375000	-130.1941223145
92996.9453125000	-130.1837463379
93318.9296875000	-130.3229980469
93642.1328125000	-130.5734863281
93966.4609375000	-130.6820526123
94291.9062500000	-130.6021270752
94618.4843750000	-130.5094909668
94946.1953125000	-130.4799804688
95275.0312500000	-130.4719696045
95605.0156250000	-130.4471588135
95936.0312500000	-130.4098663330
96268.3046875000	-130.4351501465
96601.7265625000	-130.5292053223
96936.2968750000	-130.6431884766
97272.0312500000	-130.7197570801
97608.9296875000	-130.7147369385
97946.9921875000	-130.7359619141
98286.2265625000	-130.8068847656
98626.5312500000	-130.8411560059
98968.1171875000	-130.8372192383
99310.8906250000	-130.8356170654
99654.8515625000	-130.8605041504
100000.0000000000	-130.9745025635
100346.3437500000	-130.9787292480
100693.8906250000	-130.9803009033
101042.6406250000	-130.9815521240
101392.5937500000	-130.9834442139
101743.6562500000	-130.9860534668
102096.0390625000	-130.9897918701
102449.6406250000	-130.9939575195
102804.4687500000	-130.9983520508
103160.5312500000	-131.0025482178
103517.8203125000	-131.0048522949
103876.3515625000	-131.0045013428
104236.1250000000	-130.9999389648
104597.0234375000	-130.9868011475
104959.2890625000	-130.9684295654
105322.8125000000	-130.9455108643
105687.5937500000	-130.9209594727
106053.6406250000	-130.9035339355
106420.9531250000	-130.8958282471
106789.5312500000	-130.9025115967
107159.3906250000	-130.9320983887
107530.4218750000	-130.9720458984
107902.8437500000	-131.0186004639
108276.5625000000	-131.0641632080
108651.5703125000	-131.0955505371
109027.8828125000	-131.1138000488
109405.4921875000	-131.1191864014
109784.4140625000	-131.1133575439
110164.6484375000	-131.1092224121
110546.0781250000	-131.1123046875
110928.9453125000	-131.1260528564
111313.1484375000	-131.1577148438
111698.6718750000	-131.2048187256
112085.5390625000	-131.2622680664
112473.7421875000	-131.3276367188
112863.2890625000	-131.3975219727
113254.1875000000	-131.4642486572
113646.3125000000	-131.5232391357
114039.9218750000	-131.5711364746
114434.8906250000	-131.6041717529
114831.2343750000	-131.6120910645
115228.9453125000	-131.6009826660
115628.0312500000	-131.5726928711
116028.5078125000	-131.5302124023
116430.3671875000	-131.4786987305
116833.4921875000	-131.4309844971
117238.1406250000	-131.3942871094
117644.1875000000	-131.3718261719
118051.6406250000	-131.3648834229
118460.5078125000	-131.3730926514
118870.7890625000	-131.3895416260
119282.4921875000	-131.4096984863
119695.6250000000	-131.4327850342
120110.0546875000	-131.4592285156
120526.0468750000	-131.4909210205
120943.4843750000	-131.5298004150
121362.3671875000	-131.5722808838
121782.6953125000	-131.6145782471
122204.4843750000	-131.6523284912
122627.7343750000	-131.6811370850
123052.4531250000	-131.6961975098
123478.5000000000	-131.6978454590
123906.1640625000	-131.6929473877
124335.3125000000	-131.6875457764
124765.9375000000	-131.6872253418
125198.0625000000	-131.6957244873
125631.6796875000	-131.7134399414
126066.7968750000	-131.7347259521
126503.4218750000	-131.7493591309
126941.5625000000	-131.7517852783
127381.0781250000	-131.7408599854
127822.2578125000	-131.7198638916
128264.9609375000	-131.6955566406
128709.2031250000	-131.6762084961
129154.9843750000	-131.6703491211
129602.3046875000	-131.6807250977
130051.1796875000	-131.7031097412
130501.6015625000	-131.7294616699
130953.4453125000	-131.7480773926
131407.0000000000	-131.7467651367
131862.1250000000	-131.7172851563
132318.8125000000	-131.6601104736
132777.0937500000	-131.5868835449
133236.9687500000	-131.5190582275
133698.4218750000	-131.4785003662
134161.4843750000	-131.4713897705
134626.0000000000	-131.4925231934
135092.2656250000	-131.5287170410
135560.1562500000	-131.5650024414
136029.6562500000	-131.5909576416
136500.7968750000	-131.6039886475
136973.5625000000	-131.6087951660
137447.9531250000	-131.6134796143
137924.0000000000	-131.6249847412
138401.5468750000	-131.6464691162
138880.8906250000	-131.6772766113
139361.9062500000	-131.7141265869
139844.5781250000	-131.7524261475
140328.9218750000	-131.7876129150
140814.9375000000	-131.8160552979
141302.6406250000	-131.8342742920
141792.0468750000	-131.8384704590
142282.9843750000	-131.8252258301
142775.7656250000	-131.7940979004
143270.2656250000	-131.7506713867
143766.4687500000	-131.7069549561
144264.4062500000	-131.6775360107
144764.0625000000	-131.6728515625
145265.4375000000	-131.6940765381
145768.5625000000	-131.7334899902
146273.2656250000	-131.7800598145
146779.8750000000	-131.8257293701
147288.2343750000	-131.8829498291
147798.3593750000	-131.9116821289
148310.2500000000	-131.9215698242
148823.9218750000	-131.9028930664
149339.3750000000	-131.8525848389
149856.5937500000	-131.7786712646
150375.4531250000	-131.6971893311
150896.2656250000	-131.6240997314
151418.8906250000	-131.5685882568
151943.3281250000	-131.5322570801
152469.5781250000	-131.5137786865
152997.6406250000	-131.5140380859
153527.5468750000	-131.5365905762
154059.2812500000	-131.5823974609
154592.6875000000	-131.6432647705
155128.1093750000	-131.7009124756
155665.3906250000	-131.7353515625
156204.5312500000	-131.7373046875
156745.5468750000	-131.7133483887
157288.4218750000	-131.6779785156
157833.1875000000	-131.6411285400
158379.8281250000	-131.6034545898
158928.3750000000	-131.5420074463
159478.6406250000	-131.4911499023
160030.9843750000	-131.4836578369
160585.2500000000	-131.5058441162
161141.4218750000	-131.5561676025
161699.5312500000	-131.6262817383
162259.5781250000	-131.7032928467
162821.5468750000	-131.7711639404
163385.4687500000	-131.8145446777
163951.1718750000	-131.8263549805
164519.0156250000	-131.8051910400
165088.8125000000	-131.7912292480
165660.5937500000	-131.8031158447
166234.3437500000	-131.8211059570
166810.0937500000	-131.8280334473
167387.8281250000	-131.8139038086
167967.5781250000	-131.7818145752
168549.1406250000	-131.7421112061
169132.9062500000	-131.6812438965
169718.6875000000	-131.6160888672
170306.5000000000	-131.5715179443
170896.3437500000	-131.5375366211
171488.2343750000	-131.5233612061
172082.1718750000	-131.5274963379
172678.1718750000	-131.5389862061
173276.0468750000	-131.5377960205
173876.1875000000	-131.5456237793
174478.3906250000	-131.5841522217
175082.6875000000	-131.6603851318
175689.0781250000	-131.8078308105
176297.5781250000	-131.9212493896
176908.1718750000	-131.9461212158
177520.8906250000	-131.9347534180
178135.5312500000	-131.8966979980
178752.4843750000	-131.8104705811
179371.5937500000	-131.7259674072
179992.8437500000	-131.6920166016
180616.2343750000	-131.6815490723
181241.7968750000	-131.6882019043
181869.5156250000	-131.7047729492
182499.4062500000	-131.7050018311
183131.2812500000	-131.6844940186
183765.5468750000	-131.6468048096
184402.0156250000	-131.5789794922
185040.6875000000	-131.5443572998
185681.5625000000	-131.5706481934
186324.6718750000	-131.6378479004
186969.9843750000	-131.7727203369
187617.5468750000	-131.8693389893
188267.1562500000	-131.8729705811
188919.2031250000	-131.8022308350
189573.5156250000	-131.7059326172
190230.0937500000	-131.6462707520
190888.9531250000	-131.5906066895
191550.0937500000	-131.5066375732
192213.5156250000	-131.4277038574
192879.2343750000	-131.3890686035
193547.0468750000	-131.3684539795
194217.3906250000	-131.3876342773
194890.0468750000	-131.4249267578
195565.0468750000	-131.5167846680
196242.3750000000	-131.6378021240
196922.0468750000	-131.7178497314
197604.0781250000	-131.7909088135
198288.4843750000	-131.8109741211
198975.0156250000	-131.8023986816
199664.1562500000	-131.7681579590
200355.6875000000	-131.7076110840
201049.6093750000	-131.6521301270
201745.9375000000	-131.5649108887
202444.6718750000	-131.4901733398
203145.8281250000	-131.4514312744
203849.4218750000	-131.4508972168
204555.4375000000	-131.4725341797
205263.6875000000	-131.5177307129
205974.6093750000	-131.5581817627
206688.0000000000	-131.5849609375
207403.8437500000	-131.6087951660
208122.1875000000	-131.6267547607
208843.0000000000	-131.6548309326
209566.3125000000	-131.6801147461
210292.1406250000	-131.6909179688
211020.2500000000	-131.6714324951
211751.1093750000	-131.6017761230
212484.5000000000	-131.5169067383
213220.4218750000	-131.4767761230
213958.9062500000	-131.4702606201
214699.9375000000	-131.5084991455
215443.5468750000	-131.5576019287
216189.7343750000	-131.5890045166
216938.2500000000	-131.6180267334
217689.6093750000	-131.6749114990
218443.5625000000	-131.7549896240
219200.1406250000	-131.8102416992
219959.3281250000	-131.7996368408
220721.1406250000	-131.7517700195
221485.5937500000	-131.7165222168
222252.7031250000	-131.7322998047
223022.2187500000	-131.7994079590
223794.6562500000	-131.8523101807
224569.7500000000	-131.8400421143
225347.5468750000	-131.7988281250
226128.0156250000	-131.7822875977
226911.2031250000	-131.7975616455
227697.0937500000	-131.8077087402
228485.7187500000	-131.7841644287
229276.8125000000	-131.7459716797
230070.9062500000	-131.7438964844
230867.7500000000	-131.7726440430
231667.3437500000	-131.7767944336
232469.7187500000	-131.7427368164
233274.8593750000	-131.6864471436
234082.7968750000	-131.6068572998
234893.5312500000	-131.5393676758
235706.8281250000	-131.4913024902
236523.1875000000	-131.4879608154
237342.3750000000	-131.5261688232
238164.3906250000	-131.5610504150
238989.2656250000	-131.5596313477
239816.9843750000	-131.5558471680
240647.5937500000	-131.5683288574
241481.0625000000	-131.6048431396
242317.1562500000	-131.6510009766
243156.4062500000	-131.6516113281
243998.5625000000	-131.6072998047
244843.6406250000	-131.5121917725
245691.6562500000	-131.4434051514
246542.5937500000	-131.4174041748
247396.4843750000	-131.4555969238
248253.3281250000	-131.5200653076
249112.8593750000	-131.5772705078
249975.6562500000	-131.5877685547
250841.4375000000	-131.5512084961
251710.2187500000	-131.5700378418
252582.0000000000	-131.6612854004
253456.8125000000	-131.7540283203
254334.6406250000	-131.7133789063
255215.5156250000	-131.5832366943
256099.4531250000	-131.4481811523
256986.1562500000	-131.4656372070
257876.2187500000	-131.5444946289
258769.3593750000	-131.6029968262
259665.5937500000	-131.6064300537
260564.9375000000	-131.5688934326
261467.3906250000	-131.5638885498
262372.9687500000	-131.6141662598
263281.6875000000	-131.7207489014
264193.2500000000	-131.7887420654
265108.2812500000	-131.8029479980
266026.4687500000	-131.8020782471
266947.8437500000	-131.7849273682
267872.4062500000	-131.7269439697
268800.1562500000	-131.6776123047
269731.1562500000	-131.6884155273
270665.3437500000	-131.6993408203
271602.4687500000	-131.6750335693
272543.1562500000	-131.6447296143
273487.0937500000	-131.6343231201
274434.3125000000	-131.6297302246
275384.8125000000	-131.6044616699
276338.5937500000	-131.6234283447
277295.6875000000	-131.7164306641
278256.0625000000	-131.7883605957
279219.5000000000	-131.7619171143
280186.5625000000	-131.6587829590
281156.9687500000	-131.5527801514
282130.7500000000	-131.5985412598
283107.9062500000	-131.6882629395
284088.4375000000	-131.6600799561
285072.3437500000	-131.5382080078
286059.6875000000	-131.4074554443
287050.1250000000	-131.3276214600
288044.3125000000	-131.2921447754
289041.9375000000	-131.1577758789
290043.0312500000	-126.6115875244
291047.5625000000	-112.8440856934
292055.5937500000	-102.6820297241
293067.1250000000	-96.3666992188
294082.1562500000	-93.2753524780
295100.3750000000	-93.1368713379
296122.4375000000	-95.9374847412
297148.0312500000	-101.9152526855
298177.1875000000	-111.6484451294
299209.9062500000	-125.3450088501
300246.2187500000	-102.6611938477
301286.1250000000	-104.8608245850
302329.5937500000	-107.4042510986
303376.3750000000	-110.4977416992
304427.0937500000	-114.1553878784
305481.4687500000	-118.2134552002
306539.5000000000	-122.7663040161
307601.1875000000	-126.9668350220
308666.5312500000	-130.0345306396
309735.5937500000	-131.5742187500
310808.3437500000	-131.7785339355
311884.4687500000	-131.8833160400
312964.6875000000	-131.9244232178
314048.6250000000	-131.9437713623
315136.3125000000	-131.9440612793
316227.7812500000	-131.9347076416
317323.0000000000	-131.9196929932
318422.0312500000	-131.9170379639
319524.8750000000	-131.9307250977
320631.5312500000	-131.9624786377
321741.6875000000	-132.0205230713
322856.0312500000	-132.0983276367
323974.2187500000	-132.1840362549
325096.2812500000	-132.2724914551
326222.2500000000	-132.3458862305
327352.0937500000	-132.3925018311
328485.8750000000	-132.4114074707
329623.5625000000	-132.3998870850
330764.8437500000	-132.3491058350
331910.4062500000	-132.2829437256
333059.9687500000	-132.2104339600
334213.5312500000	-132.1396179199
335371.0625000000	-132.0903930664
336532.5937500000	-132.0666503906
337698.1562500000	-132.0671081543
338867.7500000000	-132.0904998779
340041.0312500000	-132.1333007813
341218.7500000000	-132.1774444580
342400.5625000000	-132.2142791748
343586.4375000000	-132.2393646240
344776.4375000000	-132.2487945557
345970.5625000000	-132.2455749512
347168.8125000000	-132.2411193848
348371.2187500000	-132.2407073975
349577.4062500000	-132.2487335205
350788.1250000000	-132.2697448730
352003.0625000000	-132.2986602783
353222.2187500000	-132.3269958496
354445.5937500000	-132.3489227295
355673.1875000000	-132.3592987061
356905.0625000000	-132.3525848389
358141.1875000000	-132.3312683105
359381.1875000000	-132.3015441895
360625.9062500000	-132.2670593262
361874.9062500000	-132.2314910889
363128.2500000000	-132.1985931396
364385.9062500000	-132.1751556396
365647.9375000000	-132.1640014648
366914.3437500000	-132.1671752930
368185.1562500000	-132.1845245361
369459.9375000000	-132.2133636475
370739.5312500000	-132.2479705811
372023.5937500000	-132.2784576416
373312.0625000000	-132.3004913330
374605.0312500000	-132.3141784668
375902.4375000000	-132.3215484619
377204.3750000000	-132.3253479004
378510.7812500000	-132.3277130127
379821.3437500000	-132.3292846680
381136.8125000000	-132.3303375244
382456.8750000000	-132.3322143555
383781.5000000000	-132.3370666504
385110.7187500000	-132.3476104736
386444.5312500000	-132.3667602539
387782.9687500000	-132.3969573975
389126.0312500000	-132.4393157959
390473.3125000000	-132.4922027588
391825.6875000000	-132.5473175049
393182.7812500000	-132.5977020264
394544.5312500000	-132.6389770508
395911.0312500000	-132.6696319580
397282.2500000000	-132.6898498535
398658.2187500000	-132.7001495361
400038.9375000000	-132.7008514404
401424.4687500000	-132.6928405762
402814.3437500000	-132.6789245605
404209.4687500000	-132.6645660400
405609.4375000000	-132.6548309326
407014.2500000000	-132.6514434814
408423.9062500000	-132.6517486572
409838.4687500000	-132.6485290527
411257.9375000000	-132.6326751709
412682.3125000000	-132.5981903076
414111.1562500000	-132.5475921631
415545.4062500000	-132.4935760498
416984.6250000000	-132.4544677734
418428.8437500000	-132.4441223145
419878.0625000000	-132.4616241455
421332.2812500000	-132.4880065918
422791.5312500000	-132.4946899414
424255.8750000000	-132.4620971680
425724.7812500000	-132.3957214355
427199.2500000000	-132.3260650635
428678.8437500000	-132.2893371582
430163.5625000000	-132.3058013916
431653.4062500000	-132.3729400635
433148.4062500000	-132.4667968750
434648.5937500000	-132.5517272949
436154.0000000000	-132.5970001221
437664.1250000000	-132.5929107666
439179.9375000000	-132.5557556152
440701.0312500000	-132.5166778564
442227.3750000000	-132.5019531250
443759.0000000000	-132.5317687988
445295.9375000000	-132.5866241455
446838.2187500000	-132.6434020996
448385.8125000000	-132.6795349121
449938.2812500000	-132.6811676025
451496.6250000000	-132.6471862793
453060.3437500000	-132.5894470215
454629.5000000000	-132.5297698975
456204.0937500000	-132.4933624268
457784.1562500000	-132.4993133545
459369.6562500000	-132.5517425537
460960.6562500000	-132.6362762451
462556.6562500000	-132.7253570557
464158.7187500000	-132.7914428711
465766.3125000000	-132.8201446533
467379.4687500000	-132.8135070801
468998.2187500000	-132.7816925049
470622.5625000000	-132.7330169678
472252.5625000000	-132.6367797852
473888.1875000000	-132.5352325439
475528.9375000000	-132.4827728271
477175.9062500000	-132.4517211914
478828.5937500000	-132.4380035400
480487.0000000000	-132.4285125732
482151.1250000000	-132.4090423584
483821.0312500000	-132.3725280762
485496.7500000000	-132.3212890625
487178.2187500000	-132.2626190186
488865.0000000000	-132.2025909424
490558.1875000000	-132.1171875000
492257.1875000000	-132.0449523926
493962.1250000000	-132.0120391846
495672.9375000000	-131.9909515381
497389.6562500000	-131.9762878418
499112.3437500000	-131.9611053467
500841.0000000000	-131.9394683838
502575.6562500000	-131.9054107666
504315.7500000000	-131.8140258789
506062.4062500000	-131.6831512451
507815.1250000000	-131.5868072510
509573.9375000000	-131.4997711182
511338.8125000000	-131.4241485596
513109.8125000000	-131.3516845703
514886.9375000000	-131.2308044434
516670.2500000000	-131.1089630127
518459.1250000000	-131.0488128662
520254.7812500000	-131.0191955566
522056.6562500000	-131.0217895508
523864.7812500000	-131.0488586426
525679.1875000000	-131.1035919189
527499.8125000000	-131.1415252686
529326.8125000000	-131.1481170654
531160.1250000000	-131.1469573975
532999.1875000000	-131.1487731934
534845.1875000000	-131.1806640625
536697.6250000000	-131.2499542236
538556.4375000000	-131.3155059814
540421.6875000000	-131.3876647949
542293.4375000000	-131.5007629395
544171.6250000000	-131.6253967285
546056.3125000000	-131.7269134521
547947.0000000000	-131.8504486084
549844.7500000000	-131.9983520508
551749.1250000000	-132.2557373047
553660.0625000000	-132.5160217285
555577.6875000000	-132.6553497314
557501.8750000000	-132.7503814697
559432.7500000000	-132.8221282959
561370.3125000000	-132.8801269531
563314.0000000000	-132.9462890625
565265.0000000000	-133.1011199951
567222.7500000000	-133.2802734375
569187.3125000000	-133.3827667236
571158.6875000000	-133.4522857666
573136.8750000000	-133.4826202393
575121.8750000000	-133.4435119629
577113.8125000000	-133.1898803711
579112.0000000000	-130.1954193115
581117.6875000000	-125.0095901489
583130.3750000000	-121.3337173462
585150.0000000000	-117.1220092773
587176.6875000000	-114.7433395386
589210.3125000000	-114.0841751099
591251.0000000000	-114.5737380981
593298.8125000000	-116.6162872314
595353.0000000000	-118.9987564087
597415.0000000000	-123.6657638550
599484.1250000000	-129.9254302979
601560.3750000000	-132.6807098389
603643.8750000000	-133.7794647217
605734.5625000000	-133.9389801025
607832.5000000000	-133.9542083740
609937.6875000000	-133.8869018555
612049.5000000000	-133.8027648926
614169.3125000000	-133.6960601807
616296.4375000000	-133.6587982178
618431.0000000000	-133.6811828613
620572.8750000000	-133.7338867188
622722.1875000000	-133.7641754150
624879.0000000000	-133.7747802734
627043.2500000000	-133.8147583008
629214.2500000000	-133.8942108154
631393.5000000000	-133.9453277588
633580.3125000000	-133.9318389893
635774.6875000000	-133.8758850098
637976.6875000000	-133.8556976318
640186.2500000000	-133.9335937500
642403.5625000000	-134.0664672852
644628.5000000000	-134.2018432617
646861.1250000000	-134.3080291748
649100.7500000000	-134.3686370850
651348.8750000000	-134.3897399902
653604.8125000000	-134.3566436768
655868.5625000000	-134.2873229980
658140.1250000000	-134.2063751221
660419.5625000000	-134.1472930908
662706.8750000000	-134.1234893799
665002.1250000000	-134.1139831543
667304.6250000000	-134.1108398438
669615.8125000000	-134.1125793457
671935.0000000000	-134.1216430664
674262.1875000000	-134.1440277100
676597.5000000000	-134.1965179443
678940.8125000000	-134.2684326172
681292.3125000000	-134.3357849121
683651.9375000000	-134.3816070557
686019.0000000000	-134.3959808350
688395.0000000000	-134.3855133057
690779.1875000000	-134.3512268066
693171.6875000000	-134.3085021973
695572.4375000000	-134.2978668213
697981.5625000000	-134.3006591797
700398.9375000000	-134.2956848145
702824.7500000000	-134.2748413086
705258.1875000000	-134.2516937256
707700.8125000000	-134.2321319580
710151.9375000000	-134.2039184570
712611.5000000000	-134.1937255859
715079.5625000000	-134.2357940674
717556.2500000000	-134.3834075928
720041.4375000000	-134.5203094482
722535.3125000000	-134.5911102295
725036.9375000000	-134.5685729980
727548.0625000000	-134.4572448730
730067.9375000000	-134.3140258789
732596.5000000000	-134.2753143311
735133.8125000000	-134.3125152588
737679.8750000000	-134.3986206055
740234.8125000000	-134.4457092285
742798.5625000000	-134.4407806396
745370.4375000000	-134.3679199219
747952.0000000000	-134.3129577637
750542.4375000000	-134.3469543457
753141.9375000000	-134.4195556641
755750.4375000000	-134.4488830566
758367.9375000000	-134.4192962646
760994.5000000000	-134.4047546387
763630.1875000000	-134.4372253418
766274.1250000000	-134.4982910156
768928.0625000000	-134.5474395752
771591.1875000000	-134.5891418457
774263.5625000000	-134.6027069092
776945.1875000000	-134.5593414307
779636.1250000000	-134.5224914551
782336.3750000000	-134.5319519043
785045.9375000000	-134.6110076904
787764.0625000000	-134.6419219971
790492.4375000000	-134.5785369873
793230.2500000000	-134.4938354492
795977.5625000000	-134.4657287598
798734.4375000000	-134.5113983154
801500.8125000000	-134.5151062012
804276.7500000000	-134.5048370361
807062.3125000000	-134.5345611572
809857.5625000000	-134.5951995850
812661.5625000000	-134.6912689209
815476.1875000000	-134.7764434814
818300.5625000000	-134.8099670410
821134.6875000000	-134.7572631836
823978.6875000000	-134.6459350586
826832.5000000000	-134.4900054932
829696.1875000000	-134.3169708252
832569.8125000000	-134.2528076172
835452.4375000000	-134.3198699951
838346.0000000000	-134.4706115723
841249.5625000000	-134.5817718506
844163.1875000000	-134.5903930664
847086.9375000000	-134.5510406494
850020.7500000000	-134.5175628662
852964.7500000000	-134.5072479248
855919.0000000000	-134.5340118408
858882.4375000000	-134.6089782715
861857.1875000000	-134.6319885254
864842.1875000000	-134.5820465088
867837.5000000000	-134.5697631836
870843.2500000000	-134.6349182129
873859.3750000000	-134.7061157227
876885.9375000000	-134.4831542969
879923.0000000000	-133.6044464111
882969.5625000000	-132.6393280029
886027.6875000000	-132.5471801758
889096.4375000000	-133.3687591553
892175.7500000000	-134.2331085205
895265.7500000000	-134.5677337646
898366.5000000000	-134.6543426514
901477.9375000000	-134.7280883789
904600.1875000000	-134.7782592773
907732.1875000000	-134.7561492920
910876.1250000000	-134.6592254639
914030.8750000000	-134.5905151367
917196.5625000000	-134.6843109131
920373.2500000000	-134.7628326416
923560.9375000000	-134.7684783936
926759.6250000000	-134.7476501465
929969.4375000000	-134.7047882080
933189.3125000000	-134.5977478027
936421.3750000000	-134.5068969727
939664.6250000000	-134.5522308350
942919.0625000000	-134.7014923096
946184.8750000000	-134.7896728516
949461.9375000000	-134.7944030762
952750.3125000000	-134.7369842529
956050.1250000000	-134.6601257324
959360.3125000000	-134.6884155273
962683.0000000000	-134.8181457520
966017.2500000000	-134.8247528076
969363.0000000000	-134.6838378906
972720.3125000000	-134.6570892334
976089.3125000000	-134.7136383057
979469.9375000000	-134.7514495850
982862.3125000000	-134.7074127197
986265.3125000000	-134.6576690674
989681.1875000000	-134.6599731445
993108.9375000000	-134.6879119873
996548.5000000000	-134.6579437256
1000000.0000000000	-134.6441497803
1003463.4375000000	-134.6437530518
1006938.8750000000	-134.6465301514
1010426.3750000000	-134.6468658447
1013925.9375000000	-134.6440582275
1017436.5000000000	-134.6300506592
1020960.3750000000	-134.6098175049
1024496.4375000000	-134.5826873779
1028044.6875000000	-134.5560455322
1031605.3125000000	-134.5300903320
1035178.1875000000	-134.5199127197
1038763.5000000000	-134.5171051025
1042361.2500000000	-134.5296173096
1045970.2500000000	-134.5525665283
1049592.8750000000	-134.5816802979
1053228.1250000000	-134.6148071289
1056875.8750000000	-134.6469879150
1060536.3750000000	-134.6758575439
1064209.5000000000	-134.7013397217
1067895.3750000000	-134.7245635986
1071594.0000000000	-134.7441558838
1075304.1250000000	-134.7620544434
1079028.5000000000	-134.7764434814
1082765.6250000000	-134.7847137451
1086515.7500000000	-134.7894287109
1090278.8750000000	-134.7812042236
1094055.0000000000	-134.7678985596
1097844.1250000000	-134.7470855713
1101646.5000000000	-134.7223663330
1105460.7500000000	-134.6981048584
1109289.5000000000	-134.6801452637
1113131.5000000000	-134.6728973389
1116986.7500000000	-134.6730957031
1120855.3750000000	-134.6906585693
1124737.3750000000	-134.7109375000
1128632.8750000000	-134.7347564697
1132541.8750000000	-134.7517395020
1136463.1250000000	-134.7626800537
1140399.2500000000	-134.7623748779
1144348.8750000000	-134.7490081787
1148312.3750000000	-134.7286682129
1152289.5000000000	-134.6981048584
1156280.3750000000	-134.6645202637
1160285.1250000000	-134.6306304932
1164303.6250000000	-134.6028442383
1168334.8750000000	-134.5857086182
1172381.3750000000	-134.5769195557
1176441.8750000000	-134.5837860107
1180516.3750000000	-134.5965118408
1184605.1250000000	-134.6123657227
1188707.8750000000	-134.6251678467
1192824.8750000000	-134.6289062500
1196956.2500000000	-134.6247863770
1201100.5000000000	-134.6062622070
1205260.5000000000	-134.5798645020
1209434.8750000000	-134.5494842529
1213623.6250000000	-134.5175628662
1217827.0000000000	-134.4883270264
1222044.8750000000	-134.4615173340
1226277.3750000000	-134.4382324219
1230524.5000000000	-134.4232940674
1234785.0000000000	-134.4164428711
1239061.6250000000	-134.4185028076
1243353.1250000000	-134.4322967529
1247659.3750000000	-134.4414672852
1251980.6250000000	-134.4420776367
1256316.7500000000	-134.4175872803
1260668.0000000000	-134.3654022217
1265034.2500000000	-134.2978057861
1269415.6250000000	-134.2180328369
1273810.7500000000	-134.1470947266
1278222.6250000000	-134.0967559814
1282649.6250000000	-134.0704956055
1287092.0000000000	-134.0815582275
1291549.8750000000	-134.1248168945
1296023.0000000000	-134.1809539795
1300511.7500000000	-134.2433166504
1305016.0000000000	-134.2955169678
1309534.5000000000	-134.3311767578
1314070.0000000000	-134.3531341553
1318621.1250000000	-134.3618164063
1323188.1250000000	-134.3541107178
1327771.0000000000	-134.3356323242
1332369.6250000000	-134.3102569580
1336984.2500000000	-134.2810516357
1341614.8750000000	-134.2574005127
1346260.0000000000	-134.2436523438
1350922.6250000000	-134.2361602783
1355601.5000000000	-134.2314453125
1360296.6250000000	-134.2198028564
1365007.8750000000	-134.1923980713
1369735.6250000000	-134.1520233154
1374479.6250000000	-134.1015625000
1379240.0000000000	-134.0461120605
1384015.5000000000	-134.0005187988
1388808.8750000000	-133.9721221924
1393619.0000000000	-133.9624481201
1398445.7500000000	-133.9698638916
1403289.1250000000	-133.9863281250
1408149.3750000000	-133.9877471924
1413026.5000000000	-133.9653472900
1417920.3750000000	-133.9208679199
1422829.7500000000	-133.8616333008
1427757.6250000000	-133.8044586182
1432702.6250000000	-133.7655792236
1437664.7500000000	-133.7402343750
1442644.0000000000	-133.7236633301
1447640.6250000000	-133.7118835449
1452654.3750000000	-133.7034454346
1457685.6250000000	-133.7021484375
1462732.6250000000	-133.7052459717
1467798.7500000000	-133.7091522217
1472882.3750000000	-133.7118835449
1477983.6250000000	-133.7133331299
1483102.6250000000	-133.7156982422
1488239.2500000000	-133.7180328369
1493393.6250000000	-133.7127990723
1498566.0000000000	-133.6958770752
1503754.5000000000	-133.6689605713
1508962.7500000000	-133.6383972168
1514189.0000000000	-133.6129150391
1519433.2500000000	-133.5985870361
1524695.7500000000	-133.5904998779
1529976.5000000000	-133.5791931152
1535275.5000000000	-133.5599517822
1540592.8750000000	-133.5323181152
1545926.8750000000	-133.4991760254
1551281.1250000000	-133.4651489258
1556654.0000000000	-133.4351501465
1562045.3750000000	-133.4146423340
1567455.3750000000	-133.4059295654
1572884.2500000000	-133.4093017578
1578331.8750000000	-133.4272918701
1583798.3750000000	-133.4635772705
1589283.7500000000	-133.5183868408
1594786.3750000000	-133.5832519531
1600309.8750000000	-133.6398010254
1605852.5000000000	-133.6659698486
1611414.2500000000	-133.6491241455
1616995.3750000000	-133.5950622559
1622595.7500000000	-133.5295867920
1628215.5000000000	-133.4675292969
1633854.7500000000	-133.4082489014
1639511.7500000000	-133.3434906006
1645190.1250000000	-133.2719573975
1650888.1250000000	-133.2066955566
1656605.8750000000	-133.1670074463
1662343.5000000000	-133.1620330811
1668101.0000000000	-133.1815795898
1673878.3750000000	-133.2032623291
1679675.7500000000	-133.2106475830
1685491.3750000000	-133.2054443359
1691329.0000000000	-133.2012329102
1697186.8750000000	-133.2037658691
1703065.0000000000	-133.1999053955
1708963.5000000000	-133.1715087891
1714882.3750000000	-133.1216583252
1720821.7500000000	-133.0785064697
1726781.7500000000	-133.0671539307
1732760.5000000000	-133.0908660889
1738761.8750000000	-133.1296997070
1744784.0000000000	-133.1508026123
1750826.8750000000	-133.1239013672
1756890.8750000000	-133.0381622314
1762975.7500000000	-132.9113464355
1769081.7500000000	-132.7633514404
1775208.8750000000	-132.6805114746
1781355.2500000000	-132.6567077637
1787524.8750000000	-132.6775512695
1793715.8750000000	-132.7147521973
1799928.3750000000	-132.7458190918
1806162.3750000000	-132.7640838623
1812417.8750000000	-132.7774963379
1818695.1250000000	-132.8019409180
1824994.1250000000	-132.8507995605
1831312.8750000000	-132.9240417480
1837655.5000000000	-133.0038909912
1844020.1250000000	-133.0633239746
1850406.8750000000	-133.0831298828
1856815.6250000000	-133.0612335205
1863246.6250000000	-133.0060882568
1869699.8750000000	-132.9270477295
1876175.5000000000	-132.8343353271
1882671.5000000000	-132.7416687012
1889192.0000000000	-132.6350250244
1895735.2500000000	-132.5736541748
1902301.0000000000	-132.5540466309
1908889.5000000000	-132.5402221680
1915500.8750000000	-132.5361328125
1922135.1250000000	-132.5555114746
1928792.3750000000	-132.6018829346
1935470.5000000000	-132.6531372070
1942173.8750000000	-132.6731109619
1948900.5000000000	-132.6426696777
1955650.5000000000	-132.5780944824
1962423.7500000000	-132.5009613037
1969220.5000000000	-132.4751129150
1976040.8750000000	-132.4540863037
1982884.7500000000	-132.3984375000
1989750.2500000000	-132.3211669922
1996641.6250000000	-132.2600708008
2003556.8750000000	-132.2445526123
2010496.1250000000	-132.2781524658
2017459.3750000000	-132.3731994629
2024446.7500000000	-132.4312438965
2031458.3750000000	-132.4066467285
2038494.2500000000	-132.3470764160
2045554.5000000000	-132.2880706787
2052636.8750000000	-132.2545623779
2059746.1250000000	-132.2427673340
2066879.8750000000	-132.2295532227
2074038.5000000000	-132.2224273682
2081221.7500000000	-132.2406616211
2088430.0000000000	-132.2851409912
2095663.2500000000	-132.3189239502
2102921.5000000000	-132.2382965088
2110202.5000000000	-132.0382232666
2117511.0000000000	-131.9062500000
2124845.0000000000	-131.8309173584
2132204.2500000000	-131.8203277588
2139589.0000000000	-131.8772888184
2146999.5000000000	-131.9274139404
2154435.5000000000	-131.9197540283
2161897.2500000000	-131.8762969971
2169382.5000000000	-131.7753601074
2176896.0000000000	-131.6919555664
2184435.7500000000	-131.6719512939
2192001.2500000000	-131.6793365479
2199593.2500000000	-131.7196350098
2207211.5000000000	-131.7500000000
2214856.0000000000	-131.7355804443
2222527.0000000000	-131.6936187744
2230222.2500000000	-131.6321105957
2237946.5000000000	-131.6113128662
2245697.5000000000	-131.6191864014
2253475.5000000000	-131.6375427246
2261280.2500000000	-131.6945495605
2269112.0000000000	-131.7633209229
2276971.0000000000	-131.7858123779
2284857.2500000000	-131.7709808350
2292768.2500000000	-131.6597595215
2300709.0000000000	-131.4887237549
2308677.5000000000	-131.3909301758
2316673.5000000000	-131.3529663086
2324697.2500000000	-131.3932800293
2332748.7500000000	-131.4190979004
2340828.0000000000	-131.4124298096
2348935.2500000000	-131.3798522949
2357068.2500000000	-131.3602600098
2365231.7500000000	-131.3447113037
2373423.7500000000	-131.3268890381
2381644.0000000000	-131.3088226318
2389892.7500000000	-131.2843780518
2398170.0000000000	-131.2438812256
2406475.7500000000	-131.1866912842
2414810.5000000000	-131.0840759277
2423171.5000000000	-131.0193939209
2431564.0000000000	-131.0451354980
2439985.7500000000	-131.1331481934
2448436.5000000000	-131.1969604492
2456916.5000000000	-131.2249755859
2465426.0000000000	-131.1770477295
2473964.7500000000	-131.0975341797
2482533.2500000000	-131.0386962891
2491128.7500000000	-131.0211486816
2499756.5000000000	-131.0313720703
2508414.2500000000	-131.0690765381
2517102.2500000000	-131.0797119141
2525820.0000000000	-131.0183715820
2534568.0000000000	-130.9405822754
2543346.5000000000	-130.8473663330
2552155.2500000000	-130.8221740723
2560994.5000000000	-130.8558807373
2569861.5000000000	-130.8850555420
2578762.2500000000	-130.8847503662
2587693.5000000000	-130.8657531738
2596656.0000000000	-130.8379974365
2605649.2500000000	-130.8152465820
2614673.7500000000	-130.7913360596
2623729.7500000000	-130.7444000244
2632816.7500000000	-130.6763153076
2641932.5000000000	-130.6352233887
2651082.7500000000	-130.6621856689
2660264.7500000000	-130.7336578369
2669478.5000000000	-130.8096771240
2678724.0000000000	-130.8323669434
2688001.7500000000	-130.7792816162
2697311.5000000000	-130.7136993408
2706653.5000000000	-130.6484527588
2716024.7500000000	-130.5771026611
2725431.7500000000	-130.5675964355
2734871.0000000000	-130.6505584717
2744343.2500000000	-130.7437286377
2753848.0000000000	-130.7464599609
2763386.0000000000	-130.7035980225
2772956.7500000000	-130.7335510254
2782560.7500000000	-130.7506561279
2792195.0000000000	-130.6564941406
2801865.5000000000	-130.5323486328
2811569.7500000000	-130.4736022949
2821307.5000000000	-130.4606933594
2831079.0000000000	-130.4451293945
2840884.2500000000	-130.4144134521
2850723.5000000000	-130.3757476807
2860597.0000000000	-130.3310089111
2870501.2500000000	-130.2963867188
2880443.2500000000	-130.2929382324
2890419.5000000000	-130.2732391357
2900430.2500000000	-130.2051391602
2910475.7500000000	-130.1778717041
2920556.0000000000	-130.2215881348
2930671.2500000000	-130.2902832031
2940821.5000000000	-130.3452453613
2951003.7500000000	-130.3615264893
2961224.2500000000	-130.2335662842
2971480.5000000000	-130.0912628174
2981772.0000000000	-130.0285491943
2992099.2500000000	-130.0968017578
3002462.2500000000	-130.0106353760
3012861.0000000000	-130.0201110840
3023296.0000000000	-130.0256652832
3033763.7500000000	-130.0255584717
3044271.0000000000	-130.0197448730
3054814.7500000000	-130.0097351074
3065395.0000000000	-129.9980926514
3076011.7500000000	-129.9873809814
3086665.5000000000	-129.9784088135
3097356.0000000000	-129.9685821533
3108083.5000000000	-129.9546356201
3118844.7500000000	-129.9338989258
3129646.7500000000	-129.9054718018
3140486.2500000000	-129.8707733154
3151363.0000000000	-129.8333740234
3162277.7500000000	-129.7981567383
3173230.0000000000	-129.7704315186
3184220.5000000000	-129.7536468506
3195248.7500000000	-129.7478332520
3206315.5000000000	-129.7521362305
3217416.7500000000	-129.7648773193
3228560.2500000000	-129.7840118408
3239742.2500000000	-129.8072662354
3250962.7500000000	-129.8325195313
3262222.5000000000	-129.8578491211
3273521.0000000000	-129.8817138672
3284858.7500000000	-129.9028778076
3296235.5000000000	-129.9199676514
3307648.2500000000	-129.9303131104
3319104.2500000000	-129.9304199219
3330599.7500000000	-129.9172363281
3342135.2500000000	-129.8894500732
3353710.5000000000	-129.8490447998
3365326.0000000000	-129.8012237549
3376981.5000000000	-129.7528839111
3388677.5000000000	-129.7100524902
3400410.5000000000	-129.6759948730
3412187.5000000000	-129.6504974365
3424005.5000000000	-129.6308288574
3435864.5000000000	-129.6135101318
3447764.2500000000	-129.5960693359
3459705.5000000000	-129.5778808594
3471688.0000000000	-129.5598144531
3483712.0000000000	-129.5433959961
3495774.0000000000	-129.5299530029
3507881.5000000000	-129.5201873779
3520030.7500000000	-129.5141601563
3532222.2500000000	-129.5117340088
3544456.0000000000	-129.5102844238
3556732.0000000000	-129.5093688965
3569050.5000000000	-129.5067901611
3581411.7500000000	-129.5007324219
3593812.0000000000	-129.4902954102
3606259.0000000000	-129.4756164551
3618749.0000000000	-129.4576873779
3631282.5000000000	-129.4376831055
3643859.2500000000	-129.4048919678
3656479.5000000000	-129.3675537109
3669143.5000000000	-129.3367004395
3681851.5000000000	-129.2995452881
3694599.2500000000	-129.2566375732
3707395.5000000000	-129.2107849121
3720235.7500000000	-129.1661682129
3733120.7500000000	-129.1270141602
3746050.2500000000	-129.0963745117
3759024.5000000000	-129.0759124756
3772043.7500000000	-129.0663452148
3785108.0000000000	-129.0675811768
3798213.2500000000	-129.0783081055
3811368.2500000000	-129.0951080322
3824568.7500000000	-129.1119842529
3837815.0000000000	-129.1214599609
3851107.0000000000	-129.1072235107
3864445.2500000000	-129.0648803711
3877829.5000000000	-129.0277557373
3891260.2500000000	-128.9939270020
3904733.2500000000	-128.9685516357
3918257.0000000000	-128.9526672363
3931827.7500000000	-128.9444885254
3945445.5000000000	-128.9421386719
3959110.2500000000	-128.9454803467
3972822.5000000000	-128.9653778076
3986582.2500000000	-129.0007476807
4000389.5000000000	-129.0298461914
4014244.7500000000	-129.0565948486
4028143.5000000000	-129.0764770508
4042094.7500000000	-129.0879364014
4056094.2500000000	-129.0926818848
4070142.5000000000	-129.0948181152
4084239.2500000000	-129.0980834961
4098384.7500000000	-129.1015167236
4112579.2500000000	-129.1046295166
4126823.0000000000	-129.1067199707
4141111.5000000000	-129.1079254150
4155454.0000000000	-129.1092071533
4169846.2500000000	-129.1095581055
4184288.5000000000	-129.1076507568
4198780.5000000000	-129.1032714844
4213323.0000000000	-129.0972442627
4227915.5000000000	-129.0919952393
4242558.5000000000	-129.0950927734
4257248.0000000000	-129.1187286377
4271992.5000000000	-129.1519927979
4286788.5000000000	-129.1971130371
4301635.5000000000	-129.2488403320
4316534.0000000000	-129.3202667236
4331484.0000000000	-129.3697662354
4346486.0000000000	-129.3849029541
4361540.0000000000	-129.3897247314
4376641.0000000000	-129.3837585449
4391799.5000000000	-129.3657226563
4407010.0000000000	-129.3435211182
4422273.5000000000	-129.3140716553
4437590.0000000000	-129.2687072754
4452959.5000000000	-129.2423553467
4468382.0000000000	-129.2472381592
4483858.0000000000	-129.2677459717
4499383.0000000000	-129.3063812256
4514966.0000000000	-129.3261260986
4530603.5000000000	-129.3173065186
4546295.0000000000	-129.2798156738
4562041.0000000000	-129.2360839844
4577841.5000000000	-129.2130432129
4593696.5000000000	-129.1992950439
4609606.5000000000	-129.2012329102
4625566.5000000000	-129.2260742188
4641587.0000000000	-129.2554473877
4657663.0000000000	-129.3113098145
4673794.5000000000	-129.3757934570
4689982.0000000000	-129.4251251221
4706225.5000000000	-129.5060882568
4722525.5000000000	-129.5791015625
4738881.5000000000	-129.6061706543
4755289.5000000000	-129.5970611572
4771759.0000000000	-129.5492858887
4788286.0000000000	-129.5095520020
4804870.0000000000	-129.4658660889
4821511.5000000000	-129.4455871582
4838210.5000000000	-129.4519653320
4854967.5000000000	-129.4761962891
4871782.5000000000	-129.5008697510
4888650.0000000000	-129.5365295410
4905581.5000000000	-129.5575714111
4922572.0000000000	-129.5591735840
4939621.0000000000	-129.5564880371
4956729.5000000000	-129.5657653809
4973896.5000000000	-129.6014099121
4991123.5000000000	-129.6515655518
5008410.0000000000	-129.6866302490
5025756.5000000000	-129.7320404053
5043157.5000000000	-129.7687835693
5060624.0000000000	-129.7954559326
5078151.5000000000	-129.8142395020
5095739.5000000000	-129.8258972168
5113388.0000000000	-129.8367309570
5131098.0000000000	-129.8513793945
5148869.5000000000	-129.8722686768
5166702.5000000000	-129.8944549561
5184591.5000000000	-129.9502105713
5202548.0000000000	-130.0310516357
5220566.5000000000	-130.1282043457
5238648.0000000000	-130.2190856934
5256791.5000000000	-130.2826538086
5274998.5000000000	-130.3156738281
5293268.0000000000	-130.3020935059
5311601.0000000000	-130.2503814697
5329991.5000000000	-130.1715087891
5348452.0000000000	-130.1017150879
5366976.0000000000	-130.0788116455
5385564.5000000000	-130.1049194336
5404217.0000000000	-130.1764526367
5422934.0000000000	-130.2823333740
5441716.5000000000	-130.3431854248
5460563.5000000000	-130.3835601807
5479470.0000000000	-130.4211425781
5498447.5000000000	-130.4638977051
5517491.5000000000	-130.5040283203
5536601.0000000000	-130.5304870605
5555776.5000000000	-130.5525817871
5575019.0000000000	-130.5939483643
5594327.5000000000	-130.6966094971
5613703.5000000000	-130.8003692627
5633140.0000000000	-130.9046173096
5652650.0000000000	-130.9903106689
5672228.0000000000	-131.0335845947
5691873.5000000000	-131.0383605957
5711587.0000000000	-131.0285644531
5731368.5000000000	-131.0327911377
5751219.0000000000	-131.0476531982
5771138.0000000000	-131.0649719238
5791120.0000000000	-131.0954742432
5811177.0000000000	-131.1364135742
5831304.0000000000	-131.2016754150
5851500.0000000000	-131.3096313477
5871766.5000000000	-131.3905944824
5892103.0000000000	-131.4484863281
5912510.5000000000	-131.4776153564
5932988.0000000000	-131.4725189209
5953530.0000000000	-131.4722137451
5974150.0000000000	-131.5182952881
5994841.0000000000	-131.5944824219
6015604.0000000000	-131.6947021484
6036438.5000000000	-131.8170623779
6057345.5000000000	-131.8808593750
6078325.0000000000	-131.8853149414
6099377.0000000000	-131.8689422607
6120495.0000000000	-131.8617248535
6141693.0000000000	-131.8832397461
6162964.5000000000	-131.9293365479
6184310.0000000000	-131.9923095703
6205729.0000000000	-132.0089416504
6227222.0000000000	-131.9689178467
6248790.0000000000	-131.9354095459
6270432.0000000000	-131.9382324219
6292142.5000000000	-132.0037231445
6313935.0000000000	-132.1042022705
6335803.0000000000	-132.1630859375
6357747.0000000000	-132.1835021973
6379767.0000000000	-132.1885833740
6401863.0000000000	-132.2431182861
6424035.5000000000	-132.3935089111
6446284.5000000000	-132.5442352295
6468611.0000000000	-132.6757507324
6491007.5000000000	-132.7673950195
6513489.0000000000	-132.7648620605
6536048.0000000000	-132.7473602295
6558685.5000000000	-132.7835693359
6581401.0000000000	-132.8680877686
6604195.5000000000	-132.9373168945
6627069.0000000000	-132.9986419678
6650021.5000000000	-133.0722656250
6673046.0000000000	-133.1374053955
6696158.0000000000	-133.1785888672
6719350.0000000000	-133.1739196777
6742622.0000000000	-133.1363067627
6765974.5000000000	-133.1272735596
6789408.5000000000	-133.2027587891
6812923.0000000000	-133.3580932617
6836519.5000000000	-133.5390930176
6860190.0000000000	-133.6609649658
6883950.0000000000	-133.7511596680
6907792.0000000000	-133.8206024170
6931717.0000000000	-133.8403472900
6955724.5000000000	-133.8484344482
6979815.5000000000	-133.8726043701
7003989.5000000000	-133.9101562500
7028247.5000000000	-133.9617767334
7052582.0000000000	-134.0370941162
7077008.0000000000	-134.1155242920
7101519.0000000000	-134.1658782959
7126115.0000000000	-134.2045135498
7150796.0000000000	-134.2777099609
7175562.5000000000	-134.3991394043
7200414.5000000000	-134.5235137939
7225353.0000000000	-134.5945434570
7250369.5000000000	-134.6234283447
7275481.0000000000	-134.6822967529
7300679.0000000000	-134.7717590332
7325965.0000000000	-134.8264312744
7351338.0000000000	-134.8514862061
7376799.0000000000	-134.8689727783
7402348.0000000000	-134.9180145264
7427986.0000000000	-135.0243225098
7453704.0000000000	-135.1767730713
7479519.5000000000	-135.3334503174
7505424.5000000000	-135.4401092529
7531419.5000000000	-135.4539642334
7557504.0000000000	-135.4197998047
7583679.0000000000	-135.4626770020
7609945.0000000000	-135.6071777344
7636301.5000000000	-135.8108367920
7662741.0000000000	-135.9940490723
7689280.5000000000	-136.1049804688
7715912.0000000000	-136.1702270508
7742636.0000000000	-136.2507324219
7769452.0000000000	-136.3572845459
7796361.5000000000	-136.4579467773
7823363.5000000000	-136.5161743164
7850459.5000000000	-136.5672302246
7877640.5000000000	-136.6149139404
7904924.5000000000	-136.6323547363
7932302.5000000000	-136.6734466553
7959776.0000000000	-136.8017425537
7987344.0000000000	-136.9401397705
8015008.0000000000	-137.0322418213
8042767.5000000000	-137.1643829346
8070623.5000000000	-137.2913970947
8098575.5000000000	-137.3516693115
8126615.5000000000	-137.3896484375
8154762.0000000000	-137.4205780029
8183005.5000000000	-137.4023895264
8211347.0000000000	-137.3836517334
8239786.5000000000	-137.4561920166
8268325.0000000000	-137.5802917480
8296961.5000000000	-137.6439056396
8325698.0000000000	-137.7142486572
8354524.5000000000	-137.8469238281
8383460.0000000000	-137.9728546143
8412496.0000000000	-138.0657653809
8441632.0000000000	-138.1082611084
8470869.0000000000	-138.1573944092
8500208.0000000000	-138.2250213623
8529648.0000000000	-138.3134613037
8559190.0000000000	-138.4947814941
8588825.0000000000	-138.7012176514
8618572.0000000000	-138.8227233887
8648422.0000000000	-138.8496551514
8678375.0000000000	-138.8538208008
8708432.0000000000	-138.8752899170
8738593.0000000000	-138.9426879883
8768859.0000000000	-139.0699462891
8799230.0000000000	-139.2387084961
8829696.0000000000	-139.4257202148
8860277.0000000000	-139.5980072021
8890964.0000000000	-139.7145080566
8921758.0000000000	-139.7508544922
8952658.0000000000	-139.7411651611
8983665.0000000000	-139.7693939209
9014779.0000000000	-139.8823394775
9046002.0000000000	-140.0080413818
9077322.0000000000	-140.0961914063
9108761.0000000000	-140.1625671387
9140309.0000000000	-140.1733245850
9171966.0000000000	-140.1491394043
9203732.0000000000	-140.2011108398
9235609.0000000000	-140.3775634766
9267596.0000000000	-140.6663208008
9299694.0000000000	-140.9441223145
9331893.0000000000	-141.0029449463
9364214.0000000000	-140.9835205078
9396646.0000000000	-141.0446777344
9429191.0000000000	-141.2095336914
9461849.0000000000	-141.4030609131
9494619.0000000000	-141.5311737061
9527503.0000000000	-141.5492248535
9560501.0000000000	-141.5521545410
9593603.0000000000	-141.6090240479
9626830.0000000000	-141.7694244385
9660172.0000000000	-141.9925079346
9693630.0000000000	-142.0762481689
9727203.0000000000	-141.9872894287
9760893.0000000000	-141.9745330811
9794699.0000000000	-142.0198059082
9828623.0000000000	-142.1165161133
9862653.0000000000	-142.3225402832
9896812.0000000000	-142.5676727295
9931089.0000000000	-142.7604522705
9965485.0000000000	-142.9307403564
10000000.0000000000	-143.0809173584
Trace	3
Trace Mode	VIEW
Trace Result	PN
Smoothing	OFF
Smoothing Value	1.0000000000	%
Spurious Removal	OFF
Spurious Removal Threshold	6.0000000000	dB
Trace Offset	OFF
Trace Offset	0.0000000000	dB
Trace Label	OFF
Trace Label	Trace 3
x-Unit	Hz
y-Unit	dBc/Hz
Values	4663
1.0000000000	-54.3590927124
1.0034632683	-54.2259330750
1.0069385767	-54.1106910706
1.0104259253	-53.9954490662
1.0139254332	-53.8802032471
1.0174369812	-53.7682952881
1.0209606886	-53.7166709900
1.0244965553	-53.6650505066
1.0280447006	-53.6134262085
1.0316051245	-53.5618019104
1.0351779461	-53.5490074158
1.0387630463	-53.5657463074
1.0423606634	-53.5824851990
1.0459706783	-53.5992202759
1.0495932102	-53.6247673035
1.0532282591	-53.6994667053
1.0568759441	-53.7741622925
1.0605362654	-53.8488578796
1.0642092228	-53.9235572815
1.0678949356	-54.0210380554
1.0715934038	-54.1241226196
1.0753046274	-54.2272071838
1.0790288448	-54.3302993774
1.0827658176	-54.4245567322
1.0865157843	-54.5105743408
1.0902787447	-54.5965957642
1.0940546989	-54.6826133728
1.0978437662	-54.7522277832
1.1016459465	-54.7826080322
1.1054613590	-54.8129844666
1.1092898846	-54.8433609009
1.1131316423	-54.8660049438
1.1169868708	-54.8382148743
1.1208553314	-54.8104248047
1.1247371435	-54.7826385498
1.1286325455	-54.7540397644
1.1325412989	-54.6995010376
1.1364636421	-54.6449623108
1.1403995752	-54.5904235840
1.1443492174	-54.5358848572
1.1483124495	-54.4908103943
1.1522893906	-54.4458847046
1.1562801600	-54.4009552002
1.1602846384	-54.3560256958
1.1643031836	-54.3417625427
1.1683354378	-54.3276481628
1.1723817587	-54.3135337830
1.1764421463	-54.3013496399
1.1805164814	-54.3194618225
1.1846050024	-54.3375740051
1.1887077093	-54.3556861877
1.1928246021	-54.3765640259
1.1969556808	-54.4102706909
1.2011011839	-54.4439735413
1.2052608728	-54.4776802063
1.2094351053	-54.5078086853
1.2136237621	-54.5311851501
1.2178269625	-54.5545616150
1.2220447063	-54.5779380798
1.2262769938	-54.5862770081
1.2305239439	-54.5830574036
1.2347856760	-54.5798416138
1.2390621901	-54.5766220093
1.2433534861	-54.5585479736
1.2476595640	-54.5374984741
1.2519805431	-54.5164527893
1.2563166618	-54.4967613220
1.2606676817	-54.4848518372
1.2650337219	-54.4729423523
1.2694149017	-54.4610328674
1.2738113403	-54.4667091370
1.2782229185	-54.4892578125
1.2826498747	-54.5118064880
1.2870920897	-54.5343551636
1.2915496826	-54.5991744995
1.2960226536	-54.6678085327
1.3005112410	-54.7364425659
1.3050153255	-54.8209037781
1.3095350266	-54.9325103760
1.3140703440	-55.0441169739
1.3186213970	-55.1557235718
1.3231881857	-55.2914123535
1.3277708292	-55.4309501648
1.3323693275	-55.5704841614
1.3369836807	-55.7117614746
1.3416141272	-55.8556709290
1.3462605476	-55.9995841980
1.3509230614	-56.1434936523
1.3556017876	-56.2663955688
1.3602966070	-56.3887557983
1.3650077581	-56.5111236572
1.3697352409	-56.6088409424
1.3744791746	-56.6895980835
1.3792393208	-56.7703475952
1.3840161562	-56.8379478455
1.3888094425	-56.8657608032
1.3936192989	-56.8935737610
1.3984458447	-56.9213867188
1.4032890797	-56.8941917419
1.4081491232	-56.8636627197
1.4130259752	-56.8331298828
1.4179197550	-56.7658805847
1.4228304625	-56.6809196472
1.4277582169	-56.5959510803
1.4327028990	-56.4964103699
1.4376648664	-56.3785095215
1.4426438808	-56.2606163025
1.4476402998	-56.1432380676
1.4526538849	-56.0274658203
1.4576849937	-55.9116897583
1.4627333879	-55.7989349365
1.4677993059	-55.7184219360
1.4728827477	-55.6379089355
1.4779838324	-55.5573997498
1.4831025600	-55.5312805176
1.4882389307	-55.5075111389
1.4933931828	-55.4837417603
1.4985653162	-55.5182991028
1.5037553310	-55.5619506836
1.5089633465	-55.6056022644
1.5141893625	-55.7055282593
1.5194333792	-55.8191337585
1.5246957541	-55.9327468872
1.5299762487	-56.0923271179
1.5352749825	-56.2652091980
1.5405921936	-56.4380950928
1.5459277630	-56.6262893677
1.5512818098	-56.8188476563
1.5566543341	-57.0113983154
1.5620455742	-57.1533203125
1.5674554110	-57.2834892273
1.5728839636	-57.4136581421
1.5783313513	-57.4072074890
1.5837976933	-57.3812751770
1.5892828703	-57.3553466797
1.5947870016	-57.1615562439
1.6003103256	-56.9622650146
1.6058527231	-56.7551078796
1.6114143133	-56.4686965942
1.6169950962	-56.1822891235
1.6225953102	-55.9014358521
1.6282148361	-55.6381225586
1.6338539124	-55.3748092651
1.6395124197	-55.1521453857
1.6451905966	-54.9859275818
1.6508884430	-54.8197059631
1.6566059589	-54.7337913513
1.6623432636	-54.6962509155
1.6681005955	-54.6587104797
1.6738777161	-54.7252960205
1.6796748638	-54.8093681335
1.6854921579	-54.9013023376
1.6913294792	-55.0540161133
1.6971870661	-55.2067337036
1.7030650377	-55.3450965881
1.7089632750	-55.4618072510
1.7148818970	-55.5785140991
1.7208211422	-55.5891304016
1.7267808914	-55.5560035706
1.7327612638	-55.5153808594
1.7387623787	-55.3048286438
1.7447843552	-55.0942726135
1.7508270741	-54.8435058594
1.7568907738	-54.5326042175
1.7629753351	-54.2217102051
1.7690811157	-53.9079742432
1.7752079964	-53.5934600830
1.7813560963	-53.2896766663
1.7875255346	-53.0318984985
1.7937163115	-52.7741241455
1.7999285460	-52.5644226074
1.8061622381	-52.3844375610
1.8124175072	-52.2092514038
1.8186944723	-52.0982284546
1.8249932528	-51.9872016907
1.8313137293	-51.8990287781
1.8376561403	-51.8300399780
1.8440206051	-51.7617340088
1.8504070044	-51.7101821899
1.8568155766	-51.6586341858
1.8632462025	-51.6170616150
1.8696992397	-51.5834465027
1.8761746883	-51.5543327332
1.8826724291	-51.5681495667
1.8891928196	-51.5819702148
1.8957357407	-51.6517677307
1.9023011923	-51.7511825562
1.9088895321	-51.8752822876
1.9155006409	-52.0803642273
1.9221346378	-52.2854499817
1.9287915230	-52.5629730225
1.9354715347	-52.8549995422
1.9421746731	-53.1559066772
1.9489010572	-53.4675483704
1.9556506872	-53.7725067139
1.9624238014	-54.0111274719
1.9692202806	-54.2497406006
1.9760403633	-54.3995399475
1.9828839302	-54.5196418762
1.9897513390	-54.6101455688
1.9966424704	-54.6607971191
2.0035574436	-54.7145080566
2.0104963779	-54.7903442383
2.0174593925	-54.8661804199
2.0244464874	-55.0224227905
2.0314579010	-55.1945533752
2.0384933949	-55.4341239929
2.0455532074	-55.7253150940
2.0526378155	-56.0455741882
2.0597467422	-56.4288711548
2.0668802261	-56.8138122559
2.0740385056	-57.2171592712
2.0812215805	-57.6205062866
2.0884294510	-57.9607162476
2.0956623554	-58.2911338806
2.1029202938	-58.5292701721
2.1102032661	-58.7211303711
2.1175117493	-58.8419570923
2.1248455048	-58.8867568970
2.1322045326	-58.8961219788
2.1395888329	-58.8289794922
2.1469991207	-58.7529563904
2.1544346809	-58.6323509216
2.1618962288	-58.5121040344
2.1693835258	-58.4031219482
2.1768968105	-58.2941398621
2.1844360828	-58.2362174988
2.1920015812	-58.1831970215
2.1995930672	-58.1732101440
2.2072110176	-58.1733932495
2.2148551941	-58.1737022400
2.2225260735	-58.1740570068
2.2302234173	-58.1320686340
2.2379472256	-58.0669746399
2.2456979752	-57.9533386230
2.2534756660	-57.8057403564
2.2612800598	-57.6380233765
2.2691116333	-57.4534530640
2.2769701481	-57.2803535461
2.2848560810	-57.1180686951
2.2927691936	-56.9822387695
2.3007099628	-56.8729705811
2.3086779118	-56.7894668579
2.3166735172	-56.7320098877
2.3246970177	-56.6912994385
2.3327481747	-56.6667175293
2.3408272266	-56.6454086304
2.3489341736	-56.6269378662
2.3570692539	-56.5943069458
2.3652327061	-56.5511589050
2.3734242916	-56.4775848389
2.3816442490	-56.3858451843
2.3898925781	-56.2613983154
2.3981695175	-56.1223526001
2.4064753056	-55.9685516357
2.4148097038	-55.8103370667
2.4231729507	-55.6635780334
2.4315650463	-55.5186767578
2.4399862289	-55.4038238525
2.4484367371	-55.2931442261
2.4569165707	-55.2177314758
2.4654254913	-55.1523666382
2.4739642143	-55.1254005432
2.4825322628	-55.1203536987
2.4911301136	-55.1564865112
2.4997575283	-55.2270278931
2.5084149837	-55.3320999146
2.5171024799	-55.4737777710
2.5258200169	-55.6340866089
2.5345678329	-55.8184661865
2.5433456898	-56.0077323914
2.5521540642	-56.2060432434
2.5609929562	-56.4059562683
2.5698626041	-56.6115036011
2.5787627697	-56.8214607239
2.5876939297	-57.0372505188
2.5966558456	-57.2529144287
2.6056489944	-57.4685134888
2.6146731377	-57.6610412598
2.6237285137	-57.8435287476
2.6328153610	-57.9767990112
2.6419336796	-58.0785789490
2.6510834694	-58.1281547546
2.6602649689	-58.1121406555
2.6694786549	-58.0590858459
2.6787238121	-57.9235839844
2.6880011559	-57.7733764648
2.6973104477	-57.5953636169
2.7066521645	-57.4318351746
2.7160260677	-57.2834320068
2.7254326344	-57.1744232178
2.7348716259	-57.0767860413
2.7443432808	-56.9882965088
2.7538478374	-56.8797607422
2.7633852959	-56.7446022034
2.7729558945	-56.5664520264
2.7825593948	-56.3737678528
2.7921962738	-56.1714019775
2.8018665314	-55.9837303162
2.8115704060	-55.8135337830
2.8213076591	-55.6647758484
2.8310787678	-55.5177040100
2.8408837318	-55.3574142456
2.8507225513	-55.1747932434
2.8605954647	-54.9752006531
2.8705027103	-54.7701644897
2.8804440498	-54.5852546692
2.8904199600	-54.4374732971
2.9004304409	-54.3643341064
2.9104754925	-54.3315010071
2.9205553532	-54.3775444031
2.9306702614	-54.4655303955
2.9408199787	-54.5832405090
2.9510049820	-54.7532081604
2.9612252712	-54.9493103027
2.9714810848	-55.1745872498
2.9817721844	-55.4420700073
2.9920992851	-55.7140502930
3.0024619102	-55.9875144958
3.0128602982	-56.2199440002
3.0232946873	-56.4268417358
3.0337653160	-56.5952148438
3.0442721844	-56.7390022278
3.0548155308	-56.8644027710
3.0653953552	-56.9597702026
3.0760118961	-56.9635467529
3.0866649151	-56.8936767578
3.0973551273	-56.7054977417
3.1080822945	-56.4350242615
3.1188464165	-56.1560935974
3.1296479702	-55.9008674622
3.1404869556	-55.7693252563
3.1513633728	-55.7326011658
3.1622776985	-55.8114089966
3.1732296944	-56.0546569824
3.1842195988	-56.3675880432
3.1952474117	-56.7436904907
3.2063136101	-57.1494750977
3.2174181938	-57.5168304443
3.2285611629	-57.8377571106
3.2397425175	-58.0591888428
3.2509627342	-58.1894340515
3.2622220516	-58.2550125122
3.2735199928	-58.2526855469
3.2848572731	-58.1372795105
3.2962338924	-57.9236602783
3.3076496124	-57.6069869995
3.3191051483	-57.1414909363
3.3306002617	-56.6097450256
3.3421351910	-56.0679740906
3.3537099361	-55.5465621948
3.3653249741	-55.1441307068
3.3769800663	-54.8381309509
3.3886756897	-54.6286544800
3.4004118443	-54.5282554626
3.4121885300	-54.5531768799
3.4240059853	-54.6698532104
3.4358644485	-54.8844375610
3.4477639198	-55.2261619568
3.4597046375	-55.7276535034
3.4716866016	-56.3355140686
3.4837102890	-57.0239715576
3.4957754612	-57.7523040771
3.5078823566	-58.3696403503
3.5200312138	-58.8082847595
3.5322222710	-59.0427665710
3.5444555283	-59.0565147400
3.5567314625	-58.8328628540
3.5690495968	-58.5116920471
3.5814104080	-58.1309356689
3.5938138962	-57.7300872803
3.6062602997	-57.3703460693
3.6187500954	-57.1218452454
3.6312828064	-56.9933280945
3.6438591480	-56.9814224243
3.6564791203	-57.0650863647
3.6691424847	-57.1504707336
3.6818499565	-57.0761222839
3.6946012974	-56.8015098572
3.7073969841	-56.3485832214
3.7202367783	-55.7931251526
3.7331211567	-55.3088798523
3.7460501194	-55.0294036865
3.7590239048	-54.9762763977
3.7720425129	-55.1462059021
3.7851064205	-55.5013160706
3.7982153893	-55.9597015381
3.8113698959	-56.3148574829
3.8245697021	-56.4326705933
3.8378155231	-56.2986145020
3.8511071205	-55.9691581726
3.8644447327	-55.5512886047
3.8778283596	-55.1703147888
3.8912587166	-54.9447937012
3.9047353268	-54.8852882385
3.9182586670	-54.9892807007
3.9318287373	-55.2379302979
3.9454460144	-55.6004409790
3.9591102600	-56.0389404297
3.9728219509	-56.5132255554
3.9865810871	-56.9745330811
4.0003876686	-57.3822937012
4.0142426491	-57.7009811401
4.0281448364	-57.9068107605
4.0420956612	-57.9975738525
4.0560946465	-57.9973678589
4.0701422691	-57.9535102844
4.0842385292	-57.9286193848
4.0983834267	-57.9861831665
4.1125774384	-58.1433639526
4.1268205643	-58.3798522949
4.1411132813	-58.6352806091
4.1554551125	-58.8285827637
4.1698470116	-58.8931999207
4.1842885017	-58.8096885681
4.1987800598	-58.6160545349
4.2133216858	-58.3862342834
4.2279138565	-58.1953163147
4.2425560951	-58.0985183716
4.2572493553	-58.0881500244
4.2719936371	-58.1390419006
4.2867889404	-58.2345352173
4.3016357422	-58.3806228638
4.3165335655	-58.5903358459
4.3314828873	-58.8552246094
4.3464841843	-59.1311340332
4.3615374565	-59.3508987427
4.3766427040	-59.4550895691
4.3918004036	-59.4228744507
4.4070110321	-59.2891540527
4.4222736359	-59.1381721497
4.4375896454	-59.0666198730
4.4529581070	-59.1307907104
4.4683809280	-59.3062667847
4.4838562012	-59.4754409790
4.4993853569	-59.4581680298
4.5149679184	-59.1129684448
4.5306048393	-58.4666671753
4.5462956429	-57.7146835327
4.5620408058	-57.0784225464
4.5778408051	-56.6936950684
4.5936951637	-56.5906524658
4.6096048355	-56.7144470215
4.6255693436	-56.9724617004
4.6415891647	-57.2631530762
4.6576642990	-57.5095252991
4.6737952232	-57.6610374451
4.6899819374	-57.6987876892
4.7062249184	-57.6522636414
4.7225241661	-57.5923728943
4.7388796806	-57.5864944458
4.7552919388	-57.6553459167
4.7717609406	-57.7669601440
4.7882871628	-57.8660011292
4.8048706055	-57.9096755981
4.8215112686	-57.8821296692
4.8382096291	-57.7941856384
4.8549661636	-57.6911392212
4.8717803955	-57.7063789368
4.8886528015	-58.0314025879
4.9055838585	-58.3951187134
4.9225735664	-58.7276191711
4.9396219254	-58.9627723694
4.9567294121	-59.1414756775
4.9738960266	-59.3190193176
4.9911222458	-59.4664649963
5.0084080696	-59.5043830872
5.0257534981	-59.4167976379
5.0431594849	-59.2761497498
5.0606255531	-59.1544227600
5.0781521797	-59.0181083679
5.0957393646	-58.8808860779
5.1133875847	-58.8015213013
5.1310968399	-58.7597923279
5.1488671303	-58.7584228516
5.1666994095	-58.7786979675
5.1845936775	-58.7977027893
5.2025494576	-58.8082427979
5.2205672264	-58.8701438904
5.2386479378	-59.1021728516
5.2567911148	-59.4380912781
5.2749967575	-59.8883705139
5.2932658195	-60.3395080566
5.3115983009	-60.6253051758
5.3299937248	-60.6170043945
5.3484535217	-59.9717178345
5.3669767380	-58.9087905884
5.3855643272	-58.1211814880
5.4042162895	-57.4570922852
5.4229326248	-57.0001831055
5.4417138100	-56.7728462219
5.4605603218	-56.8589897156
5.4794721603	-57.3192100525
5.4984493256	-57.7689437866
5.5174922943	-58.1302757263
5.5366010666	-58.2118949890
5.5557761192	-57.8245658875
5.5750174522	-57.4464263916
5.5943255424	-57.4522705078
5.6137003899	-57.6444435120
5.6331429482	-57.8761062622
5.6526522636	-57.6725578308
5.6722292900	-57.3390541077
5.6918740273	-57.1032142639
5.7115869522	-57.0880851746
5.7313680649	-57.4304275513
5.7512173653	-57.8430252075
5.7711358070	-58.0001869202
5.7911229134	-58.0723876953
5.8111796379	-58.1099510193
5.8313055038	-58.0919036865
5.8515009880	-58.0191040039
5.8717665672	-57.8104209900
5.8921022415	-57.6011238098
5.9125084877	-57.5707511902
5.9329853058	-57.6711120605
5.9535331726	-57.9629631042
5.9741520882	-58.1751670837
5.9948425293	-58.1579322815
6.0156044960	-57.9426002502
6.0364384651	-57.7256164551
6.0573449135	-57.6831932068
6.0783233643	-57.6961059570
6.0993742943	-57.5900688171
6.1204986572	-57.4473762512
6.1416954994	-57.4482765198
6.1629662514	-57.8363876343
6.1843104362	-58.2699851990
6.2057290077	-58.5965042114
6.2272214890	-58.1373634338
6.2487878799	-57.4041557312
6.2704296112	-56.3107223511
6.2921462059	-55.5919570923
6.3139376640	-55.4125747681
6.3358049393	-55.6052703857
6.3577480316	-56.1955718994
6.3797669411	-56.9265327454
6.4018621445	-57.3520393372
6.4240336418	-57.3148155212
6.4462819099	-57.1266136169
6.4686074257	-57.1460533142
6.4910101891	-57.4652862549
6.5134906769	-57.7904586792
6.5360488892	-57.9191322327
6.5586853027	-58.0048522949
6.5814003944	-57.8865737915
6.6041936874	-57.3151626587
6.6270661354	-56.6290359497
6.6500177383	-56.2337951660
6.6730489731	-56.1288108826
6.6961598396	-56.2640838623
6.7193508148	-56.6718673706
6.7426218987	-57.1723022461
6.7659740448	-57.9470634460
6.7894062996	-58.2591705322
6.8129205704	-57.8969459534
6.8365159035	-57.5379753113
6.8601927757	-57.6121864319
6.8839516640	-57.9144134521
6.9077930450	-57.9317131042
6.9317169189	-57.5817604065
6.9557237625	-57.2553863525
6.9798135757	-57.1618919373
7.0039868355	-57.0009422302
7.0282440186	-56.5949974060
7.0525846481	-56.3820915222
7.0770101547	-57.0779533386
7.1015210152	-58.2317619324
7.1261157990	-59.0656852722
7.1507959366	-59.0662612915
7.1755614281	-58.3498573303
7.2004127502	-57.6731147766
7.2253499031	-57.4419631958
7.2503733635	-57.6137046814
7.2754840851	-57.9549140930
7.3006811142	-58.0864372253
7.3259658813	-58.0431861877
7.3513379097	-58.2209701538
7.3767981529	-58.6045227051
7.4023461342	-59.0704231262
7.4279828072	-59.5651016235
7.4537081718	-59.6380348206
7.4795227051	-59.3066711426
7.5054268837	-58.4465980530
7.5314202309	-57.5215263367
7.5575041771	-56.5712814331
7.5836782455	-56.0303421021
7.6099429131	-56.1989631653
7.6362986565	-56.8874282837
7.6627454758	-57.0915832520
7.6892838478	-56.7632751465
7.7159142494	-56.1851615906
7.7426371574	-55.9131584167
7.7694520950	-55.9773521423
7.7963600159	-56.1316375732
7.8233613968	-55.4393119812
7.8504562378	-54.8139953613
7.8776450157	-54.8645553589
7.9049277306	-55.6294364929
7.9323048592	-56.0393943787
7.9597768784	-55.8746566772
7.9873442650	-55.4685668945
8.0150070190	-55.1842842102
8.0427656174	-55.0489578247
8.0706205368	-55.0920639038
8.0985708237	-55.3648109436
8.1266193390	-55.4267120361
8.1547641754	-55.1263999939
8.1830062866	-54.8119964600
8.2113466263	-54.9404563904
8.2397851944	-55.6971397400
8.2683229446	-56.3213272095
8.2969579697	-56.1903305054
8.3256931305	-55.6464996338
8.3545274734	-55.1858749390
8.3834619522	-55.2518424988
8.4124965668	-55.7515373230
8.4416322708	-56.5507125854
8.4708681107	-56.8679618835
8.5002050400	-56.6373672485
8.5296440125	-56.2694015503
8.5591850281	-56.2793273926
8.5888280869	-56.4194335938
8.6185741425	-56.3481025696
8.6484231949	-56.1543769836
8.6783752441	-56.0250663757
8.7084312439	-56.0391044617
8.7385911942	-56.3741836548
8.7688560486	-56.8883552551
8.7992248535	-57.3245697021
8.8296995163	-57.4803009033
8.8602790833	-56.5736885071
8.8909654617	-55.1736488342
8.9217586517	-54.4794006348
8.9526576996	-54.2306327820
8.9836635590	-54.1391944885
9.0147771835	-54.6344413757
9.0459976196	-55.3031463623
9.0773267746	-55.4677391052
9.1087646484	-55.3838920593
9.1403112411	-54.9591064453
9.1719665527	-54.4007835388
9.2037324905	-54.0852165222
9.2356081009	-53.8067817688
9.2675933838	-53.8176155090
9.2996902466	-54.4647674561
9.3318977356	-54.8260459900
9.3642177582	-54.1537208557
9.3966484070	-53.6982536316
9.4291925430	-54.1650047302
9.4618482590	-54.9386863708
9.4946174622	-55.3213005066
9.5275011063	-55.7374229431
9.5604972839	-56.4612998962
9.5936088562	-56.4337005615
9.6268339157	-55.4428558350
9.6601753235	-54.6638374329
9.6936311722	-54.5179061890
9.7272033691	-54.8615455627
9.7608919144	-54.6871032715
9.7946968079	-54.3721351624
9.8286190033	-54.2389450073
9.8626585007	-53.8294258118
9.8968162537	-53.1117172241
9.9310922623	-52.7797927856
9.9654865265	-53.6452941895
10.0000000000	-53.3280258179
10.0346345901	-53.2174911499
10.0693864822	-53.0982437134
10.1042613983	-52.9750785828
10.1392536163	-52.8690414429
10.1743707657	-52.7683448792
10.2096061707	-52.7165527344
10.2449674606	-52.6771888733
10.2804470062	-52.6750717163
10.3160533905	-52.6806373596
10.3517789841	-52.6952476501
10.3876323700	-52.6943855286
10.4236068726	-52.6862258911
10.4597082138	-52.6417007446
10.4959316254	-52.5900726318
10.5322837830	-52.5187301636
10.5687589645	-52.4488601685
10.6053638458	-52.3811340332
10.6420917511	-52.3194274902
10.6789503098	-52.2607192993
10.7159337997	-52.2028808594
10.7530479431	-52.1487731934
10.7902870178	-52.1074485779
10.8276586533	-52.0955772400
10.8651571274	-52.1111907959
10.9027881622	-52.1866493225
10.9405460358	-52.2785530090
10.9784383774	-52.3923263550
11.0164585114	-52.4803047180
11.0546140671	-52.5377235413
11.0928983688	-52.5292282104
11.1313180923	-52.5009613037
11.1698675156	-52.4576568604
11.2085533142	-52.4500541687
11.2473707199	-52.4803848267
11.2863254547	-52.6019973755
11.3254127502	-52.7529258728
11.3646373749	-52.9498672485
11.4039955139	-53.1247024536
11.4434919357	-53.2845802307
11.4831228256	-53.3545341492
11.5228948593	-53.4010543823
11.5628004074	-53.4119453430
11.6028470993	-53.4250602722
11.6430301666	-53.4428215027
11.6833553314	-53.4763984680
11.7238168716	-53.5047721863
11.7644214630	-53.5273170471
11.8051643372	-53.5068321228
11.8460512161	-53.4559707642
11.8870754242	-53.3748283386
11.9282464981	-53.2604179382
11.9695558548	-53.1553993225
12.0110120773	-53.0665740967
12.0526084900	-53.0619773865
12.0943517685	-53.1166229248
12.1362361908	-53.2598495483
12.1782703400	-53.4978752136
12.2204456329	-53.7581100464
12.2627706528	-54.0238571167
12.3052387238	-54.1542663574
12.3478574753	-54.1676406860
12.3906202316	-53.9978370667
12.4335346222	-53.6851501465
12.4765939713	-53.3520355225
12.5198059082	-53.0337791443
12.5631647110	-52.8470916748
12.6066761017	-52.7516937256
12.6503391266	-52.7591705322
12.6941490173	-52.9080924988
12.7381153107	-53.1160392761
12.7822294235	-53.3796348572
12.8264999390	-53.7077026367
12.8709201813	-54.0631828308
12.9154977798	-54.4367752075
12.9602270126	-54.8186988831
13.0051136017	-55.1557464600
13.0501527786	-55.4207687378
13.0953512192	-55.5836563110
13.1407032013	-55.5350418091
13.1862154007	-55.3982429504
13.2318820953	-55.2009887695
13.2777099609	-55.0138664246
13.3236923218	-54.9135017395
13.3698387146	-54.8818321228
13.4161405563	-54.9179801941
13.4626073837	-55.0035285950
13.5092306137	-55.0843200684
13.5560188293	-55.1506652832
13.6029663086	-55.1884689331
13.6500797272	-55.1669502258
13.6973524094	-55.1034469604
13.7447919846	-55.0081253052
13.7923927307	-54.8963851929
13.8401622772	-54.8189353943
13.8880929947	-54.7819366455
13.9361934662	-54.7852249146
13.9844570160	-54.8277053833
14.0328922272	-54.9052429199
14.0814905167	-55.0014610291
14.1302604675	-55.1102752686
14.1791963577	-55.2251701355
14.2283058167	-55.3424758911
14.2775802612	-55.4875526428
14.3270301819	-55.6844215393
14.3766469955	-55.9511909485
14.4264402390	-56.3104743958
14.4764013290	-56.7282142639
14.5265398026	-57.1558341980
14.5768480301	-57.5722274780
14.6273345947	-57.9594535828
14.6779909134	-58.2875862122
14.7288274765	-58.5311050415
14.7798366547	-58.6893615723
14.8310260773	-58.7772941589
14.8823881149	-58.8287506104
14.9339323044	-58.9304084778
14.9856519699	-59.1851196289
15.0375537872	-59.5991439819
15.0896310806	-60.1306610107
15.1418933868	-60.6937866211
15.1943330765	-61.1522140503
15.2469577789	-61.3447685242
15.2997608185	-61.3796539307
15.3527507782	-61.3393554688
15.4059200287	-61.2858390808
15.4592771530	-61.2574920654
15.5128154755	-61.2688980103
15.5665435791	-61.3250045776
15.6204538345	-61.4048614502
15.6745538712	-61.5016059875
15.7288379669	-61.6151123047
15.7833137512	-61.7496757507
15.8379745483	-61.9120483398
15.8928289413	-62.1131134033
15.9478731155	-62.3852005005
16.0031032562	-62.7330169678
16.0585289001	-63.1091957092
16.1141433716	-63.4097480774
16.1699523926	-63.5389022827
16.2259521484	-63.4835777283
16.2821502686	-63.3577804565
16.3385391235	-63.3385658264
16.3951263428	-63.5241470337
16.4519062042	-63.8103981018
16.5088863373	-64.0761260986
16.5660591125	-64.2715911865
16.6234340668	-64.4396133423
16.6810054779	-64.6596450806
16.7387790680	-64.9746932983
16.7967472076	-65.3530502319
16.8549232483	-65.7054214478
16.9132938385	-65.9337692261
16.9718723297	-65.9829025269
17.0306491852	-65.9267730713
17.0896339417	-65.9009704590
17.1488189697	-66.0182800293
17.2082138062	-66.3080368042
17.2678089142	-66.6887054443
17.3276138306	-67.0123977661
17.3876228333	-67.1762390137
17.4478435516	-67.1951065063
17.5082683563	-67.1622695923
17.5689086914	-67.1671371460
17.6297531128	-67.2717361450
17.6908130646	-67.5260543823
17.7520790100	-67.9513702393
17.8135623932	-68.4945678711
17.8752536774	-69.0156631470
17.9371643066	-69.3711700439
17.9992828369	-69.5514602661
18.0616226196	-69.6791534424
18.1241741180	-69.8373260498
18.1869468689	-69.9680480957
18.2499313354	-69.9664459229
18.3131389618	-69.8512573242
18.3765602112	-69.7671356201
18.4402065277	-69.8178558350
18.5040683746	-69.9922561646
18.5681571960	-70.1700210571
18.6324615479	-70.2668075562
18.6969947815	-70.3211135864
18.7617454529	-70.4401397705
18.8267250061	-70.6962432861
18.8919258118	-71.0816650391
18.9573574066	-71.5214157104
19.0230102539	-71.9210510254
19.0888957977	-72.2165298462
19.1550025940	-72.3834991455
19.2213459015	-72.4219818115
19.2879123688	-72.3557968140
19.3547153473	-72.2314605713
19.4217453003	-72.0867996216
19.4890098572	-72.1937942505
19.5565052032	-72.5672607422
19.6242370605	-73.1734313965
19.6921997070	-73.8744659424
19.7604026794	-74.4535751343
19.8288364410	-74.7882766724
19.8975124359	-74.9569854736
19.9664268494	-75.0975723267
20.0355739594	-75.2312393188
20.1049671173	-75.2540740967
20.1745929718	-75.0697631836
20.2444667816	-74.7241134644
20.3145771027	-74.3251800537
20.3849372864	-74.4259643555
20.4555339813	-74.8653106689
20.5263805389	-75.4018554688
20.5974674225	-75.7714843750
20.6688041687	-75.8295898438
20.7403850555	-75.6912307739
20.8122177124	-75.5568466187
20.8842945099	-75.5026550293
20.9566268921	-75.5149307251
21.0292034149	-75.5843887329
21.1020374298	-75.7514419556
21.1751174927	-76.0060653687
21.2484550476	-76.2927780151
21.3220424652	-76.5648803711
21.3958911896	-76.9892425537
21.4699878693	-77.5580520630
21.5443496704	-77.9929809570
21.6189613342	-78.3134841919
21.6938362122	-78.3976974487
21.7689666748	-78.2650070190
21.8443622589	-78.0142440796
21.9200134277	-78.0112228394
21.9959316254	-78.1317825317
22.0721073151	-78.1933288574
22.1485538483	-78.1793441772
22.2252578735	-78.3271942139
22.3022346497	-78.8209304810
22.3794708252	-79.2292633057
22.4569816589	-79.5155029297
22.5347537994	-79.6595230103
22.6128025055	-79.6404953003
22.6911144257	-79.5803833008
22.7697048187	-79.5488739014
22.8485603333	-79.6128234863
22.9276943207	-79.9010086060
23.0070972443	-80.1588821411
23.0867805481	-80.1689453125
23.1667346954	-80.0876998901
23.2469711304	-80.0574417114
23.3274803162	-80.0667572021
23.4082736969	-80.1234664917
23.4893398285	-80.3574981689
23.5706958771	-80.5824890137
23.6523246765	-80.6132507324
23.7342433929	-80.6202316284
23.8164386749	-80.8298492432
23.8989257813	-81.2520141602
23.9816932678	-81.4999084473
24.0647525787	-81.5636367798
24.1480922699	-81.4670639038
24.2317276001	-81.4749450684
24.3156471252	-81.7237777710
24.3998641968	-82.0890808105
24.4843635559	-82.2219238281
24.5691642761	-82.0133285522
24.6542530060	-81.4896240234
24.7396411896	-81.1523895264
24.8253192902	-81.1420440674
24.9113006592	-81.6904373169
24.9975719452	-82.1734848022
25.0841503143	-82.5649948120
25.1710281372	-82.7131881714
25.2581996918	-82.8070831299
25.3456802368	-82.8885650635
25.4334583282	-82.8359985352
25.5215454102	-82.8180389404
25.6099300385	-82.9403457642
25.6986293793	-83.0809555054
25.7876281738	-83.2686080933
25.8769435883	-83.3260879517
25.9665584564	-83.1944732666
26.0564937592	-83.0920257568
26.1467323303	-83.1197891235
26.2372894287	-83.1237487793
26.3281536102	-82.8908386230
26.4193401337	-82.5844421387
26.5108356476	-82.5725936890
26.6026535034	-82.9403610229
26.6947841644	-83.2980346680
26.7872409821	-83.3969650269
26.8800086975	-83.3010559082
26.9731063843	-83.0528335571
27.0665187836	-82.5498809814
27.1602630615	-82.3228378296
27.2543239594	-82.7105636597
27.3487186432	-83.2780227661
27.4434318542	-83.3651580811
27.5384807587	-83.0928955078
27.6338520050	-82.9308471680
27.7295608521	-83.0583038330
27.8255920410	-83.3303222656
27.9219646454	-83.5557174683
28.0186634064	-83.7508468628
28.1157054901	-83.8451385498
28.2130756378	-83.6877212524
28.3107891083	-83.3163375854
28.4088344574	-82.9819641113
28.5072269440	-82.7842330933
28.6059532166	-82.9029159546
28.7050285339	-83.2900543213
28.8044395447	-83.6183929443
28.9042015076	-83.8206176758
29.0043029785	-83.9968872070
29.1047573090	-84.0842666626
29.2055530548	-84.1893997192
29.3067054749	-84.3889160156
29.4081993103	-84.5607604980
29.5100536346	-84.6888809204
29.6122512817	-84.8691024780
29.7148113251	-84.8395538330
29.8177204132	-84.5910491943
29.9209918976	-84.4532241821
30.0246143341	-83.4942016602
30.1286029816	-83.4752120972
30.2329425812	-83.4636993408
30.3376541138	-83.4697723389
30.4427185059	-83.5038528442
30.5481548309	-83.5745773315
30.6539497375	-83.6870117188
30.7601184845	-83.8421707153
30.8666458130	-84.0169677734
30.9735507965	-84.1855850220
31.0808181763	-84.3296051025
31.1884651184	-84.4368362427
31.2964763641	-84.5028228760
31.4048690796	-84.5303192139
31.5136299133	-84.5234603882
31.6227760315	-84.4893875122
31.7322998047	-84.4248504639
31.8421955109	-84.3269042969
31.9524784088	-84.1961746216
32.0631370544	-84.0393905640
32.1741867065	-83.8702697754
32.2856101990	-83.7119293213
32.3974304199	-83.5861129761
32.5096282959	-83.5051193237
32.6222229004	-83.4751892090
32.7351989746	-83.4962692261
32.8485755920	-83.5630187988
32.9623374939	-83.6668090820
33.0764999390	-83.7983169556
33.1910514832	-83.9498596191
33.3060073853	-84.1171264648
33.4213523865	-84.2933120728
33.5371055603	-84.4690246582
33.6532516479	-84.6307144165
33.7698059082	-84.7627563477
33.8867568970	-84.8515853882
34.0041236877	-84.8896102905
34.1218833923	-84.8768234253
34.2400627136	-84.8198165894
34.3586425781	-84.7293472290
34.4776420593	-84.6181640625
34.5970458984	-84.4997940063
34.7168693542	-84.3873138428
34.8371009827	-84.2921371460
34.9577598572	-84.2201690674
35.0788230896	-84.1710891724
35.2003173828	-84.1424789429
35.3222236633	-84.1331253052
35.4445610046	-84.1460037231
35.5673103333	-84.1885452271
35.6904945374	-84.2695312500
35.8140983582	-84.3939056396
35.9381370544	-84.5577011108
36.0625991821	-84.7450027466
36.1875000000	-84.9289093018
36.3128242493	-85.0770339966
36.4385910034	-85.1614608765
36.5647850037	-85.1694793701
36.6914253235	-85.1092987061
36.8184928894	-84.9543075562
36.9460144043	-84.8395080566
37.0739631653	-84.7425231934
37.2023696899	-84.6642379761
37.3312072754	-84.5964050293
37.4605026245	-84.5327758789
37.5902328491	-84.4778823853
37.7204246521	-84.4476776123
37.8510589600	-84.4618835449
37.9821548462	-84.5330200195
38.1136932373	-84.6576690674
38.2456970215	-84.8139114380
38.3781509399	-84.9671478271
38.5110702515	-85.0836791992
38.6444396973	-85.1457519531
38.7782859802	-85.1576385498
38.9125823975	-85.1386337280
39.0473518372	-85.1096343994
39.1825790405	-85.0834579468
39.3182868958	-85.0627517700
39.4544525146	-85.0435409546
39.5911026001	-85.0206832886
39.7282142639	-84.9922637939
39.8658103943	-84.9483337402
40.0038833618	-84.9211578369
40.1424255371	-84.9234542847
40.2814559937	-84.9415664673
40.4209594727	-84.9707641602
40.5609550476	-85.0043182373
40.7014236450	-85.0350112915
40.8423919678	-85.0550155640
40.9838371277	-85.0553512573
41.1257820129	-85.0268783569
41.2682075500	-84.9152908325
41.4111366272	-84.7484207153
41.5545539856	-84.6248092651
41.6984748840	-84.5177459717
41.8428840637	-84.4464874268
41.9878044128	-84.4229125977
42.1332168579	-84.4470520020
42.2791442871	-84.5424957275
42.4255638123	-84.6494903564
42.5725021362	-84.7135848999
42.7199363708	-84.7844924927
42.8678970337	-84.8817901611
43.0163574219	-85.0174560547
43.1653404236	-85.2716445923
43.3148307800	-85.5018844604
43.4648475647	-85.5776290894
43.6153755188	-85.5734786987
43.7664337158	-85.5055236816
43.9180068970	-85.4115066528
44.0701141357	-85.3114929199
44.2227363586	-85.2896728516
44.3759002686	-85.3050842285
44.5295829773	-85.3078231812
44.6838073730	-85.2533416748
44.8385581970	-85.1742706299
44.9938507080	-85.1498641968
45.1496734619	-85.1685867310
45.3060493469	-85.2248382568
45.4629516602	-85.3238983154
45.6204109192	-85.3733444214
45.7784004211	-85.3551712036
45.9369544983	-85.3104171753
46.0960426331	-85.2376022339
46.2556915283	-85.1885986328
46.4158859253	-85.1710433960
46.5766448975	-85.1552047729
46.7379455566	-85.1249313354
46.8998222351	-85.0979614258
47.0622444153	-85.0933227539
47.2252426147	-85.1087417603
47.3887901306	-85.1331710815
47.5529212952	-85.1486053467
47.7176055908	-85.1640243530
47.8828735352	-85.1924972534
48.0486984253	-85.2271347046
48.2151145935	-85.2544708252
48.3820915222	-85.3074493408
48.5496597290	-85.3720016479
48.7177963257	-85.4131927490
48.8865280151	-85.4545593262
49.0558319092	-85.4887695313
49.2257347107	-85.5323562622
49.3962097168	-85.6567077637
49.5672912598	-85.8036422729
49.7389526367	-85.8594284058
49.9112205505	-85.8069992065
50.0840721130	-85.6561965942
50.2575378418	-85.5564956665
50.4316024780	-85.5016784668
50.6062545776	-85.5401840210
50.7815284729	-85.6036605835
50.9573936462	-85.6159591675
51.1338806152	-85.5862350464
51.3109664917	-85.5373153687
51.4886817932	-85.5338211060
51.6669960022	-85.6180343628
51.8459396362	-85.7553176880
52.0254936218	-85.8515777588
52.2056808472	-85.9357681274
52.3864784241	-85.9266738892
52.5679168701	-85.8138885498
52.7499694824	-85.6500854492
52.9326667786	-85.5183563232
53.1159820557	-85.3208389282
53.2999458313	-85.1821594238
53.4845352173	-85.1893310547
53.6697731018	-85.3005142212
53.8556442261	-85.4250183105
54.0421676636	-85.4903488159
54.2293281555	-85.5274658203
54.4171485901	-85.6187744141
54.6056022644	-85.7928543091
54.7947273254	-85.9782028198
54.9844932556	-86.1023178101
55.1749267578	-86.1665573120
55.3660087585	-86.1769104004
55.5577659607	-86.1531372070
55.7501716614	-86.0969924927
55.9432601929	-86.0332641602
56.1370010376	-85.9620361328
56.3314323425	-85.8517608643
56.5265159607	-85.6510848999
56.7222938538	-85.4071350098
56.9187316895	-85.2118453979
57.1158676147	-85.1210174561
57.3136711121	-85.1491088867
57.5121726990	-85.2525024414
57.7113494873	-85.3494186401
57.9112281799	-85.4851226807
58.1117858887	-85.6545257568
58.3130531311	-85.8062057495
58.5150032043	-85.8891067505
58.7176666260	-85.8810424805
58.9210166931	-85.8310775757
59.1250877380	-85.8051223755
59.3298454285	-85.7884750366
59.5353317261	-85.7539062500
59.7415161133	-85.7208480835
59.9484252930	-85.7007980347
60.1560401917	-85.7012557983
60.3643875122	-85.7254257202
60.5734405518	-85.7811508179
60.7832336426	-85.8324584961
60.9937362671	-85.8595275879
61.2049865723	-85.8069686890
61.4169502258	-85.7029647827
61.6296615601	-85.5747604370
61.8430976868	-85.4122085571
62.0572891235	-85.3214721680
62.2722053528	-85.3278121948
62.4878807068	-85.5430755615
62.7042884827	-85.8254241943
62.9214630127	-86.0678634644
63.1393852234	-86.1684265137
63.3580513000	-86.0799560547
63.5774879456	-86.0203933716
63.7976684570	-86.0278244019
64.0186309814	-86.0646743774
64.2403335571	-85.9906692505
64.4628295898	-85.8586196899
64.6860733032	-85.7657775879
64.9101104736	-85.7935714722
65.1349105835	-85.9123535156
65.3604965210	-85.9808502197
65.5868530273	-86.0307540894
65.8140106201	-86.0886917114
66.0419387817	-86.0745468140
66.2706680298	-85.9853515625
66.5001754761	-85.9376907349
66.7304992676	-85.9662628174
66.9616012573	-86.1094284058
67.1935195923	-86.3137207031
67.4262161255	-86.4733581543
67.6597442627	-86.5134048462
67.8940658569	-86.4800109863
68.1292114258	-86.4554061890
68.3651580811	-86.5166854858
68.6019363403	-86.6525955200
68.8395156860	-86.6844024658
69.0779418945	-86.4731597900
69.3171691895	-86.1264343262
69.5572433472	-85.9182128906
69.7981338501	-85.8335037231
70.0398788452	-85.8355484009
70.2824401855	-85.8638534546
70.5258560181	-85.8737716675
70.7701034546	-85.8638076782
71.0152130127	-85.8359527588
71.2611465454	-85.8594589233
71.5079574585	-85.9840087891
71.7555999756	-86.1417236328
72.0041275024	-86.2405776978
72.2534866333	-86.2532882690
72.5037384033	-86.1704254150
72.7548294067	-85.9735031128
73.0068130493	-85.7091369629
73.2596511841	-85.5181427002
73.5133819580	-85.5173721313
73.7679672241	-85.6931152344
74.0234603882	-85.9473419189
74.2798156738	-86.1844100952
74.5370788574	-86.2876205444
74.7952194214	-86.1611022949
75.0542678833	-85.8943939209
75.3141937256	-85.6764526367
75.5750427246	-85.5768280029
75.8367691040	-85.5704956055
76.0994262695	-85.6589508057
76.3629760742	-85.8382186890
76.6274566650	-86.0066299438
76.8928298950	-86.0367584229
77.1591415405	-85.9493942261
77.4263610840	-85.8252716064
77.6945190430	-85.6248779297
77.9635925293	-85.4792404175
78.2336120605	-85.4927368164
78.5045547485	-85.5956878662
78.7764511108	-85.7434005737
79.0492630005	-85.8435516357
79.3230514526	-85.8197555542
79.5977783203	-85.7167892456
79.8734436035	-85.7562637329
80.1500778198	-86.0303115845
80.4276504517	-86.4012908936
80.7062149048	-86.5482788086
80.9857101440	-86.3612289429
81.2662048340	-86.0168533325
81.5476379395	-85.8076553345
81.8300781250	-85.7485275269
82.1134719849	-85.7833251953
82.3978652954	-85.9265365601
82.6832275391	-86.0407180786
82.9695968628	-86.0096359253
83.2569351196	-85.8729248047
83.5452880859	-85.6970825195
83.8346252441	-85.7025222778
84.1249771118	-85.9034881592
84.4163208008	-86.1729278564
84.7086944580	-86.2977218628
85.0020523071	-86.3988418579
85.2964553833	-86.5489044189
85.5918502808	-86.5058670044
85.8882904053	-86.0676956177
86.1857376099	-85.6594161987
86.4842376709	-85.4618301392
86.7837524414	-85.5496292114
87.0843200684	-85.6643753052
87.3859100342	-85.6434936523
87.6885681152	-85.6196517944
87.9922485352	-85.7707519531
88.2970046997	-86.0488433838
88.6027908325	-86.2746124268
88.9096679688	-86.3386077881
89.2175750732	-86.2282943726
89.5265808105	-86.0976486206
89.8366241455	-86.2087173462
90.1477661133	-86.4192733765
90.4599685669	-86.3168792725
90.7732696533	-85.9731140137
91.0876312256	-85.7589645386
91.4031143188	-85.7525177002
91.7196578979	-85.8758468628
92.0373229980	-85.9720535278
92.3560638428	-85.8414382935
92.6759338379	-85.6296615601
92.9968872070	-85.7436065674
93.3189773560	-86.1433639526
93.6421585083	-86.3107299805
93.9664840698	-86.2257003784
94.2919082642	-86.1718750000
94.6184844971	-86.0821380615
94.9461669922	-85.9290237427
95.2750091553	-85.8732910156
95.6049652100	-85.9720458984
95.9360885620	-86.0103988647
96.2683258057	-85.9668350220
96.6017532349	-85.9719390869
96.9363021851	-85.9887008667
97.2720336914	-85.9435958862
97.6089019775	-85.8783493042
97.9469680786	-85.8897018433
98.2861785889	-86.0039978027
98.6265869141	-86.0471649170
98.9681472778	-86.1415863037
99.3109207153	-86.2481613159
99.6548461914	-86.0722579956
100.0000000000	-85.9303512573
100.3463439941	-85.9047164917
100.6938934326	-85.8681945801
101.0425872803	-85.8139648438
101.3925399780	-85.7534790039
101.7437057495	-85.6876983643
102.0960922241	-85.6246414185
102.4496383667	-85.5728912354
102.8044738770	-85.5335998535
103.1605300903	-85.5191421509
103.5178222656	-85.5294494629
103.8762969971	-85.5566940308
104.2360610962	-85.6016464233
104.5970840454	-85.6560440063
104.9593505859	-85.7065200806
105.3228149414	-85.7494659424
105.6875915527	-85.7685852051
106.0536346436	-85.7639083862
106.4209518433	-85.7400512695
106.7894744873	-85.6963577271
107.1593322754	-85.6364822388
107.5304794312	-85.5740203857
107.9029006958	-85.5125045776
108.2765579224	-85.4596405029
108.6515731812	-85.4246215820
109.0278854370	-85.4057693481
109.4054946899	-85.4037551880
109.7843551636	-85.4224472046
110.1645889282	-85.4536285400
110.5461349487	-85.4915161133
110.9290084839	-85.5341033936
111.3131484985	-85.5808486938
111.6986770630	-85.6334457397
112.0855407715	-85.6916580200
112.4737396240	-85.7547225952
112.8632278442	-85.8197708130
113.2541198730	-85.8755950928
113.6463699341	-85.9173507690
114.0399856567	-85.9426803589
114.4348907471	-85.9499816895
114.8312301636	-85.9384689331
115.2289428711	-85.9172668457
115.6280364990	-85.8867568970
116.0284423828	-85.8472747803
116.4303054810	-85.7977523804
116.8335571289	-85.7450408936
117.2382049561	-85.7001724243
117.6441879272	-85.6713867188
118.0516433716	-85.6660308838
118.4605102539	-85.6932830811
118.8707885742	-85.7471084595
119.2824249268	-85.8116760254
119.6955566406	-85.8745422363
120.1101150513	-85.9227600098
120.5261154175	-85.9418258667
120.9434814453	-85.9205627441
121.3623657227	-85.8769989014
121.7826995850	-85.8267669678
122.2044906616	-85.7853240967
122.6276702881	-85.7650604248
123.0523834229	-85.7712707520
123.4785690308	-85.7862777710
123.9062347412	-85.7872543335
124.3353118896	-85.7625961304
124.7659378052	-85.7103652954
125.1980590820	-85.6382904053
125.6316757202	-85.5614547729
126.0667953491	-85.4986343384
126.5033569336	-85.4536285400
126.9414901733	-85.4258880615
127.3811492920	-85.4151611328
127.8223266602	-85.4227981567
128.2649688721	-85.4519348145
128.7091979980	-85.5062561035
129.1549835205	-85.5893402100
129.6023101807	-85.6934585571
130.0511016846	-85.8029785156
130.5015258789	-85.9003753662
130.9535217285	-85.9695281982
131.4070739746	-86.0014572144
131.8621215820	-85.9980010986
132.3188171387	-85.9714889526
132.7770996094	-85.9394836426
133.2369689941	-85.9174118042
133.6983489990	-85.9101943970
134.1614074707	-85.9124755859
134.6260681152	-85.9178771973
135.0923461914	-85.9219055176
135.5601501465	-85.9231033325
136.0296630859	-85.9221954346
136.5007934570	-85.9204177856
136.9735565186	-85.9175491333
137.4478759766	-85.9100646973
137.9239349365	-85.8902587891
138.4016265869	-85.8483352661
138.8809661865	-85.7784957886
139.3618927002	-85.6863861084
139.8445739746	-85.5921401978
140.3289184570	-85.5193634033
140.8149414063	-85.4794845581
141.3025665283	-85.4663772583
141.7919616699	-85.4597396851
142.2830505371	-85.4378204346
142.7758483887	-85.3923416138
143.2702636719	-85.3352813721
143.7664794922	-85.2920761108
144.2644042969	-85.2862167358
144.7640533447	-85.3251266479
145.2653656006	-85.3950347900
145.7684783936	-85.4672927856
146.2733459473	-85.5130996704
146.7799530029	-85.5192184448
147.2882385254	-85.4804534912
147.7983703613	-85.4515457153
148.3102569580	-85.4450073242
148.8239288330	-85.4555435181
149.3392791748	-85.4598464966
149.8565216064	-85.4367294312
150.3755340576	-85.3866729736
150.8963623047	-85.3316802979
151.4188995361	-85.2964172363
151.9433288574	-85.2914199829
152.4695739746	-85.3117828369
152.9976501465	-85.3459320068
153.5274658203	-85.3819961548
154.0592041016	-85.4085769653
154.5927734375	-85.4163513184
155.1282043457	-85.4033660889
155.6653900146	-85.3771286011
156.2045288086	-85.3477706909
156.7455444336	-85.3187713623
157.2884216309	-85.2858276367
157.8330993652	-85.2452545166
158.3797454834	-85.2022094727
158.9282836914	-85.1618347168
159.4787292480	-85.1570129395
160.0310668945	-85.1624298096
160.5852508545	-85.1562347412
161.1414337158	-85.1325683594
161.6995391846	-85.0965423584
162.2595672607	-85.0571594238
162.8214569092	-85.0186614990
163.3853912354	-84.9792785645
163.9512634277	-84.9388809204
164.5191040039	-84.9078598022
165.0888214111	-84.9574584961
165.6605987549	-85.0605926514
166.2343444824	-85.1971206665
166.8100891113	-85.3314819336
167.3877410889	-85.4319381714
167.9674835205	-85.4880065918
168.5492248535	-85.5103759766
169.1329956055	-85.5091552734
169.7186889648	-85.4733810425
170.3064880371	-85.4189682007
170.8963470459	-85.3522949219
171.4882354736	-85.2968902588
172.0820770264	-85.2736053467
172.6780853271	-85.3079757690
173.2761383057	-85.3757629395
173.8762817383	-85.4137878418
174.4783935547	-85.4324264526
175.0826873779	-85.4287490845
175.6890869141	-85.3923187256
176.2975769043	-85.3546981812
176.9080810547	-85.3470077515
177.5207824707	-85.3560638428
178.1356201172	-85.3759613037
178.7525939941	-85.3997039795
179.3715972900	-85.3855133057
179.9928436279	-85.3355026245
180.6162414551	-85.2570190430
181.2417907715	-85.1669769287
181.8694152832	-85.0749282837
182.4993133545	-85.0756301880
183.1313934326	-85.1307678223
183.7656555176	-85.1851806641
184.4020233154	-85.1659088135
185.0406799316	-85.0252685547
185.6815643311	-84.9006576538
186.3246612549	-84.8071899414
186.9698944092	-84.7787551880
187.6174468994	-84.8350372314
188.2672576904	-84.8821182251
188.9193115234	-84.9118041992
189.5735168457	-84.9098358154
190.2301025391	-84.9015045166
190.8889465332	-84.8853607178
191.5500793457	-84.8240509033
192.2134094238	-84.7357864380
192.8791351318	-84.6897354126
193.5471496582	-84.6777267456
194.2174987793	-84.6984329224
194.8900604248	-84.7049179077
195.5650482178	-84.6941452026
196.2423706055	-84.6851654053
196.9220581055	-84.6841964722
197.6039733887	-84.6674957275
198.2883758545	-84.6277465820
198.9751281738	-84.5959930420
199.6642761230	-84.5613098145
200.3558044434	-84.5414581299
201.0496063232	-84.5387573242
201.7459411621	-84.5771789551
202.4446716309	-84.6848144531
203.1458282471	-84.8329772949
203.8493041992	-84.8980331421
204.5553283691	-84.8358764648
205.2637939453	-84.6455078125
205.9747161865	-84.4785766602
206.6879882813	-84.4284744263
207.4038391113	-84.4546279907
208.1221771240	-84.5019226074
208.8430023193	-84.6022338867
209.5662078857	-84.7156372070
210.2920227051	-84.8024978638
211.0203704834	-84.8543777466
211.7512207031	-84.8826065063
212.4844970703	-84.8989562988
213.2204284668	-84.8955001831
213.9589080811	-84.8704223633
214.6999511719	-84.8432006836
215.4434356689	-84.8155822754
216.1896057129	-84.7470016479
216.9383697510	-84.3772964478
217.6897277832	-83.0676040649
218.4435577393	-79.8537368774
219.2001342773	-76.7486801147
219.9593200684	-74.6512069702
220.7211456299	-73.9257507324
221.4854736328	-74.8487319946
222.2525787354	-77.1347656250
223.0223388672	-80.2921447754
223.7947692871	-83.3204727173
224.5697479248	-84.3710098267
225.3475341797	-84.5634994507
226.1280212402	-84.4758682251
226.9112091064	-84.3664703369
227.6969757080	-84.3115539551
228.4855957031	-84.2893600464
229.2769470215	-84.2665328979
230.0710296631	-84.2650146484
230.8677520752	-84.3181610107
231.6673431396	-84.3908843994
232.4697113037	-84.4213256836
233.2748718262	-84.3698043823
234.0826721191	-84.2787170410
234.8934020996	-84.2713928223
235.7069549561	-84.3206024170
236.5233154297	-84.3417816162
237.3423614502	-84.2681808472
238.1643981934	-84.1350250244
238.9892578125	-84.1141052246
239.8169860840	-84.2081222534
240.6474609375	-84.3394775391
241.4809265137	-84.4139709473
242.3172912598	-84.3924484253
243.1565399170	-84.3529434204
243.9985656738	-84.3468704224
244.8436431885	-84.3134536743
245.6916503906	-84.2317810059
246.5425872803	-84.1367568970
247.3963470459	-84.0737380981
248.2531890869	-84.0816726685
249.1130065918	-84.1056747437
249.9757995605	-84.1033172607
250.8414306641	-84.0562744141
251.7102203369	-84.0257186890
252.5820007324	-84.0329589844
253.4568023682	-84.0587234497
254.3346405029	-84.0482406616
255.2153778076	-84.0000000000
256.0993041992	-83.9283599854
256.9862976074	-83.9141159058
257.8763427734	-83.9604034424
258.7693481445	-84.0488128662
259.6655883789	-84.1607208252
260.5649414063	-84.1657867432
261.4673767090	-84.0983886719
262.3728332520	-84.0486221313
263.2815246582	-84.1031875610
264.1933898926	-84.2576370239
265.1084289551	-84.3681488037
266.0264587402	-84.3961410522
266.9478454590	-84.3791809082
267.8724060059	-84.2851104736
268.8001708984	-84.1921768188
269.7309875488	-84.2089691162
270.6651916504	-84.2869110107
271.6026306152	-84.3622436523
272.5433044434	-84.4655151367
273.4870910645	-84.6144027710
274.4343261719	-84.7116851807
275.3847961426	-84.6809082031
276.3385925293	-84.5358200073
277.2955322266	-84.3954467773
278.2559204102	-84.2943649292
279.2196350098	-84.2265625000
280.1867065430	-84.1713562012
281.1569824219	-84.1138839722
282.1307373047	-84.0719909668
283.1079101563	-84.1118927002
284.0884399414	-84.2437057495
285.0722045898	-84.3109054565
286.0595397949	-84.2243194580
287.0502929688	-84.1253433228
288.0444641113	-84.1470565796
289.0419311523	-84.1968612671
290.0430297852	-84.1076354980
291.0475769043	-83.9704055786
292.0556030273	-84.0062026978
293.0669555664	-84.1337814331
294.0820007324	-84.1460113525
295.1005249023	-84.1389465332
296.1225891113	-84.1825561523
297.1480407715	-84.1821060181
298.1771850586	-84.2314910889
299.2099304199	-84.3917617798
300.2462158203	-84.2429122925
301.2859497070	-84.1954116821
302.3294372559	-84.1398315430
303.3765258789	-84.0768280029
304.4272766113	-84.0177917480
305.4814758301	-83.9651336670
306.5394897461	-83.9270553589
307.6011657715	-83.9076690674
308.6665344238	-83.8990783691
309.7354125977	-83.9125518799
310.8081665039	-83.9339141846
311.8846435547	-83.9628906250
312.9648437500	-83.9955215454
314.0486145020	-84.0252151489
315.1362915039	-84.0493469238
316.2277526855	-84.0574722290
317.3229980469	-84.0556259155
318.4220275879	-84.0359344482
319.5247192383	-84.0043869019
320.6313781738	-83.9678115845
321.7418518066	-83.9301376343
322.8562011719	-83.8993148804
323.9742126465	-83.8732528687
325.0962829590	-83.8543624878
326.2222290039	-83.8315811157
327.3520812988	-83.8043365479
328.4856872559	-83.7616729736
329.6233825684	-83.7114105225
330.7650146484	-83.6571350098
331.9106140137	-83.6063003540
333.0599670410	-83.5638732910
334.2135314941	-83.5268783569
335.3710632324	-83.4946746826
336.5325927734	-83.4577636719
337.6979675293	-83.4164810181
338.8675842285	-83.3681030273
340.0412292480	-83.3190689087
341.2189331055	-83.2738418579
342.4005432129	-83.2352752686
343.5864257813	-83.2117919922
344.7764282227	-83.1969146729
345.9705505371	-83.1902160645
347.1686096191	-83.1924972534
348.3710327148	-83.1964187622
349.5775756836	-83.1996536255
350.7883300781	-83.1987457275
352.0030822754	-83.1885833740
353.2222290039	-83.1721191406
354.4455871582	-83.1496124268
355.6731872559	-83.1206817627
356.9048461914	-83.0883331299
358.1409912109	-83.0531921387
359.3813781738	-83.0153350830
360.6260986328	-82.9750595093
361.8749084473	-82.9341812134
363.1282348633	-82.8926391602
364.3859252930	-82.8501129150
365.6479492188	-82.8053359985
366.9141540527	-82.7601928711
368.1849365234	-82.7164382935
369.4601440430	-82.6779632568
370.7397460938	-82.6514663696
372.0235900879	-82.6341552734
373.3120727539	-82.6237487793
374.6050109863	-82.6163940430
375.9024353027	-82.5950469971
377.2041625977	-82.5456237793
378.5105895996	-82.4536209106
379.8215332031	-82.3029327393
381.1370239258	-82.0287857056
382.4568786621	-81.6185150146
383.7814941406	-81.0559310913
385.1107177734	-80.3263473511
386.4445190430	-79.4038543701
387.7827453613	-78.3106231689
389.1258239746	-77.1423797607
390.4735412598	-75.9442062378
391.8259277344	-74.7586898804
393.1827697754	-73.6347351074
394.5445556641	-72.6061019897
395.9110412598	-71.6767196655
397.2822570801	-70.8644866943
398.6582031250	-70.1894073486
400.0387268066	-69.6881942749
401.4242553711	-69.4041976929
402.8145751953	-69.2790222168
404.2096862793	-69.2572631836
405.6094360352	-69.2555847168
407.0142517090	-69.1691284180
408.4239196777	-68.8557128906
409.8384704590	-68.3359527588
411.2576904297	-67.7344360352
412.6820678711	-67.1475601196
414.1113891602	-66.6535644531
415.5456237793	-66.3017501831
416.9846191406	-66.1217575073
418.4288330078	-66.1022491455
419.8780517578	-66.1746749878
421.3322753906	-66.2752990723
422.7913208008	-66.3332519531
424.2556152344	-66.2879714966
425.7250061035	-66.1091613770
427.1994934082	-65.8161926270
428.6788330078	-65.4978408813
430.1635437012	-65.2514495850
431.6534118652	-65.1378479004
433.1484069824	-65.1908874512
434.6483764648	-65.4130096436
436.1537475586	-65.7726974487
437.6643676758	-66.2051162720
439.1801757813	-66.6204681396
440.7010192871	-66.9181289673
442.2273559570	-67.0769653320
443.7590026855	-67.1668624878
445.2959289551	-67.2797241211
446.8379516602	-67.4916381836
448.3855590820	-67.8408203125
449.9385375977	-68.3248672485
451.4968566895	-68.9115066528
453.0603637695	-69.5533828735
454.6295166016	-70.2001800537
456.2041015625	-70.8055191040
457.7841491699	-71.3378524780
459.3694152832	-71.7938842773
460.9604187012	-72.2163772583
462.5569152832	-72.6576461792
464.1589660645	-73.1653823853
465.7662963867	-73.7724380493
467.3794555664	-74.4853515625
468.9981994629	-75.2743759155
470.6225585938	-76.0826187134
472.2522888184	-76.8611373901
473.8879089355	-77.6066284180
475.5292053223	-78.3577957153
477.1761779785	-79.1486282349
478.8285827637	-79.9615402222
480.4869995117	-80.7268371582
482.1511230469	-81.3678131104
483.8210449219	-81.8497390747
485.4964599609	-82.1839218140
487.1779479980	-82.3991622925
488.8652954102	-82.5250549316
490.5584411621	-82.5780334473
492.2572021484	-82.6259384155
493.9620971680	-82.6700057983
495.6729125977	-82.7207946777
497.3896789551	-82.7694625854
499.1120910645	-82.7890777588
500.8407287598	-82.7308425903
502.5753784180	-82.5274887085
504.3160095215	-82.1346969604
506.0626831055	-81.3347854614
507.8151245117	-80.7591323853
509.5739440918	-80.7435760498
511.3388061523	-81.0445556641
513.1098022461	-81.5566864014
514.8866577148	-82.0916824341
516.6699829102	-82.4721679688
518.4594116211	-82.6401748657
520.2550659180	-82.6578750610
522.0566406250	-82.6153411865
523.8648071289	-82.5694808960
525.6791992188	-82.5421676636
527.4998168945	-82.5363082886
529.3265380859	-82.5451354980
531.1597900391	-82.5562744141
532.9994506836	-82.5584716797
534.8454589844	-82.5476226807
536.6975708008	-82.5549240112
538.5563964844	-82.5865478516
540.4216918945	-82.6290893555
542.2933959961	-82.6657485962
544.1713256836	-82.6877059937
546.0560302734	-82.6996765137
547.9472656250	-82.7096023560
549.8450927734	-82.7125473022
551.7491455078	-82.6869964600
553.6600952148	-82.5510253906
555.5776367188	-82.3565826416
557.5018920898	-82.2511672974
559.4324340820	-82.2013015747
561.3700561523	-82.2068023682
563.3143310547	-82.2454376221
565.2653198242	-82.2871322632
567.2227783203	-82.3071365356
569.1873168945	-82.2797470093
571.1586914063	-82.2405319214
573.1368408203	-82.1866607666
575.1215820313	-82.1106719971
577.1134643555	-82.0097808838
579.1123046875	-81.8511123657
581.1180419922	-81.7595596313
583.1303710938	-81.7703094482
585.1500244141	-81.8171539307
587.1766357422	-81.8659057617
589.2103271484	-81.8991699219
591.2507324219	-81.9109725952
593.2984619141	-81.9203262329
595.3533325195	-81.9259414673
597.4152832031	-81.9204406738
599.4841308594	-81.8913879395
601.5603637695	-81.8507156372
603.6438598633	-81.8191223145
605.7345581055	-81.7830123901
607.8321533203	-81.7095260620
609.9373779297	-81.6174011230
612.0498657227	-81.5612411499
614.1696777344	-81.5301742554
616.2964477539	-81.5566864014
618.4309692383	-81.6450195313
620.5728759766	-81.7133789063
622.7222290039	-81.7528381348
624.8786621094	-81.7101516724
627.0429077148	-81.5965576172
629.2145996094	-81.5276641846
631.3938598633	-81.4925918579
633.5806884766	-81.5010375977
635.7747192383	-81.4986572266
637.9766845703	-81.4697189331
640.1862792969	-81.3913955688
642.4035644531	-81.3431396484
644.6281127930	-81.3671875000
646.8607788086	-81.4588775635
649.1011352539	-81.5346145630
651.3492431641	-81.5460433960
653.6047973633	-81.4966354370
655.8685302734	-81.3695983887
658.1401367188	-81.2414779663
660.4195556641	-81.0876083374
662.7065429688	-81.0679779053
665.0017700195	-81.1528396606
667.3049926758	-81.3152084351
669.6161499023	-81.4029006958
671.9349975586	-81.3543777466
674.2622070313	-81.2502822876
676.5974731445	-81.1773529053
678.9408569336	-81.0794677734
681.2919311523	-80.9873428345
683.6515502930	-80.9393692017
686.0193481445	-80.9270019531
688.3953857422	-80.9594192505
690.7792358398	-80.9356460571
693.1716918945	-80.8160324097
695.5724487305	-80.7086944580
697.9815673828	-80.6067886353
700.3985595703	-80.5967941284
702.8244018555	-80.6696395874
705.2586059570	-80.7596130371
707.7012329102	-80.8013763428
710.1519165039	-80.7570648193
712.6115112305	-80.6327362061
715.0795898438	-80.5298919678
717.5562133789	-80.5111770630
720.0410766602	-80.5515060425
722.5349121094	-80.6249694824
725.0373535156	-80.6967086792
727.5484619141	-80.7441864014
730.0679321289	-80.7348175049
732.5964965820	-80.6575622559
735.1337890625	-80.4964904785
737.6798706055	-80.3217010498
740.2344360352	-80.2193984985
742.7981567383	-80.1995315552
745.3708496094	-80.2207107544
747.9523925781	-80.2099456787
750.5424804688	-80.1553497314
753.1419067383	-80.1271057129
755.7504272461	-80.1774520874
758.3679199219	-80.2501144409
760.9940795898	-80.2364120483
763.6297607422	-80.1796112061
766.2745361328	-80.1446914673
768.9284667969	-80.1775741577
771.5912475586	-80.2385406494
774.2636108398	-80.2390136719
776.9451904297	-80.0950088501
779.6361083984	-79.9106140137
782.3359375000	-79.6927795410
785.0455322266	-79.4687347412
787.7644653320	-79.2626342773
790.4928588867	-79.0482635498
793.2302856445	-78.8980712891
795.9776000977	-78.6777801514
798.7344360352	-78.3928527832
801.5007934570	-78.1141891479
804.2767333984	-77.9718551636
807.0618896484	-78.0951766968
809.8571166992	-78.3158721924
812.6620483398	-78.4636611938
815.4766235352	-78.4036483765
818.3005371094	-78.2082290649
821.1347045898	-77.7909393311
823.9786376953	-77.3850708008
826.8324584961	-76.9855651855
829.6957397461	-76.6140213013
832.5693359375	-76.4706115723
835.4528808594	-76.4154129028
838.3464355469	-76.4421081543
841.2495727539	-76.6211624146
844.1632080078	-76.7935104370
847.0869140625	-76.8640365601
850.0207519531	-76.7093505859
852.9642944336	-76.4809875488
855.9185180664	-76.2485122681
858.8829345703	-75.8511352539
861.8576049805	-75.4155273438
864.8421630859	-75.2565612793
867.8375244141	-75.3518753052
870.8432006836	-75.7375488281
873.8593750000	-76.1809387207
876.8854370117	-76.4122009277
879.9224853516	-76.4884643555
882.9700317383	-76.5419082642
886.0281982422	-76.4692001343
889.0964355469	-76.2311477661
892.1757812500	-76.2261734009
895.2657470703	-76.4662399292
898.3664550781	-76.7520141602
901.4774169922	-76.9969100952
904.5996704102	-77.1471557617
907.7327270508	-77.2454071045
910.8765869141	-77.2582626343
914.0308837891	-77.2017822266
917.1965942383	-77.1390609741
920.3732299805	-77.0961303711
923.5609130859	-77.1351928711
926.7590942383	-77.2858734131
929.9689331055	-77.3520889282
933.1898193359	-77.3273162842
936.4218750000	-77.4100189209
939.6646118164	-77.5075683594
942.9190673828	-77.5053787231
946.1848754883	-77.4143142700
949.4619140625	-77.2806854248
952.7498168945	-77.1563873291
956.0496215820	-77.1632232666
959.3608398438	-77.3027420044
962.6835327148	-77.3346405029
966.0172119141	-77.2507324219
969.3629760742	-77.1949844360
972.7203369141	-77.2166595459
976.0892944336	-77.1871032715
979.4694213867	-77.0486068726
982.8617553711	-76.9438247681
986.2658691406	-76.8929138184
989.6817626953	-76.7611007690
993.1088867188	-76.6777954102
996.5485229492	-76.6860809326
1000.0000000000	-76.8588714600
1003.4634399414	-76.9198150635
1006.9389038086	-76.9762954712
1010.4258422852	-77.0080871582
1013.9254150391	-77.0226669312
1017.4370727539	-77.0197753906
1020.9609375000	-76.9909820557
1024.4964599609	-76.9513778687
1028.0446777344	-76.9035797119
1031.6053466797	-76.8498382568
1035.1782226563	-76.8001708984
1038.7629394531	-76.7585525513
1042.3605957031	-76.7307891846
1045.9708251953	-76.7333908081
1049.5935058594	-76.7575683594
1053.2281494141	-76.8029174805
1056.8759765625	-76.8727874756
1060.5363769531	-76.9471969604
1064.2094726563	-77.0177612305
1067.8947753906	-77.0762557983
1071.5933837891	-77.1021652222
1075.3048095703	-77.1048812866
1079.0290527344	-77.0860290527
1082.7656250000	-77.0454864502
1086.5157470703	-76.9949722290
1090.2788085938	-76.9425201416
1094.0549316406	-76.8907165527
1097.8435058594	-76.8429794312
1101.6458740234	-76.7972335815
1105.4614257813	-76.7503204346
1109.2901611328	-76.7000198364
1113.1314697266	-76.6403427124
1116.9866943359	-76.5678939819
1120.8553466797	-76.4839172363
1124.7374267578	-76.3888092041
1128.6323242188	-76.2831802368
1132.5412597656	-76.1778564453
1136.4637451172	-76.0851135254
1140.3997802734	-76.0146636963
1144.3488769531	-75.9781341553
1148.3123779297	-76.0051040649
1152.2894287109	-76.0804595947
1156.2803955078	-76.1989669800
1160.2844238281	-76.3531875610
1164.3029785156	-76.5328369141
1168.3355712891	-76.7168045044
1172.3819580078	-76.8933105469
1176.4418945313	-77.0576934814
1180.5163574219	-77.2073745728
1184.6051025391	-77.3405380249
1188.7078857422	-77.4601898193
1192.8243408203	-77.5694885254
1196.9555664063	-77.6687774658
1201.1011962891	-77.7581253052
1205.2611083984	-77.8369903564
1209.4348144531	-77.9035263062
1213.6236572266	-77.9586715698
1217.8270263672	-78.0015106201
1222.0449218750	-78.0333328247
1226.2767333984	-78.0585098267
1230.5238037109	-78.0882415771
1234.7857666016	-78.1392745972
1239.0623779297	-78.2136077881
1243.3531494141	-78.3048324585
1247.6594238281	-78.4002914429
1251.9805908203	-78.4838638306
1256.3167724609	-78.5403900146
1260.6679687500	-78.5548629761
1265.0335693359	-78.5369949341
1269.4149169922	-78.4937896729
1273.8115234375	-78.4352035522
1278.2232666016	-78.3745193481
1282.6496582031	-78.3274917603
1287.0920410156	-78.3099746704
1291.5498046875	-78.3362884521
1296.0230712891	-78.3993606567
1300.5111083984	-78.4755401611
1305.0152587891	-78.5378417969
1309.5351562500	-78.5608215332
1314.0706787109	-78.5273437500
1318.6212158203	-78.4324951172
1323.1881103516	-78.2835235596
1327.7709960938	-78.0968322754
1332.3696289063	-77.8952178955
1336.9835205078	-77.7089767456
1341.6141357422	-77.5636672974
1346.2607421875	-77.4785232544
1350.9234619141	-77.4625854492
1355.6015625000	-77.5119705200
1360.2966308594	-77.6111602783
1365.0079345703	-77.7390594482
1369.7355957031	-77.8783950806
1374.4788818359	-78.0233306885
1379.2392578125	-78.1798629761
1384.0162353516	-78.3571395874
1388.8096923828	-78.5567626953
1393.6190185547	-78.7694473267
1398.4456787109	-78.9816131592
1403.2891845703	-79.1862640381
1408.1494140625	-79.3830947876
1413.0257568359	-79.5699234009
1417.9196777344	-79.7368011475
1422.8305664063	-79.8675384521
1427.7584228516	-79.9487686157
1432.7026367188	-79.9800338745
1437.6647949219	-79.9773101807
1442.6440429688	-79.9665069580
1447.6405029297	-79.9708251953
1452.6535644531	-79.9995346069
1457.6848144531	-80.0446090698
1462.7333984375	-80.0870971680
1467.7995605469	-80.1095886230
1472.8823242188	-80.1002044678
1477.9836425781	-80.0705337524
1483.1025390625	-80.0338821411
1488.2392578125	-79.9877777100
1493.3928222656	-79.9178466797
1498.5651855469	-79.8039016724
1503.7553710938	-79.6310577393
1508.9635009766	-79.4028930664
1514.1889648438	-79.1494750977
1519.4332275391	-78.9212722778
1524.6958007813	-78.7696380615
1529.9764404297	-78.7258682251
1535.2746582031	-78.7903900146
1540.5920410156	-78.9360046387
1545.9277343750	-79.1229629517
1551.2819824219	-79.3181610107
1556.6539306641	-79.5067901611
1562.0452880859	-79.6895294189
1567.4554443359	-79.8705291748
1572.8842773438	-80.0475158691
1578.3309326172	-80.2103576660
1583.7974853516	-80.3467559814
1589.2828369141	-80.4847488403
1594.7872314453	-80.5706481934
1600.3107910156	-80.6161041260
1605.8524169922	-80.6698684692
1611.4143066406	-80.7357788086
1616.9953613281	-80.8067550659
1622.5957031250	-80.8693237305
1628.2145996094	-80.9103927612
1633.8538818359	-80.9223403931
1639.5125732422	-80.9067687988
1645.1910400391	-80.8688964844
1650.8881835938	-80.8793716431
1656.6059570313	-80.9462661743
1662.3435058594	-81.0487060547
1668.1009521484	-81.1592636108
1673.8774414063	-81.2551574707
1679.6748046875	-81.3347549438
1685.4923095703	-81.4143447876
1691.3299560547	-81.5557250977
1697.1867675781	-81.6721343994
1703.0649414063	-81.6730270386
1708.9635009766	-81.5999374390
1714.8823242188	-81.4904937744
1720.8208007813	-81.4090652466
1726.7807617188	-81.4621353149
1732.7614746094	-81.6916580200
1738.7628173828	-81.8828964233
1744.7839355469	-82.0226898193
1750.8269042969	-82.0739746094
1756.8908691406	-81.9927597046
1762.9757080078	-81.8309783936
1769.0808105469	-81.7265777588
1775.2078857422	-81.6671981812
1781.3562011719	-81.6809768677
1787.5258789063	-81.8702087402
1793.7159423828	-82.1939086914
1799.9283447266	-82.4456787109
1806.1623535156	-82.6833724976
1812.4178466797	-82.8816604614
1818.6940917969	-83.0663146973
1824.9930419922	-83.1432571411
1831.3138427734	-83.1508331299
1837.6564941406	-83.1532058716
1844.0201416016	-83.1717376709
1850.4068603516	-83.2017745972
1856.8156738281	-83.2254409790
1863.2467041016	-83.2590560913
1869.6988525391	-83.3611450195
1876.1745605469	-83.5329971313
1882.6726074219	-83.6822433472
1889.1931152344	-83.9044494629
1895.7352294922	-84.0905838013
1902.3010253906	-84.1802825928
1908.8895263672	-84.2448196411
1915.5008544922	-84.2977142334
1922.1340332031	-84.3107833862
1928.7912597656	-84.2910003662
1935.4715576172	-84.2226409912
1942.1749267578	-84.1461791992
1948.9005126953	-84.1195144653
1955.6505126953	-84.1439514160
1962.4238281250	-84.2144317627
1969.2205810547	-84.2684860229
1976.0397949219	-84.3485488892
1982.8836669922	-84.4487991333
1989.7513427734	-84.5295486450
1996.6427001953	-84.6021041870
2003.5579833984	-84.5561065674
2010.4960937500	-84.4379577637
2017.4593505859	-84.2000656128
2024.4467773438	-83.9896011353
2031.4583740234	-83.9238967896
2038.4930419922	-84.0228958130
2045.5533447266	-84.1866683960
2052.6379394531	-84.4948883057
2059.7473144531	-84.7809829712
2066.8798828125	-84.9066696167
2074.0385742188	-84.8460998535
2081.2219238281	-84.7174377441
2088.4299316406	-84.5735092163
2095.6621093750	-84.6097030640
2102.9201660156	-84.8744125366
2110.2036132813	-85.1828842163
2117.5122070313	-85.3532180786
2124.8449707031	-85.4044876099
2132.2043457031	-85.4120407104
2139.5891113281	-85.4317779541
2146.9995117188	-85.4357147217
2154.4343261719	-85.4064254761
2161.8959960938	-85.4048767090
2169.3837890625	-85.5020294189
2176.8972167969	-85.6590957642
2184.4355468750	-85.8082427979
2192.0014648438	-85.9118804932
2199.5932617188	-85.9680328369
2207.2114257813	-86.0170669556
2214.8547363281	-86.0839920044
2222.5258789063	-86.1510086060
2230.2233886719	-86.1659545898
2237.9477539063	-86.1195983887
2245.6975097656	-86.0244979858
2253.4753417969	-85.9194107056
2261.2802734375	-85.8060913086
2269.1120605469	-85.6806716919
2276.9697265625	-85.5805664063
2284.8559570313	-85.5861740112
2292.7695312500	-85.8187255859
2300.7104492188	-86.3870468140
2308.6774902344	-86.8639221191
2316.6735839844	-87.2302093506
2324.6972656250	-87.4931640625
2332.7485351563	-87.6735916138
2340.8266601563	-87.8724288940
2348.9340820313	-87.9799499512
2357.0695800781	-88.0389175415
2365.2331542969	-88.1062774658
2373.4235839844	-88.2398147583
2381.6440429688	-88.4502639771
2389.8925781250	-88.5361328125
2398.1699218750	-88.4857864380
2406.4746093750	-88.3487854004
2414.8093261719	-88.1720733643
2423.1728515625	-87.9690780640
2431.5654296875	-87.8715057373
2439.9855957031	-87.8264770508
2448.4365234375	-87.7476043701
2456.9165039063	-87.6526184082
2465.4260253906	-87.6360855103
2473.9633789063	-87.8867645264
2482.5319824219	-88.2796325684
2491.1301269531	-88.7546997070
2499.7580566406	-89.2887954712
2508.4143066406	-89.5034408569
2517.1020507813	-89.4989624023
2525.8200683594	-89.5119705200
2534.5681152344	-89.6796951294
2543.3464355469	-89.8785934448
2552.1538085938	-90.0743331909
2560.9931640625	-90.2817535400
2569.8630371094	-90.3954391479
2578.7636718750	-90.4523773193
2587.6936035156	-90.5200729370
2596.6560058594	-90.5955200195
2605.6494140625	-90.6289443970
2614.6738281250	-90.6339416504
2623.7282714844	-90.6158752441
2632.8154296875	-90.5648193359
2641.9340820313	-90.4604034424
2651.0842285156	-90.2667617798
2660.2646484375	-90.1263961792
2669.4785156250	-90.1205596924
2678.7241210938	-90.3446807861
2688.0017089844	-90.7240982056
2697.3100585938	-91.1265487671
2706.6518554688	-91.4868545532
2716.0263671875	-91.7181320190
2725.4331054688	-91.9367218018
2734.8710937500	-92.2244720459
2744.3432617188	-92.4320831299
2753.8481445313	-92.5134887695
2763.3859863281	-92.5588302612
2772.9553222656	-92.6880187988
2782.5593261719	-92.9050064087
2792.1965332031	-93.0762557983
2801.8671875000	-93.2212524414
2811.5698242188	-93.3469924927
2821.3073730469	-93.4130477905
2831.0788574219	-93.5369186401
2840.8842773438	-93.7051315308
2850.7219238281	-93.8493270874
2860.5952148438	-94.0562438965
2870.5029296875	-94.3131790161
2880.4448242188	-94.4547195435
2890.4194335938	-94.4836807251
2900.4301757813	-94.5395278931
2910.4758300781	-94.6022949219
2920.5561523438	-94.6486892700
2930.6696777344	-94.7832031250
2940.8198242188	-94.9550628662
2951.0053710938	-95.1571044922
2961.2260742188	-95.4724273682
2971.4804687500	-95.7173919678
2981.7719726563	-95.8002014160
2992.0991210938	-95.9469146729
3002.4621582031	-95.6586227417
3012.8593750000	-95.8274078369
3023.2944335938	-96.0268630981
3033.7653808594	-96.2544555664
3044.2727050781	-96.5061340332
3054.8146972656	-96.7549514771
3065.3950195313	-96.9904174805
3076.0117187500	-97.1883926392
3086.6655273438	-97.3630371094
3097.3542480469	-97.4768371582
3108.0817871094	-97.5599517822
3118.8464355469	-97.6134109497
3129.6484375000	-97.6264114380
3140.4860839844	-97.6289901733
3151.3630371094	-97.6185150146
3162.2775878906	-97.6112518311
3173.2299804688	-97.6101989746
3184.2204589844	-97.6250228882
3195.2470703125	-97.6564559937
3206.3137207031	-97.6963958740
3217.4184570313	-97.7445755005
3228.5620117188	-97.7861175537
3239.7421875000	-97.8206863403
3250.9628906250	-97.8330612183
3262.2224121094	-97.8286285400
3273.5209960938	-97.8123550415
3284.8569335938	-97.7840194702
3296.2338867188	-97.7575454712
3307.6501464844	-97.7330551147
3319.1059570313	-97.7139968872
3330.5998535156	-97.6888580322
3342.1352539063	-97.6556701660
3353.7104492188	-97.6011657715
3365.3259277344	-97.5340423584
3376.9797363281	-97.4678421021
3388.6757812500	-97.4175949097
3400.4123535156	-97.4206771851
3412.1894531250	-97.4670028687
3424.0056152344	-97.5657730103
3435.8645019531	-97.7255401611
3447.7644042969	-97.8994827271
3459.7055664063	-98.0806503296
3471.6860351563	-98.2353591919
3483.7102050781	-98.3504104614
3495.7758789063	-98.4296264648
3507.8833007813	-98.4630584717
3520.0307617188	-98.4565582275
3532.2221679688	-98.4334793091
3544.4558105469	-98.3989257813
3556.7319335938	-98.3658370972
3569.0485839844	-98.3454284668
3581.4099121094	-98.3380126953
3593.8139648438	-98.3461990356
3606.2609863281	-98.3721160889
3618.7490234375	-98.4053192139
3631.2824707031	-98.4447937012
3643.8591308594	-98.4900588989
3656.4794921875	-98.5414581299
3669.1416015625	-98.5937728882
3681.8493652344	-98.6432876587
3694.6013183594	-98.6821594238
3707.3974609375	-98.6987533569
3720.2358398438	-98.6998748779
3733.1206054688	-98.6892013550
3746.0500488281	-98.6723709106
3759.0244140625	-98.6599121094
3772.0415039063	-98.6531906128
3785.1059570313	-98.6523132324
3798.2153320313	-98.6571807861
3811.3703613281	-98.6717300415
3824.5688476563	-98.6972503662
3837.8149414063	-98.7341461182
3851.1071777344	-98.7821502686
3864.4453125000	-98.8400039673
3877.8273925781	-98.9011230469
3891.2580566406	-98.9596176147
3904.7353515625	-99.0126113892
3918.2590332031	-99.0573272705
3931.8276367188	-99.0882797241
3945.4453125000	-99.0974349976
3959.1103515625	-99.0840682983
3972.8225097656	-99.0501098633
3986.5822753906	-99.0017929077
4000.3872070313	-98.9526824951
4014.2424316406	-98.9296493530
4028.1455078125	-98.9415893555
4042.0969238281	-98.9872436523
4056.0942382813	-99.0424880981
4070.1423339844	-99.0217437744
4084.2392578125	-98.4419937134
4098.3847656250	-95.9518585205
4112.5771484375	-92.0094146729
4126.8208007813	-87.5870513916
4141.1137695313	-83.4818801880
4155.4565429688	-80.0223007202
4169.8461914063	-77.3049240112
4184.2885742188	-75.3422317505
4198.7802734375	-74.0178909302
4213.3227539063	-73.3201217651
4227.9130859375	-73.2441482544
4242.5561523438	-73.7922821045
4257.2500000000	-74.9741821289
4271.9951171875	-76.8318252563
4286.7885742188	-79.4599761963
4301.6357421875	-82.7900466919
4316.5341796875	-86.7955551147
4331.4843750000	-91.2425994873
4346.4838867188	-95.3884658813
4361.5375976563	-98.2377929688
4376.6435546875	-99.3126068115
4391.8017578125	-99.4933700562
4407.0102539063	-99.4945068359
4422.2739257813	-99.4838714600
4437.5898437500	-99.4835433960
4452.9594726563	-99.4976272583
4468.3793945313	-99.5223312378
4483.8554687500	-99.5504989624
4499.3852539063	-99.5762481689
4514.9687500000	-99.5971374512
4530.6035156250	-99.6114273071
4546.2949218750	-99.6118927002
4562.0410156250	-99.5828552246
4577.8413085938	-99.5072479248
4593.6938476563	-99.3805999756
4609.6040039063	-99.2298507690
4625.5693359375	-99.0916137695
4641.5898437500	-98.9965133667
4657.6630859375	-98.9572448730
4673.7944335938	-98.9613647461
4689.9819335938	-98.9715957642
4706.2255859375	-98.9386444092
4722.5229492188	-98.8268585205
4738.8789062500	-98.6378707886
4755.2919921875	-98.4124450684
4771.7617187500	-98.2078857422
4788.2861328125	-98.0696716309
4804.8701171875	-98.0151596069
4821.5112304688	-98.0332794189
4838.2104492188	-98.0941009521
4854.9648437500	-98.1609878540
4871.7797851563	-98.1986999512
4888.6528320313	-98.1772003174
4905.5844726563	-98.1304550171
4922.5717773438	-97.9792480469
4939.6210937500	-97.7787704468
4956.7294921875	-97.5876007080
4973.8964843750	-97.4646072388
4991.1206054688	-97.4409179688
5008.4072265625	-97.5096130371
5025.7539062500	-97.6361236572
5043.1601562500	-97.7812194824
5060.6269531250	-97.9853744507
5078.1513671875	-98.1713180542
5095.7392578125	-98.2796859741
5113.3881835938	-98.3664474487
5131.0981445313	-98.4252166748
5148.8666992188	-98.4587173462
5166.6997070313	-98.4748916626
5184.5942382813	-98.4786682129
5202.5507812500	-98.4700546265
5220.5668945313	-98.4483108521
5238.6479492188	-98.4144668579
5256.7915039063	-98.3714599609
5274.9985351563	-98.3264770508
5293.2651367188	-98.2914962769
5311.5981445313	-98.2752838135
5329.9946289063	-98.2740020752
5348.4545898438	-98.2696609497
5366.9760742188	-98.2529449463
5385.5644531250	-98.2480468750
5404.2167968750	-98.2576675415
5422.9340820313	-98.2806167603
5441.7133789063	-98.3170700073
5460.5605468750	-98.3789443970
5479.4726562500	-98.4868087769
5498.4506835938	-98.6519088745
5517.4912109375	-98.8570175171
5536.6010742188	-99.1198196411
5555.7768554688	-99.2236175537
5575.0190429688	-99.1744461060
5594.3247070313	-99.0746231079
5613.7001953125	-98.9656372070
5633.1430664063	-98.8845901489
5652.6533203125	-98.8577880859
5672.2275390625	-98.9362335205
5691.8730468750	-99.0925292969
5711.5869140625	-99.2069091797
5731.3686523438	-99.3006134033
5751.2158203125	-99.3605270386
5771.1347656250	-99.3933639526
5791.1230468750	-99.4625778198
5811.1801757813	-99.6093597412
5831.3037109375	-99.7437515259
5851.5000000000	-99.8686294556
5871.7666015625	-99.9637069702
5892.1030273438	-100.0343093872
5912.5068359375	-100.0312881470
5932.9848632813	-99.9927978516
5953.5332031250	-99.9546585083
5974.1533203125	-99.9406433105
5994.8408203125	-99.9815216064
6015.6040039063	-100.0606231689
6036.4384765625	-100.1210021973
6057.3457031250	-100.1805419922
6078.3217773438	-100.2654266357
6099.3735351563	-100.3508529663
6120.4985351563	-100.4130401611
6141.6967773438	-100.4822082520
6162.9648437500	-100.6100997925
6184.3095703125	-100.7724151611
6205.7290039063	-100.8955917358
6227.2221679688	-101.0103530884
6248.7866210938	-101.1315765381
6270.4287109375	-101.2149505615
6292.1459960938	-101.2748641968
6313.9384765625	-101.3847961426
6335.8066406250	-101.4730758667
6357.7470703125	-101.4903564453
6379.7666015625	-101.4752273560
6401.8627929688	-101.4034271240
6424.0351562500	-101.2878723145
6446.2812500000	-101.1937789917
6468.6074218750	-101.1121826172
6491.0112304688	-101.1742553711
6513.4926757813	-101.3242568970
6536.0483398438	-101.6085968018
6558.6855468750	-101.8397598267
6581.4013671875	-101.9224090576
6604.1958007813	-101.9698791504
6627.0654296875	-101.9858016968
6650.0175781250	-102.0046920776
6673.0498046875	-102.0898590088
6696.1616210938	-102.2413177490
6719.3496093750	-102.4142227173
6742.6220703125	-102.5210723877
6765.9746093750	-102.5327377319
6789.4082031250	-102.5510635376
6812.9194335938	-102.6516113281
6836.5156250000	-102.7698440552
6860.1938476563	-102.9259033203
6883.9536132813	-103.0121688843
6907.7919921875	-103.0477294922
6931.7167968750	-103.0770645142
6955.7246093750	-103.0902633667
6979.8154296875	-103.1141433716
7003.9858398438	-103.1668243408
7028.2436523438	-103.2265625000
7052.5859375000	-103.2496185303
7077.0122070313	-103.2715454102
7101.5190429688	-103.3406143188
7126.1147460938	-103.4108963013
7150.7958984375	-103.4165115356
7175.5625000000	-103.3793640137
7200.4106445313	-103.3096160889
7225.3491210938	-103.2614822388
7250.3735351563	-103.2680206299
7275.4848632813	-103.3095703125
7300.6791992188	-103.3634490967
7325.9648437500	-103.4120864868
7351.3378906250	-103.4314346313
7376.7988281250	-103.4033737183
7402.3442382813	-103.3323516846
7427.9819335938	-103.2859497070
7453.7080078125	-103.3164672852
7479.5239257813	-103.3852157593
7505.4248046875	-103.4700927734
7531.4194335938	-103.5751495361
7557.5039062500	-103.6705474854
7583.6791992188	-103.6727600098
7609.9409179688	-103.5895233154
7636.2973632813	-103.5247421265
7662.7451171875	-103.5261459351
7689.2851562500	-103.6175308228
7715.9121093750	-103.7553634644
7742.6357421875	-103.8866424561
7769.4521484375	-104.0056457520
7796.3613281250	-104.0632934570
7823.3593750000	-104.0899963379
7850.4550781250	-104.0718688965
7877.6450195313	-104.0007629395
7904.9287109375	-103.9453125000
7932.3027343750	-103.9694213867
7959.7758789063	-103.9520263672
7987.3442382813	-103.8250885010
8015.0078125000	-103.6518402100
8042.7675781250	-103.6186218262
8070.6191406250	-103.7495803833
8098.5712890625	-103.8565063477
8126.6201171875	-103.8828659058
8154.7666015625	-103.8969039917
8183.0053710938	-103.9585952759
8211.3466796875	-104.0741500854
8239.7871093750	-104.1631698608
8268.3251953125	-104.2254791260
8296.9570312500	-103.4421920776
8325.6933593750	-99.8355026245
8354.5292968750	-93.0220718384
8383.4648437500	-86.4705734253
8412.4960937500	-82.8870239258
8441.6318359375	-81.9798202515
8470.8691406250	-82.7639846802
8500.2080078125	-85.9116134644
8529.6425781250	-89.9646530151
8559.1845703125	-94.5646362305
8588.8291015625	-100.8232192993
8618.5761718750	-103.4275970459
8648.4218750000	-103.7807388306
8678.3750000000	-103.8752136230
8708.4326171875	-103.8889312744
8738.5937500000	-103.7502365112
8768.8544921875	-103.5508117676
8799.2246093750	-103.4923324585
8829.7001953125	-103.5562667847
8860.2822265625	-103.7143936157
8890.9638671875	-103.8669433594
8921.7578125000	-103.9491271973
8952.6582031250	-103.9543533325
8983.6650390625	-103.8771362305
9014.7744140625	-103.6595306396
9045.9970703125	-103.4980163574
9077.3271484375	-103.6196289063
9108.7656250000	-103.9150848389
9140.3085937500	-104.1699295044
9171.9658203125	-104.3193740845
9203.7324218750	-104.3845825195
9235.6093750000	-104.3521652222
9267.5908203125	-104.3672332764
9299.6894531250	-104.5265274048
9331.8984375000	-104.6967697144
9364.2187500000	-104.7304611206
9396.6464843750	-104.6800765991
9429.1914062500	-104.6392059326
9461.8486328125	-104.5611038208
9494.6191406250	-104.5187911987
9527.4980468750	-104.5784072876
9560.4960937500	-104.7195663452
9593.6083984375	-104.7727661133
9626.8359375000	-104.7649459839
9660.1718750000	-104.7748336792
9693.6298828125	-104.8609771729
9727.2031250000	-104.9607086182
9760.8935546875	-104.8996810913
9794.6943359375	-104.7574462891
9828.6171875000	-104.6746444702
9862.6582031250	-104.5866241455
9896.8173828125	-104.4724884033
9931.0888671875	-104.4948196411
9965.4853515625	-104.7455139160
10000.0000000000	-105.2371444702
10034.6347656250	-105.3391647339
10069.3886718750	-105.4295883179
10104.2636718750	-105.4933929443
10139.2597656250	-105.5452728271
10174.3652343750	-105.5859909058
10209.6035156250	-105.6184997559
10244.9638671875	-105.6516952515
10280.4472656250	-105.6859893799
10316.0527343750	-105.7233734131
10351.7822265625	-105.7619628906
10387.6347656250	-105.8007888794
10423.6123046875	-105.8392257690
10459.7021484375	-105.8771667480
10495.9287109375	-105.9156112671
10532.2812500000	-105.9548187256
10568.7597656250	-105.9962310791
10605.3642578125	-106.0394287109
10642.0947265625	-106.0835647583
10678.9531250000	-106.1281738281
10715.9394531250	-106.1703186035
10753.0419921875	-106.2087860107
10790.2841796875	-106.2428359985
10827.6562500000	-106.2698211670
10865.1572265625	-106.2884292603
10902.7880859375	-106.3008728027
10940.5498046875	-106.3076629639
10978.4414062500	-106.3093338013
11016.4648437500	-106.3119506836
11054.6074218750	-106.3197326660
11092.8945312500	-106.3358078003
11131.3144531250	-106.3686370850
11169.8671875000	-106.4188232422
11208.5537109375	-106.4804840088
11247.3740234375	-106.5497894287
11286.3291015625	-106.6190490723
11325.4189453125	-106.6742172241
11364.6308593750	-106.7134780884
11403.9921875000	-106.7369766235
11443.4892578125	-106.7464218140
11483.1230468750	-106.7493972778
11522.8945312500	-106.7547683716
11562.8037109375	-106.7629470825
11602.8505859375	-106.7730331421
11643.0371093750	-106.7807235718
11683.3486328125	-106.7810440063
11723.8134765625	-106.7775497437
11764.4189453125	-106.7751312256
11805.1640625000	-106.7797317505
11846.0507812500	-106.8009414673
11887.0791015625	-106.8398818970
11928.2490234375	-106.8867721558
11969.5625000000	-106.9331741333
12011.0048828125	-106.9707107544
12052.6044921875	-106.9914627075
12094.3486328125	-106.9933776855
12136.2363281250	-106.9868316650
12178.2695312500	-106.9748764038
12220.4492187500	-106.9514617920
12262.7734375000	-106.8944702148
12305.2451171875	-106.7278976440
12347.8505859375	-106.2654495239
12390.6162109375	-105.4130630493
12433.5312500000	-104.2040710449
12476.5937500000	-102.7794265747
12519.8056640625	-101.3442764282
12563.1679687500	-100.0929718018
12606.6796875000	-99.2295761108
12650.3427734375	-98.7515563965
12694.1562500000	-98.6767807007
12738.1074218750	-99.0091857910
12782.2255859375	-99.7363815308
12826.4960937500	-100.8218383789
12870.9199218750	-102.1921691895
12915.4980468750	-103.6989364624
12960.2304687500	-105.0519943237
13005.1171875000	-106.0527725220
13050.1601562500	-106.6734161377
13095.3447265625	-107.0019378662
13140.6992187500	-107.1559982300
13186.2119140625	-107.2207870483
13231.8818359375	-107.2374420166
13277.7099609375	-107.2263870239
13323.6962890625	-107.2080154419
13369.8427734375	-107.2060241699
13416.1484375000	-107.2321166992
13462.5996093750	-107.2859954834
13509.2265625000	-107.3582839966
13556.0156250000	-107.4368591309
13602.9658203125	-107.5137176514
13650.0791015625	-107.5880432129
13697.3554687500	-107.6635437012
13744.7958984375	-107.7423095703
13792.4003906250	-107.8204803467
13840.1542968750	-107.8899993896
13888.0888671875	-107.9449386597
13936.1904296875	-107.9855728149
13984.4570312500	-108.0157546997
14032.8916015625	-108.0381851196
14081.4941406250	-108.0521392822
14130.2646484375	-108.0587768555
14179.2041015625	-108.0641174316
14228.2978515625	-108.0767822266
14277.5771484375	-108.1025695801
14327.0263671875	-108.1404876709
14376.6474609375	-108.1835556030
14426.4404296875	-108.2236480713
14476.4052734375	-108.2566528320
14526.5439453125	-108.2838745117
14576.8564453125	-108.3091125488
14627.3261718750	-108.3345108032
14677.9873046875	-108.3586883545
14728.8242187500	-108.3851242065
14779.8369140625	-108.3936462402
14831.0253906250	-108.3968276978
14882.3925781250	-108.4019088745
14933.9365234375	-108.4161453247
14985.6601562500	-108.4393386841
15037.5458984375	-108.4598617554
15089.6269531250	-108.4613418579
15141.8896484375	-108.4377288818
15194.3330078125	-108.4031066895
15246.9580078125	-108.3848266602
15299.7646484375	-108.4054489136
15352.7548828125	-108.4692230225
15405.9287109375	-108.5616073608
15459.2695312500	-108.6591796875
15512.8115234375	-108.7415008545
15566.5390625000	-108.7981567383
15620.4531250000	-108.8293075562
15674.5546875000	-108.8420257568
15728.8427734375	-108.8453521729
15783.3183593750	-108.8458251953
15837.9833984375	-108.8449935913
15892.8369140625	-108.8342590332
15947.8642578125	-108.8105316162
16003.0986328125	-108.7932281494
16058.5244140625	-108.7847061157
16114.1425781250	-108.7895431519
16169.9531250000	-108.8060455322
16225.9570312500	-108.8279342651
16282.1552734375	-108.8482055664
16338.5478515625	-108.8622970581
16395.1171875000	-108.8691711426
16451.9003906250	-108.8578414917
16508.8808593750	-108.7480773926
16566.0585937500	-108.4365158081
16623.4355468750	-107.7465438843
16681.0097656250	-106.6540374756
16738.7832031250	-105.3679809570
16796.7578125000	-104.1797409058
16854.9140625000	-103.3032073975
16913.2890625000	-102.8531646729
16971.8691406250	-103.3210449219
17030.6503906250	-104.1932220459
17089.6347656250	-105.3701324463
17148.8242187500	-106.6675949097
17208.2167968750	-107.8296432495
17267.8183593750	-108.8443374634
17327.6054687500	-109.2323074341
17387.6191406250	-109.3003005981
17447.8398437500	-109.3452606201
17508.2695312500	-109.3910522461
17568.9082031250	-109.4542083740
17629.7578125000	-109.4937591553
17690.8164062500	-109.4995956421
17752.0878906250	-109.4966278076
17813.5527343750	-109.4959640503
17875.2500000000	-109.5172119141
17937.1582031250	-109.5564193726
17999.2832031250	-109.5853958130
18061.6230468750	-109.6137313843
18124.1796875000	-109.6416931152
18186.9511718750	-109.6768875122
18249.9414062500	-109.6985321045
18313.1289062500	-109.7070236206
18376.5546875000	-109.7175827026
18440.2011718750	-109.7397155762
18504.0683593750	-109.7583236694
18568.1562500000	-109.7646484375
18632.4667968750	-109.7726974487
18697.0000000000	-109.8121109009
18761.7558593750	-109.8875732422
18826.7148437500	-109.9453582764
18891.9199218750	-109.9758148193
18957.3515625000	-109.9136886597
19023.0097656250	-109.8298797607
19088.8945312500	-109.7546844482
19155.0078125000	-109.7193679810
19221.3515625000	-109.7633438110
19287.9238281250	-109.8185577393
19354.7050781250	-109.8848114014
19421.7382812500	-109.9104995728
19489.0058593750	-109.9042282104
19556.5039062500	-109.9018936157
19624.2382812500	-109.9364547729
19692.2050781250	-109.9768981934
19760.4082031250	-110.0084304810
19828.8476562500	-109.9930038452
19897.5019531250	-109.9757614136
19966.4160156250	-109.9961776733
20035.5683593750	-110.0637207031
20104.9609375000	-110.1172866821
20174.5937500000	-110.1762542725
20244.4667968750	-110.2153854370
20314.5839843750	-110.2658691406
20384.9414062500	-110.3612747192
20455.5449218750	-110.4590682983
20526.3691406250	-110.6031646729
20597.4609375000	-110.6771240234
20668.7988281250	-110.6339492798
20740.3847656250	-110.5190048218
20812.2187500000	-110.3644104004
20884.3007812500	-109.8569030762
20956.6328125000	-109.0782089233
21029.2148437500	-108.2829055786
21102.0253906250	-107.8316040039
21175.1113281250	-107.9562835693
21248.4492187500	-108.4902572632
21322.0429687500	-109.0055694580
21395.8906250000	-109.7511978149
21469.9941406250	-110.3085937500
21544.3554687500	-110.5592956543
21618.9726562500	-110.6683502197
21693.8242187500	-110.7174606323
21768.9609375000	-110.7596054077
21844.3574218750	-110.8177642822
21920.0136718750	-110.8980331421
21995.9316406250	-110.9690628052
22072.1152343750	-110.9957733154
22148.5605468750	-110.9907913208
22225.2714843750	-111.0059814453
22302.2226562500	-111.0490570068
22379.4648437500	-111.0894393921
22456.9746093750	-111.1207427979
22534.7539062500	-111.1523284912
22612.8027343750	-111.1716690063
22691.1210937500	-111.1560287476
22769.7109375000	-111.0812225342
22848.5722656250	-110.9930572510
22927.6816406250	-110.9777145386
23007.0898437500	-111.0951461792
23086.7753906250	-111.2157745361
23166.7343750000	-111.2967910767
23246.9707031250	-111.3517608643
23327.4863281250	-111.3753662109
23408.2792968750	-111.3445129395
23489.3535156250	-111.3044891357
23570.6816406250	-111.2999343872
23652.3183593750	-111.3267669678
23734.2363281250	-111.3767318726
23816.4394531250	-111.4653625488
23898.9257812500	-111.5328369141
23981.6992187500	-111.5750427246
24064.7578125000	-111.5980300903
24148.1054687500	-111.6137695313
24231.7148437500	-111.6319656372
24315.6406250000	-111.6338119507
24399.8574218750	-111.6125717163
24484.3652343750	-111.5627136230
24569.1640625000	-111.5306396484
24654.2597656250	-111.5323410034
24739.6484375000	-111.5874023438
24825.3320312500	-111.6495285034
24911.2871093750	-111.6843338013
24997.5664062500	-111.3868637085
25084.1445312500	-109.9642257690
25171.0214843750	-108.3655319214
25258.1992187500	-106.9833068848
25345.6816406250	-106.2170944214
25433.4648437500	-106.4794692993
25521.5527343750	-107.4348526001
25609.9453125000	-109.2978591919
25698.6152343750	-111.1064376831
25787.6210937500	-111.9042282104
25876.9355468750	-112.1053085327
25966.5585937500	-112.0489349365
26056.4941406250	-111.9659118652
26146.7382812500	-111.9730529785
26237.2968750000	-112.0415649414
26328.1679687500	-112.1488113403
26419.3261718750	-112.2172698975
26510.8281250000	-112.2424468994
26602.6464843750	-112.2236862183
26694.7832031250	-112.1781311035
26787.2402343750	-112.1594924927
26880.0156250000	-112.2093353271
26973.1132812500	-112.2537612915
27066.5351562500	-112.2674560547
27160.2480468750	-112.2771759033
27254.3164062500	-112.2958221436
27348.7109375000	-112.3441162109
27443.4316406250	-112.4225463867
27538.4804687500	-112.4648666382
27633.8593750000	-112.4532546997
27729.5683593750	-112.4505462646
27825.6074218750	-112.4261474609
27921.9492187500	-112.3581542969
28018.6562500000	-112.2675094604
28115.6972656250	-112.2162246704
28213.0742187500	-112.2970352173
28310.7890625000	-112.4116592407
28408.8417968750	-112.4578857422
28507.2343750000	-112.4999923706
28605.9687500000	-112.6079101563
28705.0136718750	-112.7249755859
28804.4316406250	-112.8017272949
28904.1933593750	-112.8600158691
29004.3027343750	-112.9021987915
29104.7578125000	-112.9007720947
29205.5605468750	-112.7917404175
29306.7128906250	-112.4432907104
29408.2148437500	-111.8804168701
29510.0371093750	-111.4713363647
29612.2441406250	-111.4946136475
29714.8046875000	-111.8451461792
29817.7207031250	-112.2941665649
29920.9921875000	-112.6682357788
30024.6230468750	-112.5547332764
30128.6113281250	-112.7046051025
30232.9609375000	-112.8444137573
30337.6367187500	-112.9749450684
30442.7109375000	-113.0681533813
30548.1464843750	-113.1450576782
30653.9492187500	-113.1921005249
30760.1171875000	-113.2196655273
30866.6542968750	-113.2372665405
30973.5585937500	-113.2441787720
31080.8339843750	-113.2509918213
31188.4472656250	-113.2577133179
31296.4667968750	-113.2691040039
31404.8613281250	-113.2829513550
31513.6308593750	-113.3004989624
31622.7773437500	-113.3209609985
31732.3007812500	-113.3418655396
31842.2031250000	-113.3619842529
31952.4882812500	-113.3781814575
32063.1542968750	-113.3917846680
32174.1679687500	-113.4007720947
32285.6015625000	-113.4064331055
32397.4218750000	-113.4031066895
32509.6289062500	-113.3527832031
32622.2246093750	-113.0771026611
32735.2089843750	-112.5417938232
32848.5859375000	-111.1048431396
32962.3554687500	-109.0665588379
33076.4843750000	-106.6584014893
33191.0429687500	-104.1859207153
33305.9960937500	-102.0027618408
33421.3515625000	-100.0776290894
33537.1054687500	-98.6237106323
33653.2578125000	-97.6055068970
33769.8164062500	-96.9150772095
33886.7773437500	-96.6687545776
34004.1054687500	-96.9167938232
34121.8750000000	-97.5056838989
34240.0546875000	-98.4800186157
34358.6445312500	-100.0370330811
34477.6445312500	-101.9392166138
34597.0546875000	-104.1763458252
34716.8789062500	-106.8243789673
34837.1210937500	-109.4041976929
34957.7382812500	-111.6796035767
35078.8125000000	-113.2074737549
35200.3085937500	-113.8075027466
35322.2226562500	-114.0719604492
35444.5585937500	-114.1160812378
35567.3203125000	-114.0911254883
35690.5039062500	-114.0641784668
35814.1171875000	-114.0387649536
35938.1171875000	-114.0182037354
36062.5898437500	-114.0045928955
36187.4921875000	-113.9969253540
36312.8242187500	-113.9963226318
36438.5898437500	-114.0058822632
36564.7968750000	-114.0277938843
36691.4375000000	-114.0553665161
36818.5156250000	-114.0859222412
36945.9921875000	-114.1149520874
37073.9531250000	-114.1334762573
37202.3593750000	-114.1365890503
37331.2070312500	-114.1180572510
37460.5000000000	-114.0666809082
37590.2460937500	-113.9657745361
37720.4375000000	-113.8450775146
37851.0781250000	-113.7274169922
37982.1328125000	-113.6390609741
38113.6835937500	-113.6485748291
38245.6875000000	-113.7474975586
38378.1484375000	-113.9125823975
38511.0703125000	-114.1190261841
38644.4531250000	-114.3252868652
38778.2968750000	-114.4768524170
38912.6015625000	-114.5813980103
39047.3320312500	-114.6509780884
39182.5703125000	-114.7008285522
39318.2773437500	-114.7481842041
39454.4531250000	-114.7969665527
39591.1015625000	-114.8394622803
39728.2265625000	-114.8702850342
39865.8203125000	-114.8858947754
40003.8945312500	-114.8855133057
40142.4453125000	-114.8734512329
40281.4335937500	-114.8553085327
40420.9453125000	-114.8327789307
40560.9414062500	-114.8090057373
40701.4257812500	-114.7892684937
40842.3906250000	-114.7868728638
40983.8476562500	-114.8111190796
41125.7929687500	-114.8546295166
41268.2304687500	-114.9036407471
41411.1171875000	-114.9422073364
41554.5390625000	-114.9575195313
41698.4648437500	-114.9479217529
41842.8828125000	-114.9351043701
41987.8046875000	-114.9396820068
42133.2265625000	-114.9690551758
42279.1523437500	-115.0224914551
42425.5859375000	-115.0935058594
42572.4765625000	-115.1721496582
42719.9257812500	-115.2446289063
42867.8828125000	-115.2650375366
43016.3554687500	-115.1443710327
43165.3398437500	-114.7679595947
43314.8437500000	-114.0914993286
43464.8593750000	-113.2022018433
43615.3984375000	-112.2989883423
43766.4101562500	-111.6097869873
43917.9960937500	-111.2996673584
44070.1015625000	-111.4816665649
44222.7382812500	-112.1120910645
44375.9023437500	-113.0387496948
44529.5937500000	-114.0390548706
44683.8203125000	-114.8731994629
44838.5820312500	-115.4109725952
44993.8281250000	-115.6765365601
45149.6601562500	-115.7818222046
45306.0351562500	-115.8228607178
45462.9492187500	-115.8415145874
45620.4101562500	-115.8443756104
45778.4140625000	-115.8198699951
45936.9648437500	-115.7362289429
46096.0664062500	-115.5704803467
46255.6679687500	-115.3398361206
46415.8710937500	-115.1091308594
46576.6289062500	-114.9613418579
46737.9453125000	-114.9542770386
46899.8203125000	-115.0933837891
47062.2578125000	-115.3301544189
47225.2539062500	-115.5861511230
47388.8164062500	-115.7908706665
47552.8945312500	-115.9088363647
47717.5898437500	-115.9396667480
47882.8593750000	-115.9010696411
48048.6992187500	-115.8146057129
48215.1132812500	-115.6935043335
48382.1054687500	-115.5238342285
48549.6718750000	-115.2489624023
48717.8242187500	-114.7869262695
48886.5000000000	-114.0927276611
49055.8164062500	-113.5400924683
49225.7187500000	-112.6011352539
49396.2109375000	-111.7019348145
49567.2929687500	-110.7275314331
49738.9648437500	-108.9013671875
49911.2343750000	-105.4971618652
50084.1015625000	-101.4055252075
50257.5664062500	-97.7202072144
50431.5742187500	-94.8306121826
50606.2421875000	-92.1846542358
50781.5156250000	-91.3157958984
50957.3945312500	-91.8227996826
51133.8828125000	-93.1617813110
51310.9804687500	-95.3363800049
51488.6953125000	-98.3301467896
51667.0234375000	-102.0227508545
51845.9140625000	-105.9478225708
52025.4804687500	-109.0795364380
52205.6679687500	-110.8361206055
52386.4804687500	-111.9022140503
52567.9179687500	-112.8793182373
52749.9843750000	-113.8435897827
52932.6796875000	-114.6749649048
53116.0117187500	-115.2774124146
53299.9179687500	-115.6613159180
53484.5195312500	-116.0151901245
53669.7617187500	-116.3269424438
53855.6445312500	-116.5340423584
54042.1679687500	-116.7131423950
54229.3398437500	-116.8301849365
54417.1640625000	-116.8659210205
54605.6328125000	-116.8313674927
54794.6992187500	-116.7694549561
54984.4765625000	-116.7374267578
55174.9140625000	-116.7784194946
55366.0078125000	-116.9802627563
55557.7656250000	-117.2150802612
55750.1875000000	-117.3073348999
55943.2773437500	-117.3288574219
56137.0351562500	-117.2990341187
56331.3984375000	-117.2416458130
56526.5000000000	-117.1620712280
56722.2773437500	-116.9730834961
56918.7343750000	-116.7482986450
57115.8671875000	-116.6600341797
57313.6875000000	-116.6865997314
57512.1914062500	-116.8343124390
57711.3789062500	-117.0587997437
57911.1992187500	-117.3798599243
58111.7695312500	-117.5761718750
58313.0390625000	-117.6125335693
58515.0039062500	-117.6060562134
58717.6679687500	-117.5876007080
58921.0312500000	-117.5844955444
59125.1015625000	-117.6075210571
59329.8789062500	-117.6220245361
59535.3007812500	-117.6235275269
59741.5000000000	-117.6114578247
59948.4101562500	-117.5898818970
60156.0390625000	-117.5947875977
60364.3867187500	-117.6224212646
60573.4570312500	-117.6593856812
60783.2500000000	-117.7114562988
60993.7695312500	-117.7597808838
61204.9531250000	-117.7988891602
61416.9335937500	-117.8458099365
61629.6484375000	-117.9179916382
61843.0976562500	-117.9851913452
62057.2890625000	-118.0354461670
62272.2226562500	-118.0936584473
62487.8984375000	-118.1323013306
62704.3203125000	-117.9826202393
62921.4257812500	-117.6761016846
63139.3515625000	-117.0243148804
63358.0312500000	-116.5137634277
63577.4687500000	-116.4401626587
63797.6679687500	-116.6072082520
64018.6289062500	-117.1329727173
64240.3554687500	-117.5989761353
64462.8476562500	-117.6943817139
64686.1093750000	-117.6421432495
64910.0781250000	-117.6476287842
65134.8906250000	-117.7566986084
65360.4804687500	-117.9739990234
65586.8515625000	-118.1506195068
65814.0156250000	-118.2280654907
66041.9531250000	-118.3000869751
66270.6875000000	-118.3373870850
66500.2109375000	-118.3420639038
66730.4609375000	-118.2596435547
66961.5781250000	-117.9583511353
67193.5000000000	-117.2474746704
67426.2187500000	-116.4343032837
67659.7500000000	-116.0623168945
67894.0859375000	-116.0962295532
68129.2343750000	-116.7148208618
68365.1953125000	-117.3282546997
68601.8984375000	-118.0483322144
68839.5000000000	-118.3890304565
69077.9218750000	-118.4274291992
69317.1718750000	-118.4165878296
69557.2421875000	-118.4198684692
69798.1562500000	-118.4635925293
70039.8984375000	-118.5423278809
70282.4765625000	-118.6186447144
70525.8203125000	-118.6488723755
70770.0859375000	-118.6010208130
71015.1875000000	-118.4926376343
71261.1484375000	-118.2831726074
71507.9609375000	-117.9705963135
71755.6250000000	-117.7292938232
72004.1484375000	-117.4986419678
72253.5312500000	-117.5198669434
72503.6953125000	-117.8373947144
72754.8125000000	-118.2528457642
73006.7890625000	-118.5810470581
73259.6484375000	-118.7856445313
73513.3828125000	-118.8812942505
73767.9921875000	-118.9353866577
74023.4843750000	-118.9865798950
74279.8593750000	-119.0581512451
74537.0390625000	-119.1102676392
74795.1953125000	-119.0942764282
75054.2500000000	-119.0251922607
75314.1953125000	-118.9945220947
75575.0390625000	-119.0154342651
75836.7890625000	-118.9541625977
76099.4453125000	-118.8441162109
76363.0156250000	-118.8129043579
76627.4140625000	-118.8779678345
76892.8046875000	-118.9902877808
77159.1250000000	-119.0915374756
77426.3593750000	-119.1714935303
77694.5234375000	-119.2574234009
77963.6093750000	-119.2936019897
78233.6328125000	-119.2773132324
78504.5937500000	-119.2250595093
78776.4062500000	-119.1780548096
79049.2421875000	-119.1669845581
79323.0234375000	-119.1278686523
79597.7578125000	-118.9338836670
79873.4453125000	-118.6717071533
80150.0781250000	-118.5668411255
80427.6796875000	-118.7666091919
80706.2343750000	-119.0186996460
80985.7578125000	-119.2364120483
81266.1562500000	-119.4759521484
81547.6171875000	-119.5725402832
81830.0546875000	-119.5594635010
82113.4687500000	-119.4984283447
82397.8671875000	-119.4852600098
82683.2500000000	-119.4689331055
82969.6171875000	-119.3513336182
83256.9765625000	-119.2439117432
83545.2421875000	-119.2336807251
83834.6015625000	-119.3780899048
84124.9531250000	-119.5446166992
84416.3203125000	-119.5612335205
84708.6875000000	-119.5076293945
85002.0781250000	-119.4911575317
85296.4765625000	-119.5379562378
85591.8984375000	-119.5960006714
85888.2500000000	-119.6267776489
86185.7187500000	-119.5841751099
86484.2187500000	-119.5290908813
86783.7500000000	-119.4694595337
87084.3203125000	-119.3046340942
87385.9375000000	-118.9747314453
87688.5937500000	-118.7619628906
87992.2968750000	-118.8473205566
88296.9609375000	-119.0102310181
88602.7734375000	-119.0440979004
88909.6406250000	-119.0337448120
89217.5781250000	-119.1704025269
89526.5781250000	-119.3210678101
89836.6484375000	-119.4614028931
90147.7968750000	-119.6538009644
90460.0156250000	-119.8645248413
90773.2187500000	-119.9695281982
91087.6093750000	-119.9304885864
91403.0859375000	-119.8516311646
91719.6562500000	-119.7983322144
92037.3281250000	-119.7442703247
92356.0937500000	-119.6514358521
92675.9609375000	-119.5433502197
92996.9453125000	-119.4912414551
93318.9296875000	-119.5612030029
93642.1328125000	-119.7291946411
93966.4609375000	-119.8641967773
94291.9062500000	-119.8156509399
94618.4843750000	-119.4966201782
94946.1953125000	-119.0644302368
95275.0312500000	-118.6666641235
95605.0156250000	-118.6689987183
95936.0312500000	-119.1409530640
96268.3046875000	-119.4528732300
96601.7265625000	-119.5872421265
96936.2968750000	-119.5768432617
97272.0312500000	-119.3174133301
97608.9296875000	-118.9969177246
97946.9921875000	-118.7144088745
98286.2265625000	-118.2138595581
98626.5312500000	-117.0987396240
98968.1171875000	-115.4712677002
99310.8906250000	-113.6244049072
99654.8515625000	-111.2420043945
100000.0000000000	-100.6363372803
100346.3437500000	-98.9613189697
100693.8906250000	-97.5637207031
101042.6406250000	-96.6336135864
101392.5937500000	-95.9677352905
101743.6562500000	-95.5695800781
102096.0390625000	-95.6331024170
102449.6406250000	-95.9964218140
102804.4687500000	-96.6386337280
103160.5312500000	-97.6929626465
103517.8203125000	-99.1238632202
103876.3515625000	-100.8426361084
104236.1250000000	-102.8933334351
104597.0234375000	-105.3104019165
104959.2890625000	-107.8097763062
105322.8125000000	-110.2974319458
105687.5937500000	-112.2857055664
106053.6406250000	-113.6245040894
106420.9531250000	-114.5482559204
106789.5312500000	-115.1601715088
107159.3906250000	-115.7875747681
107530.4218750000	-116.4933547974
107902.8437500000	-117.2660217285
108276.5625000000	-118.0678100586
108651.5703125000	-118.7439422607
109027.8828125000	-119.2677154541
109405.4921875000	-119.6248474121
109784.4140625000	-119.7919235229
110164.6484375000	-119.8796920776
110546.0781250000	-119.9381942749
110928.9453125000	-119.9869918823
111313.1484375000	-120.0382919312
111698.6718750000	-120.0811309814
112085.5390625000	-120.1073532104
112473.7421875000	-120.1118392944
112863.2890625000	-120.0862808228
113254.1875000000	-120.0397796631
113646.3125000000	-119.9897766113
114039.9218750000	-119.9454193115
114434.8906250000	-119.9167785645
114831.2343750000	-119.9187927246
115228.9453125000	-119.9374465942
115628.0312500000	-119.9635620117
116028.5078125000	-119.9872055054
116430.3671875000	-119.9928283691
116833.4921875000	-119.9713439941
117238.1406250000	-119.9338607788
117644.1875000000	-119.8902282715
118051.6406250000	-119.8520355225
118460.5078125000	-119.8369293213
118870.7890625000	-119.8546371460
119282.4921875000	-119.8981170654
119695.6250000000	-119.9609222412
120110.0546875000	-120.0343170166
120526.0468750000	-120.1071701050
120943.4843750000	-120.1634521484
121362.3671875000	-120.1982650757
121782.6953125000	-120.2100143433
122204.4843750000	-120.2008209229
122627.7343750000	-120.1764678955
123052.4531250000	-120.1471710205
123478.5000000000	-120.1258468628
123906.1640625000	-120.1154632568
124335.3125000000	-120.1148834229
124765.9375000000	-120.1219253540
125198.0625000000	-120.1351699829
125631.6796875000	-120.1560668945
126066.7968750000	-120.1929855347
126503.4218750000	-120.2455062866
126941.5625000000	-120.3072814941
127381.0781250000	-120.3660659790
127822.2578125000	-120.4070739746
128264.9609375000	-120.4172439575
128709.2031250000	-120.3903045654
129154.9843750000	-120.3288116455
129602.3046875000	-120.2503128052
130051.1796875000	-120.1708374023
130501.6015625000	-120.1012115479
130953.4453125000	-120.0490798950
131407.0000000000	-120.0182113647
131862.1250000000	-120.0072555542
132318.8125000000	-120.0077209473
132777.0937500000	-120.0027084351
133236.9687500000	-119.9654693604
133698.4218750000	-119.8720703125
134161.4843750000	-119.7244415283
134626.0000000000	-119.5472183228
135092.2656250000	-119.3833389282
135560.1562500000	-119.2796554565
136029.6562500000	-119.2702865601
136500.7968750000	-119.3641433716
136973.5625000000	-119.5401229858
137447.9531250000	-119.7517318726
137924.0000000000	-119.9410781860
138401.5468750000	-120.0595169067
138880.8906250000	-120.0872039795
139361.9062500000	-120.0401077271
139844.5781250000	-119.9620285034
140328.9218750000	-119.9027938843
140814.9375000000	-119.8916091919
141302.6406250000	-119.9337005615
141792.0468750000	-120.0129852295
142282.9843750000	-120.1032104492
142775.7656250000	-120.1824111938
143270.2656250000	-120.2414016724
143766.4687500000	-120.2823944092
144264.4062500000	-120.3108291626
144764.0625000000	-120.3284835815
145265.4375000000	-120.3319778442
145768.5625000000	-120.3151779175
146273.2656250000	-120.2721023560
146779.8750000000	-120.1992645264
147288.2343750000	-120.0491027832
147798.3593750000	-119.9037628174
148310.2500000000	-119.6868209839
148823.9218750000	-119.2583236694
149339.3750000000	-118.3552780151
149856.5937500000	-116.7939147949
150375.4531250000	-114.7683258057
150896.2656250000	-112.7138214111
151418.8906250000	-110.9769897461
151943.3281250000	-109.7388000488
152469.5781250000	-109.0762481689
152997.6406250000	-109.0160446167
153527.5468750000	-109.5584106445
154059.2812500000	-110.6793212891
154592.6875000000	-112.3128662109
155128.1093750000	-114.3077087402
155665.3906250000	-116.3675003052
156204.5312500000	-118.0776748657
156745.5468750000	-119.1648254395
157288.4218750000	-119.7138519287
157833.1875000000	-119.9691162109
158379.8281250000	-120.0952301025
158928.3750000000	-120.1693344116
159478.6406250000	-120.1691589355
160030.9843750000	-120.1334152222
160585.2500000000	-120.0832977295
161141.4218750000	-120.0308227539
161699.5312500000	-119.9876098633
162259.5781250000	-119.9628219604
162821.5468750000	-119.9617996216
163385.4687500000	-119.9853668213
163951.1718750000	-120.0300979614
164519.0156250000	-120.1212692261
165088.8125000000	-120.2103424072
165660.5937500000	-120.2463912964
166234.3437500000	-120.2512207031
166810.0937500000	-120.2215194702
167387.8281250000	-120.1611328125
167967.5781250000	-120.0787658691
168549.1406250000	-119.9877700806
169132.9062500000	-119.8830642700
169718.6875000000	-119.8570938110
170306.5000000000	-119.8993072510
170896.3437500000	-119.9659042358
171488.2343750000	-120.0309295654
172082.1718750000	-120.0774841309
172678.1718750000	-120.1166229248
173276.0468750000	-120.1569824219
173876.1875000000	-120.1986999512
174478.3906250000	-120.2474517822
175082.6875000000	-120.2914352417
175689.0781250000	-120.3235092163
176297.5781250000	-120.3165740967
176908.1718750000	-120.2934036255
177520.8906250000	-120.2642364502
178135.5312500000	-120.2332000732
178752.4843750000	-120.1847839355
179371.5937500000	-120.1297988892
179992.8437500000	-120.0774154663
180616.2343750000	-119.9933471680
181241.7968750000	-119.8591308594
181869.5156250000	-119.5787048340
182499.4062500000	-119.3423919678
183131.2812500000	-119.3090438843
183765.5468750000	-119.3993759155
184402.0156250000	-119.6878814697
185040.6875000000	-119.9807586670
185681.5625000000	-120.1076202393
186324.6718750000	-120.1802673340
186969.9843750000	-120.2249984741
187617.5468750000	-120.2437973022
188267.1562500000	-120.2581939697
188919.2031250000	-120.2952346802
189573.5156250000	-120.3243865967
190230.0937500000	-120.3136749268
190888.9531250000	-120.2746658325
191550.0937500000	-120.1929855347
192213.5156250000	-120.1222915649
192879.2343750000	-120.0866088867
193547.0468750000	-120.0371856689
194217.3906250000	-119.9896926880
194890.0468750000	-119.9597930908
195565.0468750000	-119.8994522095
196242.3750000000	-119.7881622314
196922.0468750000	-119.6354217529
197604.0781250000	-119.0891418457
198288.4843750000	-117.9553985596
198975.0156250000	-116.5648193359
199664.1562500000	-113.1665573120
200355.6875000000	-109.2397918701
201049.6093750000	-106.3022079468
201745.9375000000	-102.1854400635
202444.6718750000	-99.2506637573
203145.8281250000	-97.4896926880
203849.4218750000	-96.9258270264
204555.4375000000	-97.3193359375
205263.6875000000	-98.9862213135
205974.6093750000	-101.8619537354
206688.0000000000	-105.5419082642
207403.8437500000	-110.1392135620
208122.1875000000	-112.9831924438
208843.0000000000	-116.2796630859
209566.3125000000	-118.5755844116
210292.1406250000	-119.4636383057
211020.2500000000	-119.7807998657
211751.1093750000	-119.8583221436
212484.5000000000	-119.9147491455
213220.4218750000	-119.9447784424
213958.9062500000	-119.9372100830
214699.9375000000	-119.8174743652
215443.5468750000	-119.4731445313
216189.7343750000	-119.0295639038
216938.2500000000	-118.7841339111
217689.6093750000	-118.9049758911
218443.5625000000	-119.3913345337
219200.1406250000	-119.9104690552
219959.3281250000	-120.1785354614
220721.1406250000	-120.2365951538
221485.5937500000	-120.1648788452
222252.7031250000	-120.0690689087
223022.2187500000	-119.9599990845
223794.6562500000	-119.8396530151
224569.7500000000	-119.7565155029
225347.5468750000	-119.7451553345
226128.0156250000	-119.7587814331
226911.2031250000	-119.6902313232
227697.0937500000	-119.5222854614
228485.7187500000	-119.4010772705
229276.8125000000	-119.4589004517
230070.9062500000	-119.6774139404
230867.7500000000	-119.7821044922
231667.3437500000	-119.7454376221
232469.7187500000	-119.6611633301
233274.8593750000	-119.6252593994
234082.7968750000	-119.6707687378
234893.5312500000	-119.7148513794
235706.8281250000	-119.7214355469
236523.1875000000	-119.7217254639
237342.3750000000	-119.7666778564
238164.3906250000	-119.9068450928
238989.2656250000	-120.0390472412
239816.9843750000	-120.1336898804
240647.5937500000	-120.1609420776
241481.0625000000	-120.0931091309
242317.1562500000	-119.9196395874
243156.4062500000	-119.7705764771
243998.5625000000	-119.6523361206
244843.6406250000	-119.5826721191
245691.6562500000	-119.5918197632
246542.5937500000	-119.6380615234
247396.4843750000	-119.7067642212
248253.3281250000	-119.7036285400
249112.8593750000	-119.5578155518
249975.6562500000	-119.0284347534
250841.4375000000	-117.6404037476
251710.2187500000	-115.7985687256
252582.0000000000	-113.2877807617
253456.8125000000	-110.4735488892
254334.6406250000	-109.2226409912
255215.5156250000	-109.0676422119
256099.4531250000	-110.3575668335
256986.1562500000	-113.1241149902
257876.2187500000	-115.7020721436
258769.3593750000	-117.6397323608
259665.5937500000	-119.0477981567
260564.9375000000	-119.6250991821
261467.3906250000	-119.8480377197
262372.9687500000	-119.8704299927
263281.6875000000	-119.7342987061
264193.2500000000	-119.6487121582
265108.2812500000	-119.7123794556
266026.4687500000	-119.7517242432
266947.8437500000	-119.6926040649
267872.4062500000	-119.5704650879
268800.1562500000	-119.5297088623
269731.1562500000	-119.5599288940
270665.3437500000	-119.6131668091
271602.4687500000	-119.6636505127
272543.1562500000	-119.7050247192
273487.0937500000	-119.7358779907
274434.3125000000	-119.7546920776
275384.8125000000	-119.7469711304
276338.5937500000	-119.4151763916
277295.6875000000	-117.6578979492
278256.0625000000	-114.9977493286
279219.5000000000	-113.7099761963
280186.5625000000	-113.7115402222
281156.9687500000	-115.3398590088
282130.7500000000	-117.4640502930
283107.9062500000	-118.0663375854
284088.4375000000	-118.2971496582
285072.3437500000	-118.9491271973
286059.6875000000	-119.3423919678
287050.1250000000	-119.3574218750
288044.3125000000	-119.5083541870
289041.9375000000	-119.7725677490
290043.0312500000	-119.8533477783
291047.5625000000	-119.8618240356
292055.5937500000	-119.9843902588
293067.1250000000	-120.0726013184
294082.1562500000	-119.9657745361
295100.3750000000	-119.8136749268
296122.4375000000	-119.7745895386
297148.0312500000	-119.7173233032
298177.1875000000	-119.4203948975
299209.9062500000	-118.5169754028
300246.2187500000	-108.7088241577
301286.1250000000	-107.2015151978
302329.5937500000	-105.9075698853
303376.3750000000	-104.9573135376
304427.0937500000	-104.3346328735
305481.4687500000	-103.9579620361
306539.5000000000	-103.9013977051
307601.1875000000	-104.2312088013
308666.5312500000	-104.8203201294
309735.5937500000	-105.6803207397
310808.3437500000	-106.9887924194
311884.4687500000	-108.5388717651
312964.6875000000	-110.3122100830
314048.6250000000	-112.3161849976
315136.3125000000	-114.2351608276
316227.7812500000	-115.9061279297
317323.0000000000	-117.1522216797
318422.0312500000	-117.7399444580
319524.8750000000	-118.1382369995
320631.5312500000	-118.4188537598
321741.6875000000	-118.7094497681
322856.0312500000	-119.0389404297
323974.2187500000	-119.3661499023
325096.2812500000	-119.6703948975
326222.2500000000	-119.8790664673
327352.0937500000	-120.0040664673
328485.8750000000	-120.0711135864
329623.5625000000	-120.0949630737
330764.8437500000	-120.1112518311
331910.4062500000	-120.1476364136
333059.9687500000	-120.2055358887
334213.5312500000	-120.2862777710
335371.0625000000	-120.3852233887
336532.5937500000	-120.4809188843
337698.1562500000	-120.5657119751
338867.7500000000	-120.6333389282
340041.0312500000	-120.6726531982
341218.7500000000	-120.6860198975
342400.5625000000	-120.6708297729
343586.4375000000	-120.6116943359
344776.4375000000	-120.4733657837
345970.5625000000	-120.1045989990
347168.8125000000	-119.4378585815
348371.2187500000	-118.4513320923
349577.4062500000	-117.1649856567
350788.1250000000	-115.6894378662
352003.0625000000	-114.2855682373
353222.2187500000	-113.0684051514
354445.5937500000	-112.1056594849
355673.1875000000	-111.4467239380
356905.0625000000	-111.1796875000
358141.1875000000	-111.3195724487
359381.1875000000	-111.8142089844
360625.9062500000	-112.6546707153
361874.9062500000	-113.8172454834
363128.2500000000	-115.2643356323
364385.9062500000	-116.8710250854
365647.9375000000	-118.3598098755
366914.3437500000	-119.5488281250
368185.1562500000	-120.3514480591
369459.9375000000	-120.7847671509
370739.5312500000	-120.9728317261
372023.5937500000	-121.0652542114
373312.0625000000	-121.1437835693
374605.0312500000	-121.2225112915
375902.4375000000	-121.3002548218
377204.3750000000	-121.3665771484
378510.7812500000	-121.4078598022
379821.3437500000	-121.4095916748
381136.8125000000	-121.3723983765
382456.8750000000	-121.3039169312
383781.5000000000	-121.2065582275
385110.7187500000	-121.0788421631
386444.5312500000	-120.9122085571
387782.9687500000	-120.6815490723
389126.0312500000	-120.3230285645
390473.3125000000	-119.5526275635
391825.6875000000	-117.8751449585
393182.7812500000	-115.0214614868
394544.5312500000	-111.2935104370
395911.0312500000	-107.2078475952
397282.2500000000	-103.1968536377
398658.2187500000	-99.5005035400
400038.9375000000	-96.2291183472
401424.4687500000	-93.4326705933
402814.3437500000	-91.1421279907
404209.4687500000	-89.4057464600
405609.4375000000	-88.1821212769
407014.2500000000	-87.4760055542
408423.9062500000	-87.2934265137
409838.4687500000	-87.6427230835
411257.9375000000	-88.5352249146
412682.3125000000	-89.9853897095
414111.1562500000	-92.0095367432
415545.4062500000	-94.6267242432
416984.6250000000	-97.8491897583
418428.8437500000	-101.6696929932
419878.0625000000	-106.0195236206
421332.2812500000	-110.6656112671
422791.5312500000	-115.0307388306
424255.8750000000	-118.2106323242
425724.7812500000	-119.8675994873
427199.2500000000	-120.5912322998
428678.8437500000	-120.9412689209
430163.5625000000	-121.1228713989
431653.4062500000	-121.2230377197
433148.4062500000	-121.2870101929
434648.5937500000	-121.3336715698
436154.0000000000	-121.3614196777
437664.1250000000	-121.3627624512
439179.9375000000	-121.3439559937
440701.0312500000	-121.3328781128
442227.3750000000	-121.3702316284
443759.0000000000	-121.4518508911
445295.9375000000	-121.4808731079
446838.2187500000	-121.2259521484
448385.8125000000	-120.3793716431
449938.2812500000	-118.8359985352
451496.6250000000	-116.8700637817
453060.3437500000	-114.8888626099
454629.5000000000	-113.1833419800
456204.0937500000	-111.9074554443
457784.1562500000	-111.1340942383
459369.6562500000	-110.8961563110
460960.6562500000	-111.2059707642
462556.6562500000	-112.0605087280
464158.7187500000	-113.4346771240
465766.3125000000	-115.2576522827
467379.4687500000	-117.3625793457
468998.2187500000	-119.4252853394
470622.5625000000	-121.0216827393
472252.5625000000	-122.1258544922
473888.1875000000	-122.4667129517
475528.9375000000	-122.5207519531
477175.9062500000	-122.5479660034
478828.5937500000	-122.5620117188
480487.0000000000	-122.5646133423
482151.1250000000	-122.5617675781
483821.0312500000	-122.5666580200
485496.7500000000	-122.5914077759
487178.2187500000	-122.6362609863
488865.0000000000	-122.6869964600
490558.1875000000	-122.7320098877
492257.1875000000	-122.7375030518
493962.1250000000	-122.7324752808
495672.9375000000	-122.7315673828
497389.6562500000	-122.7228317261
499112.3437500000	-122.6675338745
500841.0000000000	-122.5009307861
502575.6562500000	-122.1552581787
504315.7500000000	-121.2617416382
506062.4062500000	-120.2745056152
507815.1250000000	-119.7628860474
509573.9375000000	-119.5071258545
511338.8125000000	-119.5577545166
513109.8125000000	-119.9123458862
514886.9375000000	-120.8664169312
516670.2500000000	-121.9644165039
518459.1250000000	-122.5142669678
520254.7812500000	-122.8386535645
522056.6562500000	-122.9745788574
523864.7812500000	-122.9982299805
525679.1875000000	-122.9330596924
527499.8125000000	-122.8125915527
529326.8125000000	-122.7160339355
531160.1250000000	-122.6326065063
532999.1875000000	-122.5808639526
534845.1875000000	-122.5746994019
536697.6250000000	-122.6176071167
538556.4375000000	-122.6614685059
540421.6875000000	-122.7079010010
542293.4375000000	-122.7650222778
544171.6250000000	-122.7932205200
546056.3125000000	-122.7849884033
547947.0000000000	-122.7360916138
549844.7500000000	-122.5875396729
551749.1250000000	-121.8832778931
553660.0625000000	-120.5694732666
555577.6875000000	-119.4012908936
557501.8750000000	-118.2692565918
559432.7500000000	-117.0589141846
561370.3125000000	-116.6014328003
563314.0000000000	-116.8359985352
565265.0000000000	-117.9108200073
567222.7500000000	-119.5566635132
569187.3125000000	-120.7080154419
571158.6875000000	-121.6627807617
573136.8750000000	-122.4785690308
575121.8750000000	-122.8184738159
577113.8125000000	-122.8638000488
579112.0000000000	-122.7686386108
581117.6875000000	-122.5147247314
583130.3750000000	-122.2729110718
585150.0000000000	-121.9976501465
587176.6875000000	-121.9819030762
589210.3125000000	-122.1752090454
591251.0000000000	-122.6062545776
593298.8125000000	-122.9651260376
595353.0000000000	-123.0396347046
597415.0000000000	-122.7525863647
599484.1250000000	-121.8507232666
601560.3750000000	-120.6619262695
603643.8750000000	-118.0450744629
605734.5625000000	-115.4142608643
607832.5000000000	-113.1318969727
609937.6875000000	-111.6856536865
612049.5000000000	-111.2790908813
614169.3125000000	-111.6129379272
616296.4375000000	-112.9186706543
618431.0000000000	-114.3796005249
620572.8750000000	-117.0880279541
622722.1875000000	-120.1242752075
624879.0000000000	-122.0080108643
627043.2500000000	-122.8182525635
629214.2500000000	-122.9301071167
631393.5000000000	-122.9267425537
633580.3125000000	-122.8910369873
635774.6875000000	-122.7759017944
637976.6875000000	-122.6514892578
640186.2500000000	-122.6230392456
642403.5625000000	-122.6814575195
644628.5000000000	-122.7719192505
646861.1250000000	-122.8397445679
649100.7500000000	-122.8092117310
651348.8750000000	-122.5805282593
653604.8125000000	-121.9007873535
655868.5625000000	-120.8291244507
658140.1250000000	-119.4636688232
660419.5625000000	-118.3155670166
662706.8750000000	-117.7791290283
665002.1250000000	-117.9247894287
667304.6250000000	-118.8691024780
669615.8125000000	-120.2828598022
671935.0000000000	-121.6354064941
674262.1875000000	-122.5874786377
676597.5000000000	-122.9358215332
678940.8125000000	-123.0145568848
681292.3125000000	-122.9663543701
683651.9375000000	-122.9109344482
686019.0000000000	-122.8926773071
688395.0000000000	-122.9167022705
690779.1875000000	-122.9840698242
693171.6875000000	-123.0499420166
695572.4375000000	-123.0031585693
697981.5625000000	-122.7627182007
700398.9375000000	-122.2219543457
702824.7500000000	-120.9053115845
705258.1875000000	-118.9508895874
707700.8125000000	-116.4794998169
710151.9375000000	-113.7593765259
712611.5000000000	-112.4839935303
715079.5625000000	-112.1795883179
717556.2500000000	-113.1954574585
720041.4375000000	-115.0395965576
722535.3125000000	-117.4969482422
725036.9375000000	-120.1861724854
727548.0625000000	-121.8860168457
730067.9375000000	-122.7781753540
732596.5000000000	-122.9097442627
735133.8125000000	-122.8823852539
737679.8750000000	-122.7730255127
740234.8125000000	-122.7323760986
742798.5625000000	-122.8065185547
745370.4375000000	-122.9817657471
747952.0000000000	-123.0273132324
750542.4375000000	-122.8087387085
753141.9375000000	-122.0742568970
755750.4375000000	-120.1971817017
758367.9375000000	-118.3930053711
760994.5000000000	-116.6201782227
763630.1875000000	-115.1047592163
766274.1250000000	-114.9201889038
768928.0625000000	-115.7109832764
771591.1875000000	-117.2630157471
774263.5625000000	-119.8720550537
776945.1875000000	-121.9165573120
779636.1250000000	-122.6180953979
782336.3750000000	-122.8010940552
785045.9375000000	-122.8509750366
787764.0625000000	-122.8232040405
790492.4375000000	-122.7389221191
793230.2500000000	-122.3781814575
795977.5625000000	-120.4986495972
798734.4375000000	-115.9900360107
801500.8125000000	-110.3563461304
804276.7500000000	-105.0858917236
807062.3125000000	-101.7698516846
809857.5625000000	-98.8194732666
812661.5625000000	-96.0529556274
815476.1875000000	-94.6908721924
818300.5625000000	-94.9123153687
821134.6875000000	-96.7885360718
823978.6875000000	-99.3288574219
826832.5000000000	-102.6038131714
829696.1875000000	-108.2421188354
832569.8125000000	-114.7009124756
835452.4375000000	-119.9136734009
838346.0000000000	-121.8901596069
841249.5625000000	-122.4311523438
844163.1875000000	-122.6965103149
847086.9375000000	-122.7985000610
850020.7500000000	-122.7008743286
852964.7500000000	-122.4926834106
855919.0000000000	-122.0340652466
858882.4375000000	-120.8398132324
861857.1875000000	-119.0924453735
864842.1875000000	-117.5408325195
867837.5000000000	-116.8744125366
870843.2500000000	-117.3850097656
873859.3750000000	-118.9443359375
876885.9375000000	-120.9516067505
879923.0000000000	-122.5335845947
882969.5625000000	-123.2966232300
886027.6875000000	-123.5440979004
889096.4375000000	-123.6273269653
892175.7500000000	-123.6310958862
895265.7500000000	-123.5556640625
898366.5000000000	-123.4683837891
901477.9375000000	-123.4130706787
904600.1875000000	-123.4098129272
907732.1875000000	-123.4333343506
910876.1250000000	-123.3857727051
914030.8750000000	-123.1997756958
917196.5625000000	-123.0206451416
920373.2500000000	-122.9913635254
923560.9375000000	-123.0687332153
926759.6250000000	-123.2060394287
929969.4375000000	-123.3547210693
933189.3125000000	-123.4678649902
936421.3750000000	-123.5292587280
939664.6250000000	-123.5307006836
942919.0625000000	-123.4663314819
946184.8750000000	-123.3982772827
949461.9375000000	-123.3639984131
952750.3125000000	-123.3542404175
956050.1250000000	-123.3459854126
959360.3125000000	-123.3449020386
962683.0000000000	-123.2931213379
966017.2500000000	-122.9873123169
969363.0000000000	-122.7532348633
972720.3125000000	-122.8759765625
976089.3125000000	-122.8790054321
979469.9375000000	-121.9373931885
982862.3125000000	-121.1520767212
986265.3125000000	-121.6472625732
989681.1875000000	-122.7443618774
993108.9375000000	-123.4649810791
996548.5000000000	-123.6455535889
1000000.0000000000	-121.9591979980
1003463.4375000000	-121.6471786499
1006938.8750000000	-121.3020553589
1010426.3750000000	-120.9963989258
1013925.9375000000	-120.7343673706
1017436.5000000000	-120.6284637451
1020960.3750000000	-120.6488037109
1024496.4375000000	-120.8090515137
1028044.6875000000	-121.1410064697
1031605.3125000000	-121.5335235596
1035178.1875000000	-122.0067520142
1038763.5000000000	-122.4350891113
1042361.2500000000	-122.7700958252
1045970.2500000000	-122.9240112305
1049592.8750000000	-122.9708786011
1053228.1250000000	-122.7975082397
1056875.8750000000	-122.5950088501
1060536.3750000000	-122.3495101929
1064209.5000000000	-122.1579132080
1067895.3750000000	-122.0025634766
1071594.0000000000	-121.9943695068
1075304.1250000000	-122.0352706909
1079028.5000000000	-122.1725997925
1082765.6250000000	-122.3322982788
1086515.7500000000	-122.5009002686
1090278.8750000000	-122.5487899780
1094055.0000000000	-122.4955596924
1097844.1250000000	-122.2929229736
1101646.5000000000	-121.9122238159
1105460.7500000000	-121.4764709473
1109289.5000000000	-121.0041046143
1113131.5000000000	-120.6251602173
1116986.7500000000	-120.3126907349
1120855.3750000000	-120.2813186646
1124737.3750000000	-120.3872909546
1128632.8750000000	-120.6716156006
1132541.8750000000	-121.1610565186
1136463.1250000000	-121.6851882935
1140399.2500000000	-122.2173995972
1144348.8750000000	-122.5069046021
1148312.3750000000	-122.6155395508
1152289.5000000000	-122.3470306396
1156280.3750000000	-121.8953399658
1160285.1250000000	-121.3655624390
1164303.6250000000	-120.8802337646
1168334.8750000000	-120.5402526855
1172381.3750000000	-120.3002777100
1176441.8750000000	-120.1779479980
1180516.3750000000	-119.7590332031
1184605.1250000000	-119.0072784424
1188707.8750000000	-117.2114791870
1192824.8750000000	-114.9867019653
1196956.2500000000	-112.5499114990
1201100.5000000000	-110.2627258301
1205260.5000000000	-108.3241424561
1209434.8750000000	-106.6760711670
1213623.6250000000	-105.4865951538
1217827.0000000000	-104.7684173584
1222044.8750000000	-104.3918609619
1226277.3750000000	-104.4423294067
1230524.5000000000	-105.0525283813
1234785.0000000000	-106.0307693481
1239061.6250000000	-107.3845443726
1243353.1250000000	-109.3961334229
1247659.3750000000	-111.7678985596
1251980.6250000000	-114.4371032715
1256316.7500000000	-117.3262863159
1260668.0000000000	-119.6336746216
1265034.2500000000	-121.2379302979
1269415.6250000000	-121.9345245361
1273810.7500000000	-122.0492553711
1278222.6250000000	-122.1748046875
1282649.6250000000	-122.3469772339
1287092.0000000000	-122.6269760132
1291549.8750000000	-122.9276962280
1296023.0000000000	-123.1700439453
1300511.7500000000	-123.3173294067
1305016.0000000000	-123.2658920288
1309534.5000000000	-123.0940933228
1314070.0000000000	-122.8777160645
1318621.1250000000	-122.6624679565
1323188.1250000000	-122.5646591187
1327771.0000000000	-122.6002349854
1332369.6250000000	-122.7493896484
1336984.2500000000	-122.9990768433
1341614.8750000000	-123.3053741455
1346260.0000000000	-123.5674743652
1350922.6250000000	-123.7574081421
1355601.5000000000	-123.8568801880
1360296.6250000000	-123.8471679688
1365007.8750000000	-123.7810211182
1369735.6250000000	-123.7042312622
1374479.6250000000	-123.6403808594
1379240.0000000000	-123.6134796143
1384015.5000000000	-123.6443328857
1388808.8750000000	-123.7021026611
1393619.0000000000	-123.7693710327
1398445.7500000000	-123.8274307251
1403289.1250000000	-123.8477401733
1408149.3750000000	-123.8070526123
1413026.5000000000	-123.7253112793
1417920.3750000000	-123.6265106201
1422829.7500000000	-123.5410766602
1427757.6250000000	-123.5152587891
1432702.6250000000	-123.5733718872
1437664.7500000000	-123.6789474487
1442644.0000000000	-123.7987213135
1447640.6250000000	-123.8980560303
1452654.3750000000	-123.9458007813
1457685.6250000000	-123.9161605835
1462732.6250000000	-123.8494949341
1467798.7500000000	-123.7763900757
1472882.3750000000	-123.7260131836
1477983.6250000000	-123.7215957642
1483102.6250000000	-123.7748794556
1488239.2500000000	-123.8728103638
1493393.6250000000	-123.9608154297
1498566.0000000000	-124.0019836426
1503754.5000000000	-123.9737777710
1508962.7500000000	-123.8725280762
1514189.0000000000	-123.7160110474
1519433.2500000000	-123.5443572998
1524695.7500000000	-123.4209976196
1529976.5000000000	-123.3832931519
1535275.5000000000	-123.4422073364
1540592.8750000000	-123.5761337280
1545926.8750000000	-123.7306518555
1551281.1250000000	-123.8289947510
1556654.0000000000	-123.7955093384
1562045.3750000000	-123.5877990723
1567455.3750000000	-123.2827453613
1572884.2500000000	-122.9729919434
1578331.8750000000	-122.6490783691
1583798.3750000000	-122.0903091431
1589283.7500000000	-120.9056549072
1594786.3750000000	-118.8523941040
1600309.8750000000	-116.1372222900
1605852.5000000000	-113.3117904663
1611414.2500000000	-110.7915878296
1616995.3750000000	-108.8285980225
1622595.7500000000	-107.4802627563
1628215.5000000000	-106.7807464600
1633854.7500000000	-106.7587966919
1639511.7500000000	-107.4350433350
1645190.1250000000	-108.8239440918
1650888.1250000000	-110.9230194092
1656605.8750000000	-113.6711730957
1662343.5000000000	-116.8183135986
1668101.0000000000	-119.7370986938
1673878.3750000000	-121.6176605225
1679675.7500000000	-122.3042984009
1685491.3750000000	-122.5310668945
1691329.0000000000	-122.8040618896
1697186.8750000000	-123.1646728516
1703065.0000000000	-123.4645004272
1708963.5000000000	-123.5463943481
1714882.3750000000	-123.3603591919
1720821.7500000000	-123.0146789551
1726781.7500000000	-122.6770095825
1732760.5000000000	-122.4977111816
1738761.8750000000	-122.5548629761
1744784.0000000000	-122.8340911865
1750826.8750000000	-123.2327651978
1756890.8750000000	-123.5960617065
1762975.7500000000	-123.7938690186
1769081.7500000000	-123.7993316650
1775208.8750000000	-123.6967315674
1781355.2500000000	-123.6403808594
1787524.8750000000	-123.6927032471
1793715.8750000000	-123.8245468140
1799928.3750000000	-123.9445190430
1806162.3750000000	-123.9634780884
1812417.8750000000	-123.8517456055
1818695.1250000000	-123.6508789063
1824994.1250000000	-123.4473495483
1831312.8750000000	-123.3319702148
1837655.5000000000	-123.3590621948
1844020.1250000000	-123.5216217041
1850406.8750000000	-123.7578430176
1856815.6250000000	-123.9905548096
1863246.6250000000	-124.1742477417
1869699.8750000000	-124.3083572388
1876175.5000000000	-124.4104919434
1882671.5000000000	-124.4880371094
1889192.0000000000	-124.5395584106
1895735.2500000000	-124.5190887451
1902301.0000000000	-124.4762725830
1908889.5000000000	-124.4426116943
1915500.8750000000	-124.4420166016
1922135.1250000000	-124.4782638550
1928792.3750000000	-124.5288925171
1935470.5000000000	-124.5591049194
1942173.8750000000	-124.5448455811
1948900.5000000000	-124.4819564819
1955650.5000000000	-124.3742141724
1962423.7500000000	-124.1154022217
1969220.5000000000	-123.7648086548
1976040.8750000000	-123.4751129150
1982884.7500000000	-123.0292129517
1989750.2500000000	-122.0429763794
1996641.6250000000	-120.1098022461
2003556.8750000000	-117.4191436768
2010496.1250000000	-114.5301208496
2017459.3750000000	-110.5314025879
2024446.7500000000	-107.7662963867
2031458.3750000000	-106.6321716309
2038494.2500000000	-106.1916809082
2045554.5000000000	-106.4776077271
2052636.8750000000	-107.5020523071
2059746.1250000000	-110.3252944946
2066879.8750000000	-114.8385314941
2074038.5000000000	-118.2661285400
2081221.7500000000	-121.2026062012
2088430.0000000000	-122.7535095215
2095663.2500000000	-123.2550277710
2102921.5000000000	-123.6025619507
2110202.5000000000	-123.8295745850
2117511.0000000000	-123.7253570557
2124845.0000000000	-123.4037857056
2132204.2500000000	-122.9999694824
2139589.0000000000	-122.6612243652
2146999.5000000000	-122.8327331543
2154435.5000000000	-123.2522125244
2161897.2500000000	-123.7431106567
2169382.5000000000	-124.2469558716
2176896.0000000000	-124.3897094727
2184435.7500000000	-124.3392791748
2192001.2500000000	-124.2921752930
2199593.2500000000	-124.2968597412
2207211.5000000000	-124.2833099365
2214856.0000000000	-124.1620330811
2222527.0000000000	-123.9239654541
2230222.2500000000	-123.4787673950
2237946.5000000000	-123.2161483765
2245697.5000000000	-123.2919082642
2253475.5000000000	-123.5561218262
2261280.2500000000	-124.0938796997
2269112.0000000000	-124.4979705811
2276971.0000000000	-124.5609817505
2284857.2500000000	-124.4991607666
2292768.2500000000	-124.3764953613
2300709.0000000000	-124.3917541504
2308677.5000000000	-124.5093460083
2316673.5000000000	-124.7278289795
2324697.2500000000	-124.8742599487
2332748.7500000000	-124.8773498535
2340828.0000000000	-124.7864227295
2348935.2500000000	-124.7144927979
2357068.2500000000	-124.7044219971
2365231.7500000000	-124.6130065918
2373423.7500000000	-124.3411178589
2381644.0000000000	-124.0191116333
2389892.7500000000	-122.9543304443
2398170.0000000000	-120.6879501343
2406475.7500000000	-118.2996673584
2414810.5000000000	-114.3272171021
2423171.5000000000	-110.9990539551
2431564.0000000000	-108.2191238403
2439985.7500000000	-106.5677795410
2448436.5000000000	-106.2369003296
2456916.5000000000	-107.0226364136
2465426.0000000000	-109.1462936401
2473964.7500000000	-112.5267715454
2482533.2500000000	-117.2799530029
2491128.7500000000	-120.2675170898
2499756.5000000000	-122.6474761963
2508414.2500000000	-123.5424041748
2517102.2500000000	-123.9900131226
2525820.0000000000	-124.0246963501
2534568.0000000000	-123.7272491455
2543346.5000000000	-123.2079086304
2552155.2500000000	-123.0044326782
2560994.5000000000	-123.3581008911
2569861.5000000000	-123.9768447876
2578762.2500000000	-124.5204391479
2587693.5000000000	-124.8394317627
2596656.0000000000	-124.8823852539
2605649.2500000000	-124.8035736084
2614673.7500000000	-124.6011962891
2623729.7500000000	-124.1566162109
2632816.7500000000	-123.3246231079
2641932.5000000000	-122.5236053467
2651082.7500000000	-122.2464370728
2660264.7500000000	-122.5512313843
2669478.5000000000	-123.3420791626
2678724.0000000000	-124.1781082153
2688001.7500000000	-124.6299362183
2697311.5000000000	-124.7624511719
2706653.5000000000	-124.7517395020
2716024.7500000000	-124.7354507446
2725431.7500000000	-124.7191314697
2734871.0000000000	-124.7358245850
2744343.2500000000	-124.8081130981
2753848.0000000000	-124.8921585083
2763386.0000000000	-124.9553756714
2772956.7500000000	-124.9794311523
2782560.7500000000	-124.8999252319
2792195.0000000000	-124.2164306641
2801865.5000000000	-122.2778015137
2811569.7500000000	-118.8774032593
2821307.5000000000	-114.6651382446
2831079.0000000000	-111.9141616821
2840884.2500000000	-109.5473175049
2850723.5000000000	-108.1498184204
2860597.0000000000	-108.1415481567
2870501.2500000000	-110.0317764282
2880443.2500000000	-112.8777923584
2890419.5000000000	-116.5431747437
2900430.2500000000	-122.0569152832
2910475.7500000000	-124.4423065186
2920556.0000000000	-124.8968734741
2930671.2500000000	-125.0921630859
2940821.5000000000	-125.1985168457
2951003.7500000000	-125.1657028198
2961224.2500000000	-125.1094665527
2971480.5000000000	-125.1501083374
2981772.0000000000	-125.2560501099
2992099.2500000000	-125.3942794800
3002462.2500000000	-124.9273757935
3012861.0000000000	-124.7742004395
3023296.0000000000	-124.5995483398
3033763.7500000000	-124.4337387085
3044271.0000000000	-124.3017807007
3054814.7500000000	-124.2217330933
3065395.0000000000	-124.2022781372
3076011.7500000000	-124.2413177490
3086665.5000000000	-124.3226318359
3097356.0000000000	-124.4087753296
3108083.5000000000	-124.4695510864
3118844.7500000000	-124.4710083008
3129646.7500000000	-124.3647537231
3140486.2500000000	-124.0739974976
3151363.0000000000	-123.4908370972
3162277.7500000000	-122.5049591064
3173230.0000000000	-121.0787429810
3184220.5000000000	-119.3950653076
3195248.7500000000	-117.6867141724
3206315.5000000000	-116.1065216064
3217416.7500000000	-114.7526931763
3228560.2500000000	-113.6805419922
3239742.2500000000	-112.9209671021
3250962.7500000000	-112.4902038574
3262222.5000000000	-112.3972625732
3273521.0000000000	-112.6473846436
3284858.7500000000	-113.2427597046
3296235.5000000000	-114.1805648804
3307648.2500000000	-115.4580764771
3319104.2500000000	-117.0150222778
3330599.7500000000	-118.7042160034
3342135.2500000000	-120.2492599487
3353710.5000000000	-121.2914657593
3365326.0000000000	-121.6709213257
3376981.5000000000	-121.5713729858
3388677.5000000000	-121.3159866333
3400410.5000000000	-121.1500701904
3412187.5000000000	-121.1916275024
3424005.5000000000	-121.4706115723
3435864.5000000000	-121.9628982544
3447764.2500000000	-122.6048965454
3459705.5000000000	-123.3031158447
3471688.0000000000	-123.9530639648
3483712.0000000000	-124.4711685181
3495774.0000000000	-124.8218536377
3507881.5000000000	-125.0173797607
3520030.7500000000	-125.0880889893
3532222.2500000000	-125.0891189575
3544456.0000000000	-124.9678878784
3556732.0000000000	-124.6442565918
3569050.5000000000	-123.9843444824
3581411.7500000000	-122.8919219971
3593812.0000000000	-121.4281082153
3606259.0000000000	-119.7981491089
3618749.0000000000	-118.2234268188
3631282.5000000000	-116.8603515625
3643859.2500000000	-115.4249725342
3656479.5000000000	-114.7323913574
3669143.5000000000	-114.7592773438
3681851.5000000000	-115.1630859375
3694599.2500000000	-115.9374084473
3707395.5000000000	-117.0646743774
3720235.7500000000	-118.5061264038
3733120.7500000000	-120.1826934814
3746050.2500000000	-121.9476928711
3759024.5000000000	-123.5749664307
3772043.7500000000	-124.8232192993
3785108.0000000000	-125.5827789307
3798213.2500000000	-125.9353103638
3811368.2500000000	-126.0406799316
3824568.7500000000	-126.0234985352
3837815.0000000000	-125.9543228149
3851107.0000000000	-125.8343276978
3864445.2500000000	-125.7429733276
3877829.5000000000	-125.7079849243
3891260.2500000000	-125.6840667725
3904733.2500000000	-125.6604156494
3918257.0000000000	-125.6292419434
3931827.7500000000	-125.5852890015
3945445.5000000000	-125.5155181885
3959110.2500000000	-125.3811187744
3972822.5000000000	-124.8334045410
3986582.2500000000	-123.7467803955
4000389.5000000000	-122.6538772583
4014244.7500000000	-121.4468460083
4028143.5000000000	-120.2921981812
4042094.7500000000	-119.3191146851
4056094.2500000000	-118.6090240479
4070142.5000000000	-118.1706085205
4084239.2500000000	-118.3964385986
4098384.7500000000	-118.9834136963
4112579.2500000000	-119.8679199219
4126823.0000000000	-120.9955673218
4141111.5000000000	-122.2724761963
4155454.0000000000	-124.0868225098
4169846.2500000000	-125.5365142822
4184288.5000000000	-126.0770568848
4198780.5000000000	-126.3742980957
4213323.0000000000	-126.5172271729
4227915.5000000000	-126.5742340088
4242558.5000000000	-126.5799942017
4257248.0000000000	-126.5482711792
4271992.5000000000	-126.5124664307
4286788.5000000000	-126.4677658081
4301635.5000000000	-126.4165191650
4316534.0000000000	-126.3401412964
4331484.0000000000	-126.2768402100
4346486.0000000000	-126.2363433838
4361540.0000000000	-126.1660079956
4376641.0000000000	-125.8441925049
4391799.5000000000	-125.1213378906
4407010.0000000000	-124.3043899536
4422273.5000000000	-123.3106460571
4437590.0000000000	-121.7754898071
4452959.5000000000	-120.5760803223
4468382.0000000000	-120.0810089111
4483858.0000000000	-119.8777999878
4499383.0000000000	-120.1736526489
4514966.0000000000	-121.0478897095
4530603.5000000000	-121.9376144409
4546295.0000000000	-123.4522476196
4562041.0000000000	-124.9326095581
4577841.5000000000	-125.6464233398
4593696.5000000000	-126.1176986694
4609606.5000000000	-126.4550781250
4625566.5000000000	-126.5898132324
4641587.0000000000	-126.6252670288
4657663.0000000000	-126.6646881104
4673794.5000000000	-126.7020416260
4689982.0000000000	-126.7227783203
4706225.5000000000	-126.7435455322
4722525.5000000000	-126.7570877075
4738881.5000000000	-126.7603836060
4755289.5000000000	-126.7097625732
4771759.0000000000	-126.4818801880
4788286.0000000000	-126.0732116699
4804870.0000000000	-124.8436584473
4821511.5000000000	-123.1820373535
4838210.5000000000	-121.3439178467
4854967.5000000000	-119.8809127808
4871782.5000000000	-119.2129592896
4888650.0000000000	-118.8176116943
4905581.5000000000	-119.0529556274
4922572.0000000000	-119.6178512573
4939621.0000000000	-120.9520874023
4956729.5000000000	-122.7009887695
4973896.5000000000	-124.3944396973
4991123.5000000000	-125.7716751099
5008410.0000000000	-126.3131027222
5025756.5000000000	-126.7170715332
5043157.5000000000	-126.8933410645
5060624.0000000000	-126.9348754883
5078151.5000000000	-126.9101943970
5095739.5000000000	-126.8161926270
5113388.0000000000	-126.6907958984
5131098.0000000000	-126.5815200806
5148869.5000000000	-126.5076141357
5166702.5000000000	-126.4368286133
5184591.5000000000	-126.0316467285
5202548.0000000000	-125.0582656860
5220566.5000000000	-123.2573623657
5238648.0000000000	-121.3017807007
5256791.5000000000	-119.5017395020
5274998.5000000000	-118.2342453003
5293268.0000000000	-117.6788101196
5311601.0000000000	-117.7671051025
5329991.5000000000	-118.6253280640
5348452.0000000000	-120.0828857422
5366976.0000000000	-121.9609985352
5385564.5000000000	-124.0233840942
5404217.0000000000	-125.5846939087
5422934.0000000000	-126.7562637329
5441716.5000000000	-127.0813522339
5460563.5000000000	-127.1486740112
5479470.0000000000	-127.1267852783
5498447.5000000000	-127.0892333984
5517491.5000000000	-127.0975570679
5536601.0000000000	-127.1753387451
5555776.5000000000	-127.2460403442
5575019.0000000000	-127.0644531250
5594327.5000000000	-125.8980026245
5613703.5000000000	-124.2236862183
5633140.0000000000	-122.0148086548
5652650.0000000000	-120.0000152588
5672228.0000000000	-118.3746795654
5691873.5000000000	-117.1981658936
5711587.0000000000	-117.0880584717
5731368.5000000000	-117.7602844238
5751219.0000000000	-119.0550765991
5771138.0000000000	-120.8936080933
5791120.0000000000	-123.7920150757
5811177.0000000000	-125.8446807861
5831304.0000000000	-127.0927658081
5851500.0000000000	-127.7622146606
5871766.5000000000	-127.8067016602
5892103.0000000000	-127.7107772827
5912510.5000000000	-127.5761260986
5932988.0000000000	-127.5060806274
5953530.0000000000	-127.4491653442
5974150.0000000000	-127.2529602051
5994841.0000000000	-126.8385772705
6015604.0000000000	-125.8861083984
6036438.5000000000	-123.8948516846
6057345.5000000000	-121.6226806641
6078325.0000000000	-120.2166519165
6099377.0000000000	-119.3561477661
6120495.0000000000	-119.1777877808
6141693.0000000000	-119.7836380005
6162964.5000000000	-121.0274887085
6184310.0000000000	-123.3108749390
6205729.0000000000	-125.6841430664
6227222.0000000000	-127.2910156250
6248790.0000000000	-127.8665847778
6270432.0000000000	-128.0030059814
6292142.5000000000	-127.7802047729
6313935.0000000000	-127.2369613647
6335803.0000000000	-126.8412399292
6357747.0000000000	-126.6700897217
6379767.0000000000	-126.7730865479
6401863.0000000000	-126.8306961060
6424035.5000000000	-126.0572814941
6446284.5000000000	-124.8574676514
6468611.0000000000	-123.3462371826
6491007.5000000000	-121.6581649780
6513489.0000000000	-120.7958526611
6536048.0000000000	-120.9884872437
6558685.5000000000	-122.1996536255
6581401.0000000000	-124.1466217041
6604195.5000000000	-125.8145904541
6627069.0000000000	-127.2126083374
6650021.5000000000	-128.4375610352
6673046.0000000000	-128.8158416748
6696158.0000000000	-128.6519012451
6719350.0000000000	-127.7906188965
6742622.0000000000	-125.7173385620
6765974.5000000000	-123.2242126465
6789408.5000000000	-121.5768127441
6812923.0000000000	-121.2875289917
6836519.5000000000	-122.2779083252
6860190.0000000000	-123.4581604004
6883950.0000000000	-124.2041397095
6907792.0000000000	-124.2153930664
6931717.0000000000	-124.0325927734
6955724.5000000000	-124.5150756836
6979815.5000000000	-125.6925201416
7003989.5000000000	-127.1383209229
7028247.5000000000	-128.2913208008
7052582.0000000000	-128.8946685791
7077008.0000000000	-129.0976562500
7101519.0000000000	-129.1076354980
7126115.0000000000	-129.0115356445
7150796.0000000000	-128.8542327881
7175562.5000000000	-128.7089996338
7200414.5000000000	-128.6454772949
7225353.0000000000	-128.6312255859
7250369.5000000000	-128.4583892822
7275481.0000000000	-127.6247406006
7300679.0000000000	-126.4852294922
7325965.0000000000	-125.9843750000
7351338.0000000000	-126.2231140137
7376799.0000000000	-127.1210632324
7402348.0000000000	-128.2539367676
7427986.0000000000	-129.1245880127
7453704.0000000000	-129.5505981445
7479519.5000000000	-129.6649780273
7505424.5000000000	-129.6478576660
7531419.5000000000	-129.5324249268
7557504.0000000000	-129.3200378418
7583679.0000000000	-129.1500549316
7609945.0000000000	-129.0376892090
7636301.5000000000	-128.8443145752
7662741.0000000000	-128.2938079834
7689280.5000000000	-127.3045120239
7715912.0000000000	-126.0484466553
7742636.0000000000	-125.5874023438
7769452.0000000000	-126.0901794434
7796361.5000000000	-127.1441574097
7823363.5000000000	-128.3132171631
7850459.5000000000	-129.4109497070
7877640.5000000000	-130.0633239746
7904924.5000000000	-130.2574462891
7932302.5000000000	-130.2592468262
7959776.0000000000	-130.1208038330
7987344.0000000000	-129.9112396240
8015008.0000000000	-129.6496429443
8042767.5000000000	-128.9175262451
8070623.5000000000	-127.5070724487
8098575.5000000000	-125.9965209961
8126615.5000000000	-124.7491531372
8154762.0000000000	-124.2889251709
8183005.5000000000	-125.0974273682
8211347.0000000000	-126.4789047241
8239786.5000000000	-128.3450775146
8268325.0000000000	-129.8310089111
8296961.5000000000	-130.4056243896
8325698.0000000000	-130.5137329102
8354524.5000000000	-130.3638000488
8383460.0000000000	-130.2036132813
8412496.0000000000	-129.8326568604
8441632.0000000000	-128.9076080322
8470869.0000000000	-127.0168914795
8500208.0000000000	-124.7159042358
8529648.0000000000	-123.1277999878
8559190.0000000000	-122.3462448120
8588825.0000000000	-123.0204086304
8618572.0000000000	-125.0027923584
8648422.0000000000	-127.5860824585
8678375.0000000000	-129.7663726807
8708432.0000000000	-130.9819030762
8738593.0000000000	-131.0905609131
8768859.0000000000	-130.8169860840
8799230.0000000000	-130.4384002686
8829696.0000000000	-130.0780639648
8860277.0000000000	-129.5689392090
8890964.0000000000	-128.5500640869
8921758.0000000000	-127.0162277222
8952658.0000000000	-125.9570236206
8983665.0000000000	-126.1530151367
9014779.0000000000	-127.4324569702
9046002.0000000000	-129.1483001709
9077322.0000000000	-130.6449737549
9108761.0000000000	-131.5192871094
9140309.0000000000	-131.7888183594
9171966.0000000000	-131.4050598145
9203732.0000000000	-130.7216949463
9235609.0000000000	-130.2882690430
9267596.0000000000	-130.1728210449
9299694.0000000000	-129.4296112061
9331893.0000000000	-128.1226806641
9364214.0000000000	-127.2305755615
9396646.0000000000	-127.6073303223
9429191.0000000000	-128.9218444824
9461849.0000000000	-130.3208007813
9494619.0000000000	-131.5409088135
9527503.0000000000	-132.0962829590
9560501.0000000000	-132.1872253418
9593603.0000000000	-131.7916870117
9626830.0000000000	-131.2995910645
9660172.0000000000	-131.1788330078
9693630.0000000000	-131.2830200195
9727203.0000000000	-130.6217956543
9760893.0000000000	-129.7786712646
9794699.0000000000	-129.6109161377
9828623.0000000000	-130.4427032471
9862653.0000000000	-131.7180023193
9896812.0000000000	-132.6659545898
9931089.0000000000	-132.9979248047
9965485.0000000000	-132.7152099609
10000000.0000000000	-131.5910949707
Trace	4
Trace Mode	VIEW
Trace Result	PN
Smoothing	OFF
Smoothing Value	1.0000000000	%
Spurious Removal	OFF
Spurious Removal Threshold	6.0000000000	dB
Trace Offset	OFF
Trace Offset	0.0000000000	dB
Trace Label	OFF
Trace Label	Trace 4
x-Unit	Hz
y-Unit	dBc/Hz
Values	4663
1.0000000000	-73.3463287354
1.0034632683	-73.3663940430
1.0069385767	-73.3929901123
1.0104259253	-73.4195938110
1.0139254332	-73.4461975098
1.0174369812	-73.4735107422
1.0209606886	-73.5137481689
1.0244965553	-73.5539779663
1.0280447006	-73.5942153931
1.0316051245	-73.6344451904
1.0351779461	-73.6753311157
1.0387630463	-73.7166976929
1.0423606634	-73.7580642700
1.0459706783	-73.7994308472
1.0495932102	-73.8382186890
1.0532282591	-73.8625946045
1.0568759441	-73.8869628906
1.0605362654	-73.9113388062
1.0642092228	-73.9357147217
1.0678949356	-73.9376068115
1.0715934038	-73.9339599609
1.0753046274	-73.9303131104
1.0790288448	-73.9266738892
1.0827658176	-73.9117202759
1.0865157843	-73.8862152100
1.0902787447	-73.8607177734
1.0940546989	-73.8352127075
1.0978437662	-73.8085327148
1.1016459465	-73.7790374756
1.1054613590	-73.7495422363
1.1092898846	-73.7200469971
1.1131316423	-73.6920166016
1.1169868708	-73.6735458374
1.1208553314	-73.6550674438
1.1247371435	-73.6365966797
1.1286325455	-73.6185760498
1.1325412989	-73.6149597168
1.1364636421	-73.6113433838
1.1403995752	-73.6077270508
1.1443492174	-73.6041107178
1.1483124495	-73.6100387573
1.1522893906	-73.6161193848
1.1562801600	-73.6221923828
1.1602846384	-73.6282730103
1.1643031836	-73.6374206543
1.1683354378	-73.6465835571
1.1723817587	-73.6557388306
1.1764421463	-73.6649551392
1.1805164814	-73.6749343872
1.1846050024	-73.6849136353
1.1887077093	-73.6948928833
1.1928246021	-73.7054138184
1.1969556808	-73.7184295654
1.2011011839	-73.7314453125
1.2052608728	-73.7444610596
1.2094351053	-73.7596893311
1.2136237621	-73.7790679932
1.2178269625	-73.7984542847
1.2220447063	-73.8178329468
1.2262769938	-73.8419036865
1.2305239439	-73.8695755005
1.2347856760	-73.8972473145
1.2390621901	-73.9249191284
1.2433534861	-73.9592895508
1.2476595640	-73.9950027466
1.2519805431	-74.0307235718
1.2563166618	-74.0669860840
1.2606676817	-74.1063613892
1.2650337219	-74.1457366943
1.2694149017	-74.1851119995
1.2738113403	-74.2197494507
1.2782229185	-74.2498397827
1.2826498747	-74.2799301147
1.2870920897	-74.3100204468
1.2915496826	-74.3117828369
1.2960226536	-74.3109970093
1.3005112410	-74.3102035522
1.3050153255	-74.2920227051
1.3095350266	-74.2440261841
1.3140703440	-74.1960296631
1.3186213970	-74.1480331421
1.3231881857	-74.0662536621
1.3277708292	-73.9790802002
1.3323693275	-73.8919143677
1.3369836807	-73.8011245728
1.3416141272	-73.7048797607
1.3462605476	-73.6086273193
1.3509230614	-73.5123748779
1.3556017876	-73.4345397949
1.3602966070	-73.3571624756
1.3650077581	-73.2797927856
1.3697352409	-73.2179641724
1.3744791746	-73.1668243408
1.3792393208	-73.1156921387
1.3840161562	-73.0683212280
1.3888094425	-73.0323257446
1.3936192989	-72.9963378906
1.3984458447	-72.9603500366
1.4032890797	-72.9276809692
1.4081491232	-72.8952178955
1.4130259752	-72.8627471924
1.4179197550	-72.8357238770
1.4228304625	-72.8113174438
1.4277582169	-72.7869186401
1.4327028990	-72.7744522095
1.4376648664	-72.7770004272
1.4426438808	-72.7795562744
1.4476402998	-72.7927856445
1.4526538849	-72.8386154175
1.4576849937	-72.8844375610
1.4627333879	-72.9339370728
1.4677993059	-73.0226287842
1.4728827477	-73.1113281250
1.4779838324	-73.2000198364
1.4831025600	-73.3125839233
1.4882389307	-73.4261856079
1.4933931828	-73.5397872925
1.4985653162	-73.6543502808
1.5037553310	-73.7690658569
1.5089633465	-73.8837814331
1.5141893625	-73.9862594604
1.5194333792	-74.0857620239
1.5246957541	-74.1852722168
1.5299762487	-74.2660064697
1.5352749825	-74.3413085938
1.5405921936	-74.4166183472
1.5459277630	-74.4632797241
1.5512818098	-74.5017776489
1.5566543341	-74.5402832031
1.5620455742	-74.5351409912
1.5674554110	-74.5198822021
1.5728839636	-74.5046157837
1.5783313513	-74.4376449585
1.5837976933	-74.3632965088
1.5892828703	-74.2889480591
1.5947870016	-74.1738281250
1.6003103256	-74.0573730469
1.6058527231	-73.9398345947
1.6114143133	-73.8113937378
1.6169950962	-73.6829605103
1.6225953102	-73.5585098267
1.6282148361	-73.4466781616
1.6338539124	-73.3348388672
1.6395124197	-73.2381744385
1.6451905966	-73.1625823975
1.6508884430	-73.0869903564
1.6566059589	-73.0388031006
1.6623432636	-73.0071258545
1.6681005955	-72.9754486084
1.6738777161	-72.9766693115
1.6796748638	-72.9834136963
1.6854921579	-72.9927825928
1.6913294792	-73.0224151611
1.6971870661	-73.0520477295
1.7030650377	-73.0832672119
1.7089632750	-73.1168594360
1.7148818970	-73.1504516602
1.7208211422	-73.1725692749
1.7267808914	-73.1899566650
1.7327612638	-73.2055587769
1.7387623787	-73.1806793213
1.7447843552	-73.1558074951
1.7508270741	-73.1021041870
1.7568907738	-73.0053176880
1.7629753351	-72.9085311890
1.7690811157	-72.7437438965
1.7752079964	-72.5601348877
1.7813560963	-72.3627777100
1.7875255346	-72.1064300537
1.7937163115	-71.8500823975
1.7999285460	-71.5700683594
1.8061622381	-71.2754364014
1.8124175072	-70.9809265137
1.8186944723	-70.6880111694
1.8249932528	-70.3950881958
1.8313137293	-70.1252059937
1.8376561403	-69.8746719360
1.8440206051	-69.6273574829
1.8504070044	-69.4589920044
1.8568155766	-69.2906341553
1.8632462025	-69.1868820190
1.8696992397	-69.1346206665
1.8761746883	-69.0955123901
1.8826724291	-69.1818237305
1.8891928196	-69.2681427002
1.8957357407	-69.4503555298
1.9023011923	-69.6832962036
1.9088895321	-69.9486465454
1.9155006409	-70.3202667236
1.9221346378	-70.6918945313
1.9287915230	-71.1557464600
1.9354715347	-71.6380691528
1.9421746731	-72.1444778442
1.9489010572	-72.6800079346
1.9556506872	-73.2117767334
1.9624238014	-73.7061843872
1.9692202806	-74.2005920410
1.9760403633	-74.5864944458
1.9828839302	-74.9361267090
1.9897513390	-75.2086486816
1.9966424704	-75.3773269653
2.0035574436	-75.5318145752
2.0104963779	-75.5836486816
2.0174593925	-75.6354980469
2.0244464874	-75.6690826416
2.0314579010	-75.6990661621
2.0384933949	-75.7484359741
2.0455532074	-75.8126373291
2.0526378155	-75.8885726929
2.0597467422	-75.9899520874
2.0668802261	-76.0912246704
2.0740385056	-76.1913299561
2.0812215805	-76.2914352417
2.0884294510	-76.3390350342
2.0956623554	-76.3784942627
2.1029202938	-76.3464126587
2.1102032661	-76.2784500122
2.1175117493	-76.1587219238
2.1248455048	-75.9836120605
2.1322045326	-75.7900772095
2.1395888329	-75.5567626953
2.1469991207	-75.3244705200
2.1544346809	-75.0973434448
2.1618962288	-74.8719024658
2.1693835258	-74.6986694336
2.1768968105	-74.5254364014
2.1844360828	-74.4190673828
2.1920015812	-74.3191070557
2.1995930672	-74.2739334106
2.2072110176	-74.2417068481
2.2148551941	-74.2435836792
2.2225260735	-74.2586822510
2.2302234173	-74.2893981934
2.2379472256	-74.3286285400
2.2456979752	-74.3727416992
2.2534756660	-74.4202728271
2.2612800598	-74.4701995850
2.2691116333	-74.5221328735
2.2769701481	-74.5786132813
2.2848560810	-74.6393966675
2.2927691936	-74.7055664063
2.3007099628	-74.7771606445
2.3086779118	-74.8489608765
2.3166735172	-74.9209671021
2.3246970177	-74.9835891724
2.3327481747	-75.0371704102
2.3408272266	-75.0763778687
2.3489341736	-75.1030960083
2.3570692539	-75.1226043701
2.3652327061	-75.1367645264
2.3734242916	-75.1583557129
2.3816442490	-75.1843872070
2.3898925781	-75.2271652222
2.3981695175	-75.2774124146
2.4064753056	-75.3416748047
2.4148097038	-75.4101257324
2.4231729507	-75.4824523926
2.4315650463	-75.5554046631
2.4399862289	-75.6207427979
2.4484367371	-75.6840209961
2.4569165707	-75.7266159058
2.4654254913	-75.7604446411
2.4739642143	-75.7607727051
2.4825322628	-75.7421798706
2.4911301136	-75.6880416870
2.4997575283	-75.6131057739
2.5084149837	-75.5172958374
2.5171024799	-75.4177398682
2.5258200169	-75.3162841797
2.5345678329	-75.2425918579
2.5433456898	-75.1755905151
2.5521540642	-75.1610031128
2.5609929562	-75.1560974121
2.5698626041	-75.1850891113
2.5787627697	-75.2151718140
2.5876939297	-75.2466888428
2.5966558456	-75.2473220825
2.6056489944	-75.2314224243
2.6146731377	-75.1567764282
2.6237285137	-75.0698623657
2.6328153610	-74.9516754150
2.6419336796	-74.8414840698
2.6510834694	-74.7445220947
2.6602649689	-74.6911621094
2.6694786549	-74.6624298096
2.6787238121	-74.7144165039
2.6880011559	-74.7900924683
2.6973104477	-74.9311752319
2.7066521645	-75.0972671509
2.7160260677	-75.2894668579
2.7254326344	-75.4852981567
2.7348716259	-75.6770935059
2.7443432808	-75.8268508911
2.7538478374	-75.9389572144
2.7633852959	-76.0010757446
2.7729558945	-75.9866790771
2.7825593948	-75.9403533936
2.7921962738	-75.8249588013
2.8018665314	-75.6966323853
2.8115704060	-75.5529174805
2.8213076591	-75.4274749756
2.8310787678	-75.3159408569
2.8408837318	-75.2468109131
2.8507225513	-75.2057113647
2.8605954647	-75.1859207153
2.8705027103	-75.1797180176
2.8804440498	-75.1609649658
2.8904199600	-75.1182174683
2.9004304409	-75.0180206299
2.9104754925	-74.8866348267
2.9205553532	-74.6937789917
2.9306702614	-74.4830093384
2.9408199787	-74.2615890503
2.9510049820	-74.0795364380
2.9612252712	-73.9499816895
2.9714810848	-73.8790054321
2.9817721844	-73.9554977417
2.9920992851	-74.1103897095
3.0024619102	-74.3731536865
3.0128602982	-74.7574234009
3.0232946873	-75.1845474243
3.0337653160	-75.6555786133
3.0442721844	-76.0791168213
3.0548155308	-76.4361267090
3.0653953552	-76.6590805054
3.0760118961	-76.6861648560
3.0866649151	-76.6023559570
3.0973551273	-76.3783187866
3.1080822945	-76.0873947144
3.1188464165	-75.7885360718
3.1296479702	-75.5067443848
3.1404869556	-75.3068618774
3.1513633728	-75.1709671021
3.1622776985	-75.1134567261
3.1732296944	-75.1744842529
3.1842195988	-75.2897491455
3.1952474117	-75.4554367065
3.2063136101	-75.6568450928
3.2174181938	-75.8435287476
3.2285611629	-76.0097198486
3.2397425175	-76.1251220703
3.2509627342	-76.1918869019
3.2622220516	-76.2253952026
3.2735199928	-76.2250595093
3.2848572731	-76.1848373413
3.2962338924	-76.1209259033
3.3076496124	-76.0347366333
3.3191051483	-75.9236907959
3.3306002617	-75.8082275391
3.3421351910	-75.7016220093
3.3537099361	-75.6125717163
3.3653249741	-75.5904846191
3.3769800663	-75.6330566406
3.3886756897	-75.7451248169
3.4004118443	-75.9433212280
3.4121885300	-76.2272644043
3.4240059853	-76.5303955078
3.4358644485	-76.8206405640
3.4477639198	-77.0359878540
3.4597046375	-77.0700225830
3.4716866016	-76.9514236450
3.4837102890	-76.6946792603
3.4957754612	-76.3225326538
3.5078823566	-75.9419479370
3.5200312138	-75.6307296753
3.5322222710	-75.4206695557
3.5444555283	-75.3406219482
3.5567314625	-75.4478912354
3.5690495968	-75.6489410400
3.5814104080	-75.9073410034
3.5938138962	-76.1860046387
3.6062602997	-76.4313049316
3.6187500954	-76.6090164185
3.6312828064	-76.7233886719
3.6438591480	-76.7665176392
3.6564791203	-76.7277297974
3.6691424847	-76.5508728027
3.6818499565	-76.2443847656
3.6946012974	-75.8477554321
3.7073969841	-75.4050369263
3.7202367783	-74.9716415405
3.7331211567	-74.6322708130
3.7460501194	-74.4160842896
3.7590239048	-74.3083419800
3.7720425129	-74.2924957275
3.7851064205	-74.3454818726
3.7982153893	-74.4428024292
3.8113698959	-74.5666275024
3.8245697021	-74.7076797485
3.8378155231	-74.8647232056
3.8511071205	-75.0341339111
3.8644447327	-75.2093582153
3.8778283596	-75.3800659180
3.8912587166	-75.5332260132
3.9047353268	-75.6675338745
3.9182586670	-75.7804718018
3.9318287373	-75.8651351929
3.9454460144	-75.9097595215
3.9591102600	-75.9000244141
3.9728219509	-75.8250122070
3.9865810871	-75.7134246826
4.0003876686	-75.6235275269
4.0142426491	-75.6010665894
4.0281448364	-75.6721878052
4.0420956612	-75.8372497559
4.0560946465	-76.0721282959
4.0701422691	-76.3375930786
4.0842385292	-76.5913391113
4.0983834267	-76.7925262451
4.1125774384	-76.9094543457
4.1268205643	-76.9126892090
4.1411132813	-76.7966995239
4.1554551125	-76.5906066895
4.1698470116	-76.3515472412
4.1842885017	-76.1460037231
4.1987800598	-76.0284576416
4.2133216858	-76.0256958008
4.2279138565	-76.1252441406
4.2425560951	-76.2627563477
4.2572493553	-76.3472976685
4.2719936371	-76.3403930664
4.2867889404	-76.2702941895
4.3016357422	-76.2029418945
4.3165335655	-76.1959991455
4.3314828873	-76.2684555054
4.3464841843	-76.3922500610
4.3615374565	-76.5031280518
4.3766427040	-76.5310287476
4.3918004036	-76.4438247681
4.4070110321	-76.2756729126
4.4222736359	-76.1088714600
4.4375896454	-76.0201034546
4.4529581070	-76.0364151001
4.4683809280	-76.1261596680
4.4838562012	-76.2251434326
4.4993853569	-76.2856674194
4.5149679184	-76.3107223511
4.5306048393	-76.3340454102
4.5462956429	-76.3686904907
4.5620408058	-76.3894729614
4.5778408051	-76.3746337891
4.5936951637	-76.3560867310
4.6096048355	-76.4048767090
4.6255693436	-76.5666503906
4.6415891647	-76.7959213257
4.6576642990	-76.9619216919
4.6737952232	-76.9447402954
4.6899819374	-76.7610702515
4.7062249184	-76.5573120117
4.7225241661	-76.4784698486
4.7388796806	-76.5701065063
4.7552919388	-76.7614212036
4.7717609406	-76.9117355347
4.7882871628	-76.9126663208
4.8048706055	-76.7738342285
4.8215112686	-76.5926437378
4.8382096291	-76.4567871094
4.8549661636	-76.3938446045
4.8717803955	-76.4018783569
4.8886528015	-76.4810714722
4.9055838585	-76.5858840942
4.9225735664	-76.7087554932
4.9396219254	-76.7826995850
4.9567294121	-76.7289352417
4.9738960266	-76.5287094116
4.9911222458	-76.2533798218
5.0084080696	-76.0085906982
5.0257534981	-75.8620452881
5.0431594849	-75.8211517334
5.0606255531	-75.8537597656
5.0781521797	-75.9602203369
5.0957393646	-76.0936355591
5.1133875847	-76.2184448242
5.1310968399	-76.3799743652
5.1488671303	-76.5478286743
5.1666994095	-76.6595535278
5.1845936775	-76.6619262695
5.2025494576	-76.5505828857
5.2205672264	-76.2436370850
5.2386479378	-75.8822250366
5.2567911148	-75.6525115967
5.2749967575	-75.4962844849
5.2932658195	-75.4785766602
5.3115983009	-75.6452178955
5.3299937248	-75.9986724854
5.3484535217	-76.7246170044
5.3669767380	-77.3384170532
5.3855643272	-77.4474182129
5.4042162895	-77.3152999878
5.4229326248	-77.0422973633
5.4417138100	-76.7265853882
5.4605603218	-76.2662658691
5.4794721603	-75.8828887939
5.4984493256	-75.7461853027
5.5174922943	-75.7549896240
5.5366010666	-75.9064865112
5.5557761192	-76.2588195801
5.5750174522	-76.5257263184
5.5943255424	-76.5427780151
5.6137003899	-76.4251632690
5.6331429482	-76.0800628662
5.6526522636	-75.7018203735
5.6722292900	-75.4650421143
5.6918740273	-75.2505493164
5.7115869522	-75.0941543579
5.7313680649	-75.1062774658
5.7512173653	-75.3764343262
5.7711358070	-75.6017608643
5.7911229134	-75.7300415039
5.8111796379	-75.6992340088
5.8313055038	-75.6289672852
5.8515009880	-75.6787872314
5.8717665672	-75.9530258179
5.8921022415	-76.3777618408
5.9125084877	-76.7042312622
5.9329853058	-77.0152740479
5.9535331726	-77.3293533325
5.9741520882	-77.4014282227
5.9948425293	-77.2759017944
6.0156044960	-76.9008636475
6.0364384651	-76.4788894653
6.0573449135	-76.2660980225
6.0783233643	-76.1538314819
6.0993742943	-76.2233963013
6.1204986572	-76.3453826904
6.1416954994	-76.5550918579
6.1629662514	-76.6909332275
6.1843104362	-76.6502761841
6.2057290077	-76.3601608276
6.2272214890	-75.9748077393
6.2487878799	-75.7706375122
6.2704296112	-75.6669006348
6.2921462059	-75.7225112915
6.3139376640	-75.7756576538
6.3358049393	-75.7602844238
6.3577480316	-75.6992034912
6.3797669411	-75.7407531738
6.4018621445	-75.8658447266
6.4240336418	-75.9193954468
6.4462819099	-75.8799514771
6.4686074257	-75.8167266846
6.4910101891	-75.8495864868
6.5134906769	-75.9371109009
6.5360488892	-76.0037384033
6.5586853027	-76.1246795654
6.5814003944	-76.2752990723
6.6041936874	-76.3990402222
6.6270661354	-76.4387283325
6.6500177383	-76.4162902832
6.6730489731	-76.4394073486
6.6961598396	-76.5170288086
6.7193508148	-76.5367889404
6.7426218987	-76.4752197266
6.7659740448	-76.2893295288
6.7894062996	-76.0415878296
6.8129205704	-75.7816696167
6.8365159035	-75.5847320557
6.8601927757	-75.4848785400
6.8839516640	-75.4047164917
6.9077930450	-75.2712936401
6.9317169189	-75.1388092041
6.9557237625	-75.1457595825
6.9798135757	-75.3121032715
7.0039868355	-75.5898971558
7.0282440186	-75.8347778320
7.0525846481	-75.9675827026
7.0770101547	-76.0321350098
7.1015210152	-75.9763107300
7.1261157990	-75.8690872192
7.1507959366	-75.8315200806
7.1755614281	-75.9447708130
7.2004127502	-76.1470794678
7.2253499031	-76.2873382568
7.2503733635	-76.2351226807
7.2754840851	-76.0723495483
7.3006811142	-76.1948013306
7.3259658813	-76.5925674438
7.3513379097	-76.8955764771
7.3767981529	-76.8378906250
7.4023461342	-76.4076385498
7.4279828072	-75.8255691528
7.4537081718	-75.5471115112
7.4795227051	-75.4170608521
7.5054268837	-75.3632659912
7.5314202309	-75.3363265991
7.5575041771	-75.2659454346
7.5836782455	-75.2134017944
7.6099429131	-75.2532119751
7.6362986565	-75.3273086548
7.6627454758	-75.2851104736
7.6892838478	-75.2121582031
7.7159142494	-75.3158798218
7.7426371574	-75.5187530518
7.7694520950	-75.6333999634
7.7963600159	-75.5078735352
7.8233613968	-75.1651992798
7.8504562378	-74.9881668091
7.8776450157	-75.0756454468
7.9049277306	-75.4109191895
7.9323048592	-75.4774627686
7.9597768784	-75.0823516846
7.9873442650	-74.4742660522
8.0150070190	-74.4096221924
8.0427656174	-74.6026840210
8.0706205368	-74.5845642090
8.0985708237	-74.3015823364
8.1266193390	-74.4113540649
8.1547641754	-74.9158096313
8.1830062866	-75.4470748901
8.2113466263	-75.3811416626
8.2397851944	-74.5644302368
8.2683229446	-74.0644683838
8.2969579697	-74.1395263672
8.3256931305	-74.4873962402
8.3545274734	-74.8262786865
8.3834619522	-74.7662200928
8.4124965668	-74.7014160156
8.4416322708	-74.9990310669
8.4708681107	-75.3193969727
8.5002050400	-75.5357894897
8.5296440125	-75.7701263428
8.5591850281	-75.7573013306
8.5888280869	-75.3045043945
8.6185741425	-74.9396209717
8.6484231949	-74.7505569458
8.6783752441	-74.5613861084
8.7084312439	-74.4739761353
8.7385911942	-74.7469100952
8.7688560486	-75.1341476440
8.7992248535	-75.0460662842
8.8296995163	-74.6771774292
8.8602790833	-74.3927688599
8.8909654617	-74.1051254272
8.9217586517	-73.8180770874
8.9526576996	-73.8935546875
8.9836635590	-74.2436294556
9.0147771835	-74.4133682251
9.0459976196	-74.1418838501
9.0773267746	-73.6164474487
9.1087646484	-73.3807601929
9.1403112411	-73.6095199585
9.1719665527	-73.7943267822
9.2037324905	-73.5224304199
9.2356081009	-73.3040237427
9.2675933838	-73.2747802734
9.2996902466	-73.1323852539
9.3318977356	-73.0631942749
9.3642177582	-73.1357879639
9.3966484070	-73.0083465576
9.4291925430	-72.7775421143
9.4618482590	-72.8736114502
9.4946174622	-73.3589401245
9.5275011063	-73.7615585327
9.5604972839	-73.6936111450
9.5936088562	-73.1563034058
9.6268339157	-72.4008636475
9.6601753235	-72.2629852295
9.6936311722	-73.0211563110
9.7272033691	-73.8133850098
9.7608919144	-73.7688064575
9.7946968079	-73.6899108887
9.8286190033	-73.5185623169
9.8626585007	-73.0509033203
9.8968162537	-72.3744354248
9.9310922623	-71.9712295532
9.9654865265	-72.2298049927
10.0000000000	-72.5281448364
10.0346345901	-72.4728317261
10.0693864822	-72.4000625610
10.1042613983	-72.3194656372
10.1392536163	-72.2064514160
10.1743707657	-72.0880889893
10.2096061707	-71.9642105103
10.2449674606	-71.8521194458
10.2804470062	-71.7753753662
10.3160533905	-71.7371139526
10.3517789841	-71.7441482544
10.3876323700	-71.8025283813
10.4236068726	-71.8851470947
10.4597082138	-71.9872589111
10.4959316254	-72.0857009888
10.5322837830	-72.1529769897
10.5687589645	-72.2023544312
10.6053638458	-72.2253799438
10.6420917511	-72.2450714111
10.6789503098	-72.2631072998
10.7159337997	-72.3026428223
10.7530479431	-72.3433609009
10.7902870178	-72.3833923340
10.8276586533	-72.3909378052
10.8651571274	-72.3681869507
10.9027881622	-72.2596740723
10.9405460358	-72.1220092773
10.9784383774	-71.9170074463
11.0164585114	-71.7111892700
11.0546140671	-71.5043563843
11.0928983688	-71.3524932861
11.1313180923	-71.2289123535
11.1698675156	-71.1949157715
11.2085533142	-71.2050704956
11.2473707199	-71.2621307373
11.2863254547	-71.3538436890
11.3254127502	-71.4483489990
11.3646373749	-71.5301361084
11.4039955139	-71.5851898193
11.4434919357	-71.6221542358
11.4831228256	-71.6143417358
11.5228948593	-71.5901412964
11.5628004074	-71.5405807495
11.6028470993	-71.4719161987
11.6430301666	-71.4024276733
11.6833553314	-71.3496627808
11.7238168716	-71.3382415771
11.7644214630	-71.3553390503
11.8051643372	-71.4349288940
11.8460512161	-71.5272750854
11.8870754242	-71.6323242188
11.9282464981	-71.7289886475
11.9695558548	-71.8227157593
12.0110120773	-71.9128570557
12.0526084900	-72.0112762451
12.0943517685	-72.1125869751
12.1362361908	-72.2170486450
12.1782703400	-72.3082046509
12.2204456329	-72.3880462646
12.2627706528	-72.4495468140
12.3052387238	-72.4985427856
12.3478574753	-72.5465545654
12.3906202316	-72.5984573364
12.4335346222	-72.6660308838
12.4765939713	-72.7445755005
12.5198059082	-72.8374633789
12.5631647110	-72.9508972168
12.6066761017	-73.0745315552
12.6503391266	-73.2085571289
12.6941490173	-73.3381423950
12.7381153107	-73.4499893188
12.7822294235	-73.5419235229
12.8264999390	-73.5921096802
12.8709201813	-73.6274108887
12.9154977798	-73.6565170288
12.9602270126	-73.6952362061
13.0051136017	-73.7566528320
13.0501527786	-73.8259811401
13.0953512192	-73.8980712891
13.1407032013	-73.9289474487
13.1862154007	-73.9277343750
13.2318820953	-73.9019470215
13.2777099609	-73.8727340698
13.3236923218	-73.8880310059
13.3698387146	-73.9418640137
13.4161405563	-74.0350494385
13.4626073837	-74.1373214722
13.5092306137	-74.2032775879
13.5560188293	-74.2324905396
13.6029663086	-74.2193222046
13.6500797272	-74.2006149292
13.6973524094	-74.2078933716
13.7447919846	-74.2449417114
13.7923927307	-74.3168563843
13.8401622772	-74.3924942017
13.8880929947	-74.4413375854
13.9361934662	-74.4566116333
13.9844570160	-74.4313812256
14.0328922272	-74.4103164673
14.0814905167	-74.4478836060
14.1302604675	-74.5634460449
14.1791963577	-74.7722091675
14.2283058167	-75.0670547485
14.2775802612	-75.3515548706
14.3270301819	-75.5976104736
14.3766469955	-75.7905044556
14.4264402390	-75.9336776733
14.4764013290	-76.0607604980
14.5265398026	-76.1754455566
14.5768480301	-76.2712326050
14.6273345947	-76.3419494629
14.6779909134	-76.3940124512
14.7288274765	-76.4753875732
14.7798366547	-76.6083374023
14.8310260773	-76.7937850952
14.8823881149	-77.0157470703
14.9339323044	-77.2186965942
14.9856519699	-77.3428878784
15.0375537872	-77.4008789063
15.0896310806	-77.4159927368
15.1418933868	-77.4127807617
15.1943330765	-77.4048690796
15.2469577789	-77.3682632446
15.2997608185	-77.3052520752
15.3527507782	-77.2497329712
15.4059200287	-77.2466506958
15.4592771530	-77.3406219482
15.5128154755	-77.5614929199
15.5665435791	-77.9170989990
15.6204538345	-78.3197479248
15.6745538712	-78.7035598755
15.7288379669	-79.0152130127
15.7833137512	-79.2251815796
15.8379745483	-79.3320236206
15.8928289413	-79.3511734009
15.9478731155	-79.2939910889
16.0031032562	-79.1909103394
16.0585289001	-79.0730895996
16.1141433716	-78.9740753174
16.1699523926	-78.9223632813
16.2259521484	-78.9388046265
16.2821502686	-79.0368499756
16.3385391235	-79.2190246582
16.3951263428	-79.4443283081
16.4519062042	-79.6245956421
16.5088863373	-79.7049865723
16.5660591125	-79.6942291260
16.6234340668	-79.6607589722
16.6810054779	-79.6967544556
16.7387790680	-79.8709030151
16.7967472076	-80.1902160645
16.8549232483	-80.5858612061
16.9132938385	-80.9316711426
16.9718723297	-81.0925750732
17.0306491852	-81.0486984253
17.0896339417	-80.8748626709
17.1488189697	-80.6644439697
17.2082138062	-80.4891128540
17.2678089142	-80.3832550049
17.3276138306	-80.3545227051
17.3876228333	-80.4049987793
17.4478435516	-80.5408554077
17.5082683563	-80.7595520020
17.5689086914	-81.0276870728
17.6297531128	-81.2776870728
17.6908130646	-81.4379730225
17.7520790100	-81.4742507935
17.8135623932	-81.4072036743
17.8752536774	-81.3047637939
17.9371643066	-81.2601394653
17.9992828369	-81.3430099487
18.0616226196	-81.5407333374
18.1241741180	-81.7505493164
18.1869468689	-81.8598709106
18.2499313354	-81.8478012085
18.3131389618	-81.7860031128
18.3765602112	-81.7586364746
18.4402065277	-81.8004379272
18.5040683746	-81.8926696777
18.5681571960	-81.9568328857
18.6324615479	-81.9288635254
18.6969947815	-81.8328781128
18.7617454529	-81.7706222534
18.8267250061	-81.8356018066
18.8919258118	-82.0503387451
18.9573574066	-82.3635635376
19.0230102539	-82.6900939941
19.0888957977	-82.9622268677
19.1550025940	-83.1469345093
19.2213459015	-83.2216491699
19.2879123688	-83.1709213257
19.3547153473	-83.0290451050
19.4217453003	-82.8483734131
19.4890098572	-82.7742385864
19.5565052032	-82.6789398193
19.6242370605	-82.4760055542
19.6921997070	-82.2267303467
19.7604026794	-82.0334472656
19.8288364410	-81.9545440674
19.8975124359	-81.9838180542
19.9664268494	-82.0711135864
20.0355739594	-82.1587448120
20.1049671173	-82.2145385742
20.1745929718	-82.2385711670
20.2444667816	-82.2447967529
20.3145771027	-82.2312469482
20.3849372864	-82.2070999146
20.4555339813	-82.2279129028
20.5263805389	-82.2932891846
20.5974674225	-82.3504180908
20.6688041687	-82.3289260864
20.7403850555	-82.2154998779
20.8122177124	-82.0667266846
20.8842945099	-81.9560699463
20.9566268921	-82.0068740845
21.0292034149	-82.0544357300
21.1020374298	-82.0322570801
21.1751174927	-81.9629440308
21.2484550476	-81.9223556519
21.3220424652	-81.9595108032
21.3958911896	-82.0779190063
21.4699878693	-82.0708694458
21.5443496704	-81.9930267334
21.6189613342	-82.0077819824
21.6938362122	-82.1941757202
21.7689666748	-82.4706726074
21.8443622589	-82.5749511719
21.9200134277	-82.2527008057
21.9959316254	-82.0146408081
22.0721073151	-81.9352874756
22.1485538483	-82.0293426514
22.2252578735	-82.3887252808
22.3022346497	-82.8000106812
22.3794708252	-82.9681167603
22.4569816589	-82.9710388184
22.5347537994	-82.7080993652
22.6128025055	-82.4650421143
22.6911144257	-82.5019912720
22.7697048187	-82.6962509155
22.8485603333	-82.8955383301
22.9276943207	-82.7822723389
23.0070972443	-82.2911834717
23.0867805481	-81.9441146851
23.1667346954	-81.6969985962
23.2469711304	-81.7817382813
23.3274803162	-81.9960403442
23.4082736969	-82.2292327881
23.4893398285	-82.5088806152
23.5706958771	-82.7370147705
23.6523246765	-82.8716506958
23.7342433929	-83.0133590698
23.8164386749	-83.2773361206
23.8989257813	-83.5186767578
23.9816932678	-83.5929489136
24.0647525787	-83.5999526978
24.1480922699	-83.5227661133
24.2317276001	-83.4121093750
24.3156471252	-83.2780990601
24.3998641968	-83.2834396362
24.4843635559	-83.3162612915
24.5691642761	-83.1116256714
24.6542530060	-82.6677169800
24.7396411896	-82.3583374023
24.8253192902	-81.9617233276
24.9113006592	-81.6154785156
24.9975719452	-81.4993667603
25.0841503143	-81.6559753418
25.1710281372	-82.0075988770
25.2581996918	-82.1770172119
25.3456802368	-82.2378845215
25.4334583282	-82.2856063843
25.5215454102	-82.4833145142
25.6099300385	-82.7355575562
25.6986293793	-82.8756790161
25.7876281738	-82.9737396240
25.8769435883	-82.9402008057
25.9665584564	-82.8933258057
26.0564937592	-82.9359512329
26.1467323303	-82.9570999146
26.2372894287	-82.8014068604
26.3281536102	-82.5040817261
26.4193401337	-82.3129043579
26.5108356476	-82.3530044556
26.6026535034	-82.5263595581
26.6947841644	-82.5002975464
26.7872409821	-82.1537780762
26.8800086975	-81.8812255859
26.9731063843	-81.9100418091
27.0665187836	-82.2385864258
27.1602630615	-82.6199722290
27.2543239594	-82.7501831055
27.3487186432	-82.6048202515
27.4434318542	-82.2683029175
27.5384807587	-82.0889587402
27.6338520050	-82.3177185059
27.7295608521	-82.7025756836
27.8255920410	-82.8695907593
27.9219646454	-82.7972106934
28.0186634064	-82.6495208740
28.1157054901	-82.5802001953
28.2130756378	-82.6444473267
28.3107891083	-82.7443847656
28.4088344574	-82.6615142822
28.5072269440	-82.4901809692
28.6059532166	-82.3432006836
28.7050285339	-82.2393341064
28.8044395447	-82.2221527100
28.9042015076	-82.3240280151
29.0043029785	-82.4769668579
29.1047573090	-82.5103988647
29.2055530548	-82.0848999023
29.3067054749	-81.7330245972
29.4081993103	-81.7956085205
29.5100536346	-82.0828781128
29.6122512817	-82.3085327148
29.7148113251	-82.4205932617
29.8177204132	-82.5073165894
29.9209918976	-82.7374038696
30.0246143341	-82.5506134033
30.1286029816	-82.5731201172
30.2329425812	-82.5581817627
30.3376541138	-82.5238571167
30.4427185059	-82.4832839966
30.5481548309	-82.4491348267
30.6539497375	-82.4319534302
30.7601184845	-82.4397583008
30.8666458130	-82.4648818970
30.9735507965	-82.4931640625
31.0808181763	-82.5130691528
31.1884651184	-82.5158309937
31.2964763641	-82.4975433350
31.4048690796	-82.4610214233
31.5136299133	-82.4191665649
31.6227760315	-82.3866653442
31.7322998047	-82.3702774048
31.8421955109	-82.3710784912
31.9524784088	-82.3846893311
32.0631370544	-82.4025955200
32.1741867065	-82.4146499634
32.2856101990	-82.4110031128
32.3974304199	-82.3925857544
32.5096282959	-82.3655776978
32.6222229004	-82.3366012573
32.7351989746	-82.3104553223
32.8485755920	-82.2882690430
32.9623374939	-82.2673263550
33.0764999390	-82.2425231934
33.1910514832	-82.2093200684
33.3060073853	-82.1667861938
33.4213523865	-82.1219482422
33.5371055603	-82.0836944580
33.6532516479	-82.0587158203
33.7698059082	-82.0486145020
33.8867568970	-82.0489044189
34.0041236877	-82.0510559082
34.1218833923	-82.0469512939
34.2400627136	-82.0339660645
34.3586425781	-82.0177917480
34.4776420593	-82.0107879639
34.5970458984	-82.0263519287
34.7168693542	-82.0723800659
34.8371009827	-82.1477737427
34.9577598572	-82.2403717041
35.0788230896	-82.3352127075
35.2003173828	-82.4219970703
35.3222236633	-82.4982070923
35.4445610046	-82.5688781738
35.5673103333	-82.6423034668
35.6904945374	-82.7242813110
35.8140983582	-82.8138885498
35.9381370544	-82.9029846191
36.0625991821	-82.9795455933
36.1875000000	-83.0330429077
36.3128242493	-83.0583343506
36.4385910034	-83.0560913086
36.5647850037	-83.0306777954
36.6914253235	-82.9883804321
36.8184928894	-82.9143524170
36.9460144043	-82.8710708618
37.0739631653	-82.8484649658
37.2023696899	-82.8501968384
37.3312072754	-82.8672103882
37.4605026245	-82.8798141479
37.5902328491	-82.8670959473
37.7204246521	-82.8183670044
37.8510589600	-82.7384338379
37.9821548462	-82.6432952881
38.1136932373	-82.5510635376
38.2456970215	-82.4752655029
38.3781509399	-82.4232559204
38.5110702515	-82.3977279663
38.6444396973	-82.3983306885
38.7782859802	-82.4220962524
38.9125823975	-82.4636230469
39.0473518372	-82.5161437988
39.1825790405	-82.5734024048
39.3182868958	-82.6312942505
39.4544525146	-82.6879806519
39.5911026001	-82.7423782349
39.7282142639	-82.7918853760
39.8658103943	-82.8394851685
40.0038833618	-82.8353958130
40.1424255371	-82.7856369019
40.2814559937	-82.7051315308
40.4209594727	-82.6131057739
40.5609550476	-82.5366516113
40.7014236450	-82.5002746582
40.8423919678	-82.5158920288
40.9838371277	-82.5777664185
41.1257820129	-82.6642990112
41.2682075500	-82.7718963623
41.4111366272	-82.8056716919
41.5545539856	-82.7697906494
41.6984748840	-82.6986312866
41.8428840637	-82.6045379639
41.9878044128	-82.5024642944
42.1332168579	-82.4101486206
42.2791442871	-82.3352203369
42.4255638123	-82.3497467041
42.5725021362	-82.4152984619
42.7199363708	-82.5055007935
42.8678970337	-82.6023941040
43.0163574219	-82.6924362183
43.1653404236	-82.8038330078
43.3148307800	-82.8983688354
43.4648475647	-82.9524536133
43.6153755188	-82.9931716919
43.7664337158	-83.0082626343
43.9180068970	-82.9850082397
44.0701141357	-82.8599090576
44.2227363586	-82.6623229980
44.3759002686	-82.5119018555
44.5295829773	-82.3790893555
44.6838073730	-82.2704772949
44.8385581970	-82.2757339478
44.9938507080	-82.3418273926
45.1496734619	-82.4287643433
45.3060493469	-82.5149230957
45.4629516602	-82.6194534302
45.6204109192	-82.7073211670
45.7784004211	-82.7641448975
45.9369544983	-82.8181076050
46.0960426331	-82.8651962280
46.2556915283	-82.8482742310
46.4158859253	-82.7873916626
46.5766448975	-82.6988983154
46.7379455566	-82.5509490967
46.8998222351	-82.4249649048
47.0622444153	-82.3684539795
47.2252426147	-82.3266601563
47.3887901306	-82.3197631836
47.5529212952	-82.3324584961
47.7176055908	-82.3541946411
47.8828735352	-82.3970489502
48.0486984253	-82.4403686523
48.2151145935	-82.4604568481
48.3820915222	-82.4606323242
48.5496597290	-82.4301528931
48.7177963257	-82.4038848877
48.8865280151	-82.3963165283
49.0558319092	-82.4251556396
49.2257347107	-82.4342193604
49.3962097168	-82.3279266357
49.5672912598	-82.0794982910
49.7389526367	-81.8765945435
49.9112205505	-81.6894073486
50.0840721130	-81.7042160034
50.2575378418	-81.8388214111
50.4316024780	-82.1033859253
50.6062545776	-82.3195877075
50.7815284729	-82.4070434570
50.9573936462	-82.4211349487
51.1338806152	-82.4100494385
51.3109664917	-82.3964691162
51.4886817932	-82.3979492188
51.6669960022	-82.4128875732
51.8459396362	-82.4204330444
52.0254936218	-82.4130935669
52.2056808472	-82.3944244385
52.3864784241	-82.3910522461
52.5679168701	-82.4289779663
52.7499694824	-82.4965667725
52.9326667786	-82.5511627197
53.1159820557	-82.6272811890
53.2999458313	-82.6822052002
53.4845352173	-82.6854858398
53.6697731018	-82.6311569214
53.8556442261	-82.5166168213
54.0421676636	-82.3988571167
54.2293281555	-82.3451080322
54.4171485901	-82.3622283936
54.6056022644	-82.4203643799
54.7947273254	-82.4566574097
54.9844932556	-82.4425354004
55.1749267578	-82.4109573364
55.3660087585	-82.4018554688
55.5577659607	-82.4331817627
55.7501716614	-82.5127410889
55.9432601929	-82.6014404297
56.1370010376	-82.6315765381
56.3314323425	-82.5692214966
56.5265159607	-82.4026947021
56.7222938538	-82.2111053467
56.9187316895	-82.0609436035
57.1158676147	-81.9652404785
57.3136711121	-81.9084167480
57.5121726990	-81.8468170166
57.7113494873	-81.8210296631
57.9112281799	-81.8219757080
58.1117858887	-81.8123703003
58.3130531311	-81.7323913574
58.5150032043	-81.5872268677
58.7176666260	-81.4180068970
58.9210166931	-81.2770538330
59.1250877380	-81.2743911743
59.3298454285	-81.3593597412
59.5353317261	-81.4835052490
59.7415161133	-81.5023727417
59.9484252930	-81.4229431152
60.1560401917	-81.3279418945
60.3643875122	-81.3271865845
60.5734405518	-81.5226287842
60.7832336426	-81.7576217651
60.9937362671	-81.9444656372
61.2049865723	-82.0311813354
61.4169502258	-82.0037612915
61.6296615601	-81.9700393677
61.8430976868	-81.9747009277
62.0572891235	-81.9974670410
62.2722053528	-82.0088806152
62.4878807068	-82.0221633911
62.7042884827	-82.0567321777
62.9214630127	-82.1382217407
63.1393852234	-82.3092956543
63.3580513000	-82.4874801636
63.5774879456	-82.5550308228
63.7976684570	-82.5148620605
64.0186309814	-82.3628845215
64.2403335571	-82.2253417969
64.4628295898	-82.2046585083
64.6860733032	-82.2787780762
64.9101104736	-82.4393692017
65.1349105835	-82.5850296021
65.3604965210	-82.6475906372
65.5868530273	-82.6325836182
65.8140106201	-82.4883651733
66.0419387817	-82.2464523315
66.2706680298	-82.0280990601
66.5001754761	-81.9505615234
66.7304992676	-82.0111770630
66.9616012573	-82.2583007813
67.1935195923	-82.5447845459
67.4262161255	-82.6802062988
67.6597442627	-82.6626586914
67.8940658569	-82.6166381836
68.1292114258	-82.5862808228
68.3651580811	-82.6163635254
68.6019363403	-82.7744522095
68.8395156860	-82.9919433594
69.0779418945	-83.0656890869
69.3171691895	-82.9238510132
69.5572433472	-82.7745971680
69.7981338501	-82.6776580811
70.0398788452	-82.6344451904
70.2824401855	-82.6472167969
70.5258560181	-82.6667404175
70.7701034546	-82.6720123291
71.0152130127	-82.6769027710
71.2611465454	-82.6612548828
71.5079574585	-82.5726776123
71.7555999756	-82.4635543823
72.0041275024	-82.4646835327
72.2534866333	-82.5841522217
72.5037384033	-82.6656875610
72.7548294067	-82.6060104370
73.0068130493	-82.4843902588
73.2596511841	-82.4247055054
73.5133819580	-82.4855651855
73.7679672241	-82.6176605225
74.0234603882	-82.6583251953
74.2798156738	-82.5278091431
74.5370788574	-82.4002151489
74.7952194214	-82.4688949585
75.0542678833	-82.6682205200
75.3141937256	-82.7825851440
75.5750427246	-82.7795867920
75.8367691040	-82.7947540283
76.0994262695	-82.8488693237
76.3629760742	-82.8386917114
76.6274566650	-82.7205581665
76.8928298950	-82.5410079956
77.1591415405	-82.3917160034
77.4263610840	-82.3729324341
77.6945190430	-82.5330429077
77.9635925293	-82.7398147583
78.2336120605	-82.8706512451
78.5045547485	-82.9224014282
78.7764511108	-82.8995208740
79.0492630005	-82.8991622925
79.3230514526	-82.9480056763
79.5977783203	-82.9186859131
79.8734436035	-82.7549057007
80.1500778198	-82.6054382324
80.4276504517	-82.5151824951
80.7062149048	-82.5151214600
80.9857101440	-82.5737152100
81.2662048340	-82.6485824585
81.5476379395	-82.6861114502
81.8300781250	-82.6666412354
82.1134719849	-82.6111450195
82.3978652954	-82.5203552246
82.6832275391	-82.4736709595
82.9695968628	-82.5524444580
83.2569351196	-82.7061462402
83.5452880859	-82.8499298096
83.8346252441	-82.9205017090
84.1249771118	-82.9513931274
84.4163208008	-82.9863204956
84.7086944580	-83.0481262207
85.0020523071	-83.0883560181
85.2964553833	-83.0932769775
85.5918502808	-83.0369186401
85.8882904053	-82.8943634033
86.1857376099	-82.7695617676
86.4842376709	-82.7143783569
86.7837524414	-82.7297439575
87.0843200684	-82.7280120850
87.3859100342	-82.7212982178
87.6885681152	-82.7902984619
87.9922485352	-82.9298171997
88.2970046997	-82.9832305908
88.6027908325	-82.9274215698
88.9096679688	-82.8748016357
89.2175750732	-82.8731536865
89.5265808105	-82.8772506714
89.8366241455	-82.7663421631
90.1477661133	-82.5853424072
90.4599685669	-82.5786666870
90.7732696533	-82.8240203857
91.0876312256	-83.1395721436
91.4031143188	-83.2631301880
91.7196578979	-83.1367874146
92.0373229980	-82.7878952026
92.3560638428	-82.2266082764
92.6759338379	-81.5755996704
92.9968872070	-81.4382400513
93.3189773560	-82.0780868530
93.6421585083	-82.7323226929
93.9664840698	-82.9266738892
94.2919082642	-83.0165023804
94.6184844971	-83.1385421753
94.9461669922	-83.1972579956
95.2750091553	-83.1495819092
95.6049652100	-83.1963195801
95.9360885620	-83.2578201294
96.2683258057	-83.1140747070
96.6017532349	-82.8885192871
96.9363021851	-82.8516845703
97.2720336914	-82.8908920288
97.6089019775	-82.8983535767
97.9469680786	-82.9727096558
98.2861785889	-83.1508407593
98.6265869141	-83.1983871460
98.9681472778	-82.9664077759
99.3109207153	-81.5144042969
99.6548461914	-79.2259979248
100.0000000000	-81.6709823608
100.3463439941	-81.7490692139
100.6938934326	-81.9383468628
101.0425872803	-82.2563934326
101.3925399780	-82.5965270996
101.7437057495	-82.9495697021
102.0960922241	-83.2384033203
102.4496383667	-83.4575576782
102.8044738770	-83.6157302856
103.1605300903	-83.6959762573
103.5178222656	-83.7404098511
103.8762969971	-83.7680435181
104.2360610962	-83.7860794067
104.5970840454	-83.8014221191
104.9593505859	-83.8136291504
105.3228149414	-83.8218688965
105.6875915527	-83.8202285767
106.0536346436	-83.8103713989
106.4209518433	-83.7949676514
106.7894744873	-83.7750396729
107.1593322754	-83.7556152344
107.5304794312	-83.7399368286
107.9029006958	-83.7290573120
108.2765579224	-83.7260513306
108.6515731812	-83.7316360474
109.0278854370	-83.7426528931
109.4054946899	-83.7579727173
109.7843551636	-83.7750854492
110.1645889282	-83.7870712280
110.5461349487	-83.7910079956
110.9290084839	-83.7847976685
111.3131484985	-83.7637939453
111.6986770630	-83.7352447510
112.0855407715	-83.7070999146
112.4737396240	-83.6840133667
112.8632278442	-83.6736602783
113.2541198730	-83.6753921509
113.6463699341	-83.6790695190
114.0399856567	-83.6784286499
114.4348907471	-83.6661148071
114.8312301636	-83.6321640015
115.2289428711	-83.5892486572
115.6280364990	-83.5457000732
116.0284423828	-83.5101013184
116.4303054810	-83.4956665039
116.8335571289	-83.5101776123
117.2382049561	-83.5453948975
117.6441879272	-83.5952529907
118.0516433716	-83.6521224976
118.4605102539	-83.7045822144
118.8707885742	-83.7415237427
119.2824249268	-83.7615432739
119.6955566406	-83.7640380859
120.1101150513	-83.7497940063
120.5261154175	-83.7204208374
120.9434814453	-83.6801681519
121.3623657227	-83.6373062134
121.7826995850	-83.5961608887
122.2044906616	-83.5601272583
122.6276702881	-83.5315399170
123.0523834229	-83.5123291016
123.4785690308	-83.5034179688
123.9062347412	-83.5042877197
124.3353118896	-83.5149841309
124.7659378052	-83.5340347290
125.1980590820	-83.5579528809
125.6316757202	-83.5810241699
126.0667953491	-83.5938415527
126.5033569336	-83.5951614380
126.9414901733	-83.5882339478
127.3811492920	-83.5786972046
127.8223266602	-83.5723342896
128.2649688721	-83.5730438232
128.7091979980	-83.5814056396
129.1549835205	-83.5944213867
129.6023101807	-83.6055221558
130.0511016846	-83.6086502075
130.5015258789	-83.5983123779
130.9535217285	-83.5706481934
131.4070739746	-83.5256195068
131.8621215820	-83.4688110352
132.3188171387	-83.4118728638
132.7770996094	-83.3704910278
133.2369689941	-83.3615493774
133.6983489990	-83.3915939331
134.1614074707	-83.4507751465
134.6260681152	-83.5224990845
135.0923461914	-83.5881881714
135.5601501465	-83.6353988647
136.0296630859	-83.6628417969
136.5007934570	-83.6791839600
136.9735565186	-83.6961059570
137.4478759766	-83.7197113037
137.9239349365	-83.7460021973
138.4016265869	-83.7633743286
138.8809661865	-83.7602233887
139.3618927002	-83.7321014404
139.8445739746	-83.6836395264
140.3289184570	-83.6274871826
140.8149414063	-83.5751190186
141.3025665283	-83.5353546143
141.7919616699	-83.5132522583
142.2830505371	-83.5105819702
142.7758483887	-83.5264663696
143.2702636719	-83.5566101074
143.7664794922	-83.5917282104
144.2644042969	-83.6179580688
144.7640533447	-83.6218643188
145.2653656006	-83.5977478027
145.7684783936	-83.5508575439
146.2733459473	-83.4917907715
146.7799530029	-83.4243698120
147.2882385254	-83.2945022583
147.7983703613	-83.1420288086
148.3102569580	-82.9403152466
148.8239288330	-82.7375030518
149.3392791748	-82.6066131592
149.8565216064	-82.6022109985
150.3755340576	-82.7277221680
150.8963623047	-82.9324645996
151.4188995361	-83.1413879395
151.9433288574	-83.3017272949
152.4695739746	-83.4070281982
152.9976501465	-83.4764022827
153.5274658203	-83.5196685791
154.0592041016	-83.5289840698
154.5927734375	-83.4987335205
155.1282043457	-83.4446411133
155.6653900146	-83.3989410400
156.2045288086	-83.3879241943
156.7455444336	-83.4145736694
157.2884216309	-83.4598770142
157.8330993652	-83.4998703003
158.3797454834	-83.5229873657
158.9282836914	-83.5357589722
159.4787292480	-83.5407714844
160.0310668945	-83.5340957642
160.5852508545	-83.5123596191
161.1414337158	-83.4771041870
161.6995391846	-83.4386825562
162.2595672607	-83.4100875854
162.8214569092	-83.3983383179
163.3853912354	-83.4000091553
163.9512634277	-83.4050674438
164.5191040039	-83.4041213989
165.0888214111	-83.4000473022
165.6605987549	-83.4014739990
166.2343444824	-83.4047088623
166.8100891113	-83.4069671631
167.3877410889	-83.4095306396
167.9674835205	-83.4174652100
168.5492248535	-83.4347000122
169.1329956055	-83.4737701416
169.7186889648	-83.5093154907
170.3064880371	-83.5201950073
170.8963470459	-83.5190353394
171.4882354736	-83.5076599121
172.0820770264	-83.4873733521
172.6780853271	-83.4362106323
173.2761383057	-83.3681640625
173.8762817383	-83.3279113770
174.4783935547	-83.3103866577
175.0826873779	-83.3242645264
175.6890869141	-83.3902740479
176.2975769043	-83.4553833008
176.9080810547	-83.4689407349
177.5207824707	-83.4547576904
178.1356201172	-83.4245147705
178.7525939941	-83.3885955811
179.3715972900	-83.3827667236
179.9928436279	-83.3880844116
180.6162414551	-83.3814392090
181.2417907715	-83.3547515869
181.8694152832	-83.2966156006
182.4993133545	-83.2579650879
183.1313934326	-83.2525177002
183.7656555176	-83.2493515015
184.4020233154	-83.2243423462
185.0406799316	-83.1902694702
185.6815643311	-83.1833877563
186.3246612549	-83.1978988647
186.9698944092	-83.2490692139
187.6174468994	-83.3063964844
188.2672576904	-83.3358230591
188.9193115234	-83.3493576050
189.5735168457	-83.3250732422
190.2301025391	-83.2910385132
190.8889465332	-83.2586898804
191.5500793457	-83.2404632568
192.2134094238	-83.2533721924
192.8791351318	-83.2647247314
193.5471496582	-83.2478103638
194.2174987793	-83.2005310059
194.8900604248	-83.1765670776
195.5650482178	-83.1977233887
196.2423706055	-83.2566909790
196.9220581055	-83.2692871094
197.6039733887	-83.1363906860
198.2883758545	-82.8411331177
198.9751281738	-82.6075744629
199.6642761230	-82.4091415405
200.3558044434	-82.4564285278
201.0496063232	-82.6286544800
201.7459411621	-82.9428482056
202.4446716309	-83.2029495239
203.1458282471	-83.3240890503
203.8493041992	-83.3383865356
204.5553283691	-83.3021011353
205.2637939453	-83.2369155884
205.9747161865	-83.1759338379
206.6879882813	-83.1068572998
207.4038391113	-83.0478897095
208.1221771240	-83.0385589600
208.8430023193	-83.0725555420
209.5662078857	-83.1137161255
210.2920227051	-83.1107864380
211.0203704834	-83.0737533569
211.7512207031	-83.0292739868
212.4844970703	-83.0042343140
213.2204284668	-83.0124664307
213.9589080811	-83.0669937134
214.6999511719	-83.1329650879
215.4434356689	-83.1471633911
216.1896057129	-83.1161575317
216.9383697510	-83.0858154297
217.6897277832	-83.0630722046
218.4435577393	-82.9625778198
219.2001342773	-82.7384033203
219.9593200684	-82.4540023804
220.7211456299	-82.3089447021
221.4854736328	-82.4709320068
222.2525787354	-82.8054580688
223.0223388672	-83.0913009644
223.7947692871	-83.2024612427
224.5697479248	-83.1363143921
225.3475341797	-83.0293197632
226.1280212402	-82.9575424194
226.9112091064	-82.9317016602
227.6969757080	-82.9436492920
228.4855957031	-82.9707107544
229.2769470215	-82.9991378784
230.0710296631	-82.9973754883
230.8677520752	-82.9632873535
231.6673431396	-82.9338607788
232.4697113037	-82.9203186035
233.2748718262	-82.9151306152
234.0826721191	-82.9411239624
234.8934020996	-83.0031967163
235.7069549561	-83.0558319092
236.5233154297	-83.0470733643
237.3423614502	-82.9783020020
238.1643981934	-82.9071197510
238.9892578125	-82.8946151733
239.8169860840	-82.9126052856
240.6474609375	-82.9435501099
241.4809265137	-82.9571838379
242.3172912598	-82.9131774902
243.1565399170	-82.8742599487
243.9985656738	-82.9035034180
244.8436431885	-82.9916000366
245.6916503906	-83.0100936890
246.5425872803	-82.9451446533
247.3963470459	-82.7921600342
248.2531890869	-82.6623382568
249.1130065918	-82.5695571899
249.9757995605	-82.5525207520
250.8414306641	-82.6245422363
251.7102203369	-82.6661148071
252.5820007324	-82.6512680054
253.4568023682	-82.5905380249
254.3346405029	-82.5635528564
255.2153778076	-82.5801849365
256.0993041992	-82.6275787354
256.9862976074	-82.6783828735
257.8763427734	-82.7070770264
258.7693481445	-82.6846694946
259.6655883789	-82.5922088623
260.5649414063	-82.5497512817
261.4673767090	-82.5901565552
262.3728332520	-82.6409072876
263.2815246582	-82.6351318359
264.1933898926	-82.6067581177
265.1084289551	-82.6699523926
266.0264587402	-82.7401657104
266.9478454590	-82.7370376587
267.8724060059	-82.6272811890
268.8001708984	-82.5643615723
269.7309875488	-82.6765518188
270.6651916504	-82.8252792358
271.6026306152	-82.8570175171
272.5433044434	-82.8218688965
273.4870910645	-82.7580261230
274.4343261719	-82.6658020020
275.3847961426	-82.5569915771
276.3385925293	-82.5375671387
277.2955322266	-82.5642089844
278.2559204102	-82.4944686890
279.2196350098	-82.4020080566
280.1867065430	-82.2876358032
281.1569824219	-81.8773651123
282.1307373047	-80.9975357056
283.1079101563	-80.2514419556
284.0884399414	-80.3500595093
285.0722045898	-81.2245483398
286.0595397949	-82.0710220337
287.0502929688	-82.3490447998
288.0444641113	-82.3354415894
289.0419311523	-82.3256912231
290.0430297852	-82.3568267822
291.0475769043	-82.3940887451
292.0556030273	-82.4250564575
293.0669555664	-82.4344635010
294.0820007324	-82.4641113281
295.1005249023	-82.5489349365
296.1225891113	-82.6167449951
297.1480407715	-82.6298141479
298.1771850586	-82.6064147949
299.2099304199	-82.5789794922
300.2462158203	-82.6706161499
301.2859497070	-82.6849822998
302.3294372559	-82.6885070801
303.3765258789	-82.6820755005
304.4272766113	-82.6608200073
305.4814758301	-82.6350936890
306.5394897461	-82.6023788452
307.6011657715	-82.5640716553
308.6665344238	-82.5224075317
309.7354125977	-82.4728927612
310.8081665039	-82.4223937988
311.8846435547	-82.3709640503
312.9648437500	-82.3324127197
314.0486145020	-82.3049163818
315.1362915039	-82.2950286865
316.2277526855	-82.3081359863
317.3229980469	-82.3308410645
318.4220275879	-82.3654022217
319.5247192383	-82.3993682861
320.6313781738	-82.4309005737
321.7418518066	-82.4523086548
322.8562011719	-82.4633865356
323.9742126465	-82.4670562744
325.0962829590	-82.4584197998
326.2222290039	-82.4425430298
327.3520812988	-82.4208908081
328.4856872559	-82.3890686035
329.6233825684	-82.3488769531
330.7650146484	-82.3020858765
331.9106140137	-82.2454299927
333.0599670410	-82.1881484985
334.2135314941	-82.1332168579
335.3710632324	-82.0899810791
336.5325927734	-82.0641326904
337.6979675293	-82.0506210327
338.8675842285	-82.0527877808
340.0412292480	-82.0631866455
341.2189331055	-82.0758438110
342.4005432129	-82.0891342163
343.5864257813	-82.1030578613
344.7764282227	-82.1198730469
345.9705505371	-82.1400680542
347.1686096191	-82.1668548584
348.3710327148	-82.1940002441
349.5775756836	-82.2182388306
350.7883300781	-82.2339782715
352.0030822754	-82.2321853638
353.2222290039	-82.2194290161
354.4455871582	-82.1971435547
355.6731872559	-82.1716079712
356.9048461914	-82.1541137695
358.1409912109	-82.1451568604
359.3813781738	-82.1466751099
360.6260986328	-82.1526489258
361.8749084473	-82.1503524780
363.1282348633	-82.1362533569
364.3859252930	-82.1031951904
365.6479492188	-82.0547943115
366.9141540527	-82.0081634521
368.1849365234	-81.9705429077
369.4601440430	-81.9550323486
370.7397460938	-81.9692230225
372.0235900879	-81.9983901978
373.3120727539	-82.0361480713
374.6050109863	-82.0736312866
375.9024353027	-82.0967483521
377.2041625977	-82.1040191650
378.5105895996	-82.0925827026
379.8215332031	-82.0596542358
381.1370239258	-81.9937820435
382.4568786621	-81.9081192017
383.7814941406	-81.8143463135
385.1107177734	-81.7240829468
386.4445190430	-81.6559753418
387.7827453613	-81.6317367554
389.1258239746	-81.6405334473
390.4735412598	-81.6705780029
391.8259277344	-81.7054748535
393.1827697754	-81.7151947021
394.5445556641	-81.6735076904
395.9110412598	-81.5916976929
397.2822570801	-81.4822463989
398.6582031250	-81.3600006104
400.0387268066	-81.2399368286
401.4242553711	-81.1244583130
402.8145751953	-81.0014114380
404.2096862793	-80.8578262329
405.6094360352	-80.6779632568
407.0142517090	-80.4434814453
408.4239196777	-80.1186904907
409.8384704590	-79.7014236450
411.2576904297	-79.2308502197
412.6820678711	-78.7513275146
414.1113891602	-78.3070297241
415.5456237793	-77.9301300049
416.9846191406	-77.6292114258
418.4288330078	-77.3649444580
419.8780517578	-77.0877227783
421.3322753906	-76.7736282349
422.7913208008	-76.4156951904
424.2556152344	-76.0238571167
425.7250061035	-75.6237182617
427.1994934082	-75.2572174072
428.6788330078	-74.9853363037
430.1635437012	-74.8249130249
431.6534118652	-74.7683639526
433.1484069824	-74.7799301147
434.6483764648	-74.8057403564
436.1537475586	-74.7914047241
437.6643676758	-74.7023239136
439.1801757813	-74.5384826660
440.7010192871	-74.3295898438
442.2273559570	-74.1153335571
443.7590026855	-73.9115371704
445.2959289551	-73.7204055786
446.8379516602	-73.5425491333
448.3855590820	-73.3828811646
449.9385375977	-73.2512207031
451.4968566895	-73.1594467163
453.0603637695	-73.1189804077
454.6295166016	-73.1403656006
456.2041015625	-73.2332305908
457.7841491699	-73.4036636353
459.3694152832	-73.6524200439
460.9604187012	-73.9565505981
462.5569152832	-74.2842559814
464.1589660645	-74.6022796631
465.7662963867	-74.8895874023
467.3794555664	-75.1482238770
468.9981994629	-75.4012222290
470.6225585938	-75.6815338135
472.2522888184	-76.0202636719
473.8879089355	-76.4386596680
475.5292053223	-76.9390945435
477.1761779785	-77.4935150146
478.8285827637	-78.0372924805
480.4869995117	-78.4865264893
482.1511230469	-78.7811431885
483.8210449219	-78.9215240479
485.4964599609	-78.9564666748
487.1779479980	-78.9385070801
488.8652954102	-78.9003677368
490.5584411621	-78.8730316162
492.2572021484	-78.8596038818
493.9620971680	-78.9232025146
495.6729125977	-79.1051559448
497.3896789551	-79.4109039307
499.1120910645	-79.7954177856
500.8407287598	-80.1760025024
502.5753784180	-80.4774932861
504.3160095215	-80.6797714233
506.0626831055	-80.8646926880
507.8151245117	-80.9863739014
509.5739440918	-81.0149078369
511.3388061523	-81.0018157959
513.1098022461	-80.9642944336
514.8866577148	-80.9205245972
516.6699829102	-80.8841094971
518.4594116211	-80.8690567017
520.2550659180	-80.8852539063
522.0566406250	-80.9236831665
523.8648071289	-80.9539947510
525.6791992188	-80.9462585449
527.4998168945	-80.8986206055
529.3265380859	-80.8408584595
531.1597900391	-80.8104095459
532.9994506836	-80.8235092163
534.8454589844	-80.8784027100
536.6975708008	-80.8905563354
538.5563964844	-80.8634414673
540.4216918945	-80.8402862549
542.2933959961	-80.8374099731
544.1713256836	-80.8468322754
546.0560302734	-80.8508911133
547.9472656250	-80.8433761597
549.8450927734	-80.8345947266
551.7491455078	-80.8389205933
553.6600952148	-80.8737945557
555.5776367188	-80.9013977051
557.5018920898	-80.8879165649
559.4324340820	-80.8460388184
561.3700561523	-80.7857971191
563.3143310547	-80.7198333740
565.2653198242	-80.6589584351
567.2227783203	-80.5982894897
569.1873168945	-80.5722885132
571.1586914063	-80.5658187866
573.1368408203	-80.5588150024
575.1215820313	-80.5557937622
577.1134643555	-80.5661468506
579.1123046875	-80.6090316772
581.1180419922	-80.6538085938
583.1303710938	-80.6678009033
585.1500244141	-80.6658706665
587.1766357422	-80.6506729126
589.2103271484	-80.6144714355
591.2507324219	-80.5685882568
593.2984619141	-80.5140914917
595.3533325195	-80.4225006104
597.4152832031	-80.3006591797
599.4841308594	-80.1488494873
601.5603637695	-80.1030731201
603.6438598633	-80.1309356689
605.7345581055	-80.1633224487
607.8321533203	-80.1857833862
609.9373779297	-80.1970748901
612.0498657227	-80.2062759399
614.1696777344	-80.2162017822
616.2964477539	-80.2447357178
618.4309692383	-80.3054962158
620.5728759766	-80.3651809692
622.7222290039	-80.4238357544
624.8786621094	-80.4768295288
627.0429077148	-80.4808959961
629.2145996094	-80.4540634155
631.3938598633	-80.3912506104
633.5806884766	-80.3296585083
635.7747192383	-80.3013458252
637.9766845703	-80.2820205688
640.1862792969	-80.2415008545
642.4035644531	-80.1659164429
644.6281127930	-80.1023788452
646.8607788086	-80.0377883911
649.1011352539	-80.0219573975
651.3492431641	-80.0351409912
653.6047973633	-80.0621414185
655.8685302734	-80.0850067139
658.1401367188	-80.1015243530
660.4195556641	-80.1426620483
662.7065429688	-80.1903533936
665.0017700195	-80.1985473633
667.3049926758	-80.1246948242
669.6161499023	-79.9843215942
671.9349975586	-79.8546066284
674.2622070313	-79.7679214478
676.5974731445	-79.7226104736
678.9408569336	-79.6590881348
681.2919311523	-79.6266860962
683.6515502930	-79.6428756714
686.0193481445	-79.7056732178
688.3953857422	-79.7656555176
690.7792358398	-79.7884597778
693.1716918945	-79.7924423218
695.5724487305	-79.7985458374
697.9815673828	-79.8193664551
700.3985595703	-79.8273239136
702.8244018555	-79.7873153687
705.2586059570	-79.7126464844
707.7012329102	-79.6240386963
710.1519165039	-79.5586166382
712.6115112305	-79.5431289673
715.0795898438	-79.5488433838
717.5562133789	-79.5596466064
720.0410766602	-79.6133804321
722.5349121094	-79.7133102417
725.0373535156	-79.7979888916
727.5484619141	-79.8020248413
730.0679321289	-79.7264556885
732.5964965820	-79.6590194702
735.1337890625	-79.6540756226
737.6798706055	-79.6890106201
740.2344360352	-79.7354736328
742.7981567383	-79.7722396851
745.3708496094	-79.7783432007
747.9523925781	-79.7448272705
750.5424804688	-79.6731338501
753.1419067383	-79.6042556763
755.7504272461	-79.5540084839
758.3679199219	-79.4859237671
760.9940795898	-79.4344558716
763.6297607422	-79.3828125000
766.2745361328	-79.3276290894
768.9284667969	-79.2779769897
771.5912475586	-79.2466964722
774.2636108398	-79.2575683594
776.9451904297	-79.2876815796
779.6361083984	-79.2702331543
782.3359375000	-79.2277755737
785.0455322266	-79.2004623413
787.7644653320	-79.1924285889
790.4928588867	-79.1865692139
793.2302856445	-79.1682662964
795.9776000977	-79.1096038818
798.7344360352	-79.0272750854
801.5007934570	-78.9535980225
804.2767333984	-78.9106063843
807.0618896484	-78.9205703735
809.8571166992	-78.9211120605
812.6620483398	-78.8601150513
815.4766235352	-78.7950210571
818.3005371094	-78.7163009644
821.1347045898	-78.5348663330
823.9786376953	-78.3459625244
826.8324584961	-78.1515274048
829.6957397461	-77.9388504028
832.5693359375	-77.8573379517
835.4528808594	-77.8593139648
838.3464355469	-77.8019104004
841.2495727539	-77.5313110352
844.1632080078	-77.2926559448
847.0869140625	-77.1716995239
850.0207519531	-77.1086959839
852.9642944336	-76.9705886841
855.9185180664	-76.7064285278
858.8829345703	-76.4831924438
861.8576049805	-76.5754318237
864.8421630859	-76.6888809204
867.8375244141	-76.6665115356
870.8432006836	-76.5383605957
873.8593750000	-76.2808227539
876.8854370117	-75.3382339478
879.9224853516	-74.2950134277
882.9700317383	-73.7262115479
886.0281982422	-74.1960754395
889.0964355469	-75.3618469238
892.1757812500	-75.8664855957
895.2657470703	-75.8114852905
898.3664550781	-75.6490859985
901.4774169922	-75.4623031616
904.5996704102	-75.3431777954
907.7327270508	-75.2893600464
910.8765869141	-75.3334960938
914.0308837891	-75.4667129517
917.1965942383	-75.5811004639
920.3732299805	-75.7189865112
923.5609130859	-75.9393234253
926.7590942383	-76.1384201050
929.9689331055	-76.2878494263
933.1898193359	-76.3753967285
936.4218750000	-76.4133377075
939.6646118164	-76.4827499390
942.9190673828	-76.5778961182
946.1848754883	-76.6356048584
949.4619140625	-76.6763839722
952.7498168945	-76.7792968750
956.0496215820	-77.0321807861
959.3608398438	-77.2836380005
962.6835327148	-77.3361282349
966.0172119141	-77.2522506714
969.3629760742	-77.2373199463
972.7203369141	-77.3336563110
976.0892944336	-77.3881072998
979.4694213867	-77.3180618286
982.8617553711	-77.2173385620
986.2658691406	-77.1397399902
989.6817626953	-77.0351791382
993.1088867188	-76.9839324951
996.5485229492	-77.1366119385
1000.0000000000	-77.5544052124
1003.4634399414	-77.5165405273
1006.9389038086	-77.4792709351
1010.4258422852	-77.4388961792
1013.9254150391	-77.3943481445
1017.4370727539	-77.3454589844
1020.9609375000	-77.2903594971
1024.4964599609	-77.2373886108
1028.0446777344	-77.1887359619
1031.6053466797	-77.1541442871
1035.1782226563	-77.1379852295
1038.7629394531	-77.1342544556
1042.3605957031	-77.1433258057
1045.9708251953	-77.1519393921
1049.5935058594	-77.1482772827
1053.2281494141	-77.1286849976
1056.8759765625	-77.0753326416
1060.5363769531	-77.0000381470
1064.2094726563	-76.9126052856
1067.8947753906	-76.8186492920
1071.5933837891	-76.7354202271
1075.3048095703	-76.6636886597
1079.0290527344	-76.6022338867
1082.7656250000	-76.5487823486
1086.5157470703	-76.4874267578
1090.2788085938	-76.4117279053
1094.0549316406	-76.3182754517
1097.8435058594	-76.1988754272
1101.6458740234	-76.0658340454
1105.4614257813	-75.9310531616
1109.2901611328	-75.8012008667
1113.1314697266	-75.6903686523
1116.9866943359	-75.6021118164
1120.8553466797	-75.5300064087
1124.7374267578	-75.4701995850
1128.6323242188	-75.4154205322
1132.5412597656	-75.3483581543
1136.4637451172	-75.2610321045
1140.3997802734	-75.1486511230
1144.3488769531	-75.0069732666
1148.3123779297	-74.8352508545
1152.2894287109	-74.6612625122
1156.2803955078	-74.5009155273
1160.2844238281	-74.3701400757
1164.3029785156	-74.2947158813
1168.3355712891	-74.2917480469
1172.3819580078	-74.3473968506
1176.4418945313	-74.4545211792
1180.5163574219	-74.6022949219
1184.6051025391	-74.7744445801
1188.7078857422	-74.9339065552
1192.8243408203	-75.0421829224
1196.9555664063	-75.0497817993
1201.1011962891	-74.8962554932
1205.2611083984	-74.4910049438
1209.4348144531	-73.7446823120
1213.6236572266	-72.8120040894
1217.8270263672	-71.8199386597
1222.0449218750	-70.8940734863
1226.2767333984	-70.1458129883
1230.5238037109	-69.6859588623
1234.7857666016	-69.5723495483
1239.0623779297	-69.7635192871
1243.3531494141	-70.2353134155
1247.6594238281	-70.9387741089
1251.9805908203	-71.7970962524
1256.3167724609	-72.7038269043
1260.6679687500	-73.4905090332
1265.0335693359	-74.0897674561
1269.4149169922	-74.5091476440
1273.8115234375	-74.7836608887
1278.2232666016	-74.9533081055
1282.6496582031	-75.0480422974
1287.0920410156	-75.0834732056
1291.5498046875	-75.0629882813
1296.0230712891	-74.9968490601
1300.5111083984	-74.8976974487
1305.0152587891	-74.7759857178
1309.5351562500	-74.6424179077
1314.0706787109	-74.5070877075
1318.6212158203	-74.3795700073
1323.1881103516	-74.2696609497
1327.7709960938	-74.1887283325
1332.3696289063	-74.1522674561
1336.9835205078	-74.1719894409
1341.6141357422	-74.2486267090
1346.2607421875	-74.3801574707
1350.9234619141	-74.5604171753
1355.6015625000	-74.7794265747
1360.2966308594	-75.0224761963
1365.0079345703	-75.2689208984
1369.7355957031	-75.4941711426
1374.4788818359	-75.6761779785
1379.2392578125	-75.8052673340
1384.0162353516	-75.8905487061
1388.8096923828	-75.9560317993
1393.6190185547	-76.0259552002
1398.4456787109	-76.1094665527
1403.2891845703	-76.1950378418
1408.1494140625	-76.2684860229
1413.0257568359	-76.3278656006
1417.9196777344	-76.3852691650
1422.8305664063	-76.4532470703
1427.7584228516	-76.5294113159
1432.7026367188	-76.5941925049
1437.6647949219	-76.6247787476
1442.6440429688	-76.6121292114
1447.6405029297	-76.5651931763
1452.6535644531	-76.5005035400
1457.6848144531	-76.4307632446
1462.7333984375	-76.3639602661
1467.7995605469	-76.3105010986
1472.8823242188	-76.2858428955
1477.9836425781	-76.3413162231
1483.1025390625	-76.4663391113
1488.2392578125	-76.6486816406
1493.3928222656	-76.8559875488
1498.5651855469	-77.0480575562
1503.7553710938	-77.1967468262
1508.9635009766	-77.3000488281
1514.1889648438	-77.3781204224
1519.4332275391	-77.4548568726
1524.6958007813	-77.5411376953
1529.9764404297	-77.6313858032
1535.2746582031	-77.7131347656
1540.5920410156	-77.7796401978
1545.9277343750	-77.8339157104
1551.2819824219	-77.8816757202
1556.6539306641	-77.9220123291
1562.0452880859	-77.9470367432
1567.4554443359	-77.9523086548
1572.8842773438	-77.9482955933
1578.3309326172	-77.9602508545
1583.7974853516	-78.0149993896
1589.2828369141	-78.2035903931
1594.7872314453	-78.4641036987
1600.3107910156	-78.6381912231
1605.8524169922	-78.7831954956
1611.4143066406	-78.8920593262
1616.9953613281	-78.9729080200
1622.5957031250	-79.0401916504
1628.2145996094	-79.1020507813
1633.8538818359	-79.1532058716
1639.5125732422	-79.1799545288
1645.1910400391	-79.1591033936
1650.8881835938	-79.1132125854
1656.6059570313	-79.1071319580
1662.3435058594	-79.1418457031
1668.1009521484	-79.2187728882
1673.8774414063	-79.3284530640
1679.6748046875	-79.4581680298
1685.4923095703	-79.5977478027
1691.3299560547	-79.8098297119
1697.1867675781	-80.0124816895
1703.0649414063	-80.1304550171
1708.9635009766	-80.2269821167
1714.8823242188	-80.2933502197
1720.8208007813	-80.3244018555
1726.7807617188	-80.3227996826
1732.7614746094	-80.3232498169
1738.7628173828	-80.3440856934
1744.7839355469	-80.3636932373
1750.8269042969	-80.3566360474
1756.8908691406	-80.3040084839
1762.9757080078	-80.3125000000
1769.0808105469	-80.4249877930
1775.2078857422	-80.6163635254
1781.3562011719	-80.8455810547
1787.5258789063	-81.1679382324
1793.7159423828	-81.4346847534
1799.9283447266	-81.5571212769
1806.1623535156	-81.6146240234
1812.4178466797	-81.6026916504
1818.6940917969	-81.5419006348
1824.9930419922	-81.5767822266
1831.3138427734	-81.7135848999
1837.6564941406	-81.9185333252
1844.0201416016	-82.2503585815
1850.4068603516	-82.5133285522
1856.8156738281	-82.6108398438
1863.2467041016	-82.6531677246
1869.6988525391	-82.6449584961
1876.1745605469	-82.6128158569
1882.6726074219	-82.5999755859
1889.1931152344	-82.6059951782
1895.7352294922	-82.6268234253
1902.3010253906	-82.6406402588
1908.8895263672	-82.6525878906
1915.5008544922	-82.6900634766
1922.1340332031	-82.7801666260
1928.7912597656	-82.8850708008
1935.4715576172	-83.0832366943
1942.1749267578	-83.2832565308
1948.9005126953	-83.3902740479
1955.6505126953	-83.4707794189
1962.4238281250	-83.4491271973
1969.2205810547	-83.3644027710
1976.0397949219	-83.1654052734
1982.8836669922	-82.9698410034
1989.7513427734	-82.9068756104
1996.6427001953	-82.9826278687
2003.5579833984	-83.1800842285
2010.4960937500	-83.3106918335
2017.4593505859	-83.3969421387
2024.4467773438	-83.3786544800
2031.4583740234	-83.2748260498
2038.4930419922	-83.1353302002
2045.5533447266	-83.0615615845
2052.6379394531	-83.0637512207
2059.7473144531	-83.1654663086
2066.8798828125	-83.2727737427
2074.0385742188	-83.3417892456
2081.2219238281	-83.3911209106
2088.4299316406	-83.5051956177
2095.6621093750	-83.6235504150
2102.9201660156	-83.6721038818
2110.2036132813	-83.6532287598
2117.5122070313	-83.5893249512
2124.8449707031	-83.5252761841
2132.2043457031	-83.4973602295
2139.5891113281	-83.4847335815
2146.9995117188	-83.4990997314
2154.4343261719	-83.5671386719
2161.8959960938	-83.6999969482
2169.3837890625	-83.8851470947
2176.8972167969	-84.0554351807
2184.4355468750	-84.1601486206
2192.0014648438	-84.2184524536
2199.5932617188	-84.2310409546
2207.2114257813	-84.1971664429
2214.8547363281	-84.1027908325
2222.5258789063	-83.9951477051
2230.2233886719	-83.9511718750
2237.9477539063	-84.0027542114
2245.6975097656	-84.1374816895
2253.4753417969	-84.2670364380
2261.2802734375	-84.3467254639
2269.1120605469	-84.4035491943
2276.9697265625	-84.4383697510
2284.8559570313	-84.4395141602
2292.7695312500	-84.4181823730
2300.7104492188	-84.4240875244
2308.6774902344	-84.4268264771
2316.6735839844	-84.3410644531
2324.6972656250	-84.1950836182
2332.7485351563	-84.0955810547
2340.8266601563	-84.1610260010
2348.9340820313	-84.3429794312
2357.0695800781	-84.5800018311
2365.2331542969	-84.8286285400
2373.4235839844	-85.0527496338
2381.6440429688	-85.2339859009
2389.8925781250	-85.2860336304
2398.1699218750	-85.3500442505
2406.4746093750	-85.4386749268
2414.8093261719	-85.4978256226
2423.1728515625	-85.5419921875
2431.5654296875	-85.5799331665
2439.9855957031	-85.5510787964
2448.4365234375	-85.3125991821
2456.9165039063	-85.0415878296
2465.4260253906	-84.8220214844
2473.9633789063	-84.7222290039
2482.5319824219	-84.8084716797
2491.1301269531	-85.0293807983
2499.7580566406	-85.4413757324
2508.4143066406	-85.9303588867
2517.1020507813	-86.2952117920
2525.8200683594	-86.5699996948
2534.5681152344	-86.7175903320
2543.3464355469	-86.6019897461
2552.1538085938	-86.0754852295
2560.9931640625	-84.5847015381
2569.8630371094	-82.9154205322
2578.7636718750	-82.3102722168
2587.6936035156	-82.7444458008
2596.6560058594	-84.6119766235
2605.6494140625	-87.0265121460
2614.6738281250	-88.1915817261
2623.7282714844	-88.4691162109
2632.8154296875	-88.3626785278
2641.9340820313	-88.2287216187
2651.0842285156	-88.3857192993
2660.2646484375	-88.7259674072
2669.4785156250	-89.1782836914
2678.7241210938	-89.7281799316
2688.0017089844	-90.1080245972
2697.3100585938	-90.4237442017
2706.6518554688	-90.8077239990
2716.0263671875	-91.1316375732
2725.4331054688	-91.4155883789
2734.8710937500	-91.7433319092
2744.3432617188	-92.1451034546
2753.8481445313	-92.6107406616
2763.3859863281	-92.9102706909
2772.9553222656	-93.0714187622
2782.5593261719	-93.3327178955
2792.1965332031	-93.6064834595
2801.8671875000	-93.8428421021
2811.5698242188	-94.0167312622
2821.3073730469	-94.0964431763
2831.0788574219	-94.2190246582
2840.8842773438	-94.4218139648
2850.7219238281	-94.6521835327
2860.5952148438	-94.8252182007
2870.5029296875	-94.8404464722
2880.4448242188	-94.7023773193
2890.4194335938	-94.5299911499
2900.4301757813	-94.3895797729
2910.4758300781	-94.2599334717
2920.5561523438	-94.1107864380
2930.6696777344	-94.0888519287
2940.8198242188	-94.3179016113
2951.0053710938	-94.6600875854
2961.2260742188	-95.0431213379
2971.4804687500	-95.4862136841
2981.7719726563	-95.9073486328
2992.0991210938	-96.2841567993
3002.4621582031	-95.8133773804
3012.8593750000	-96.0623092651
3023.2944335938	-96.3000411987
3033.7653808594	-96.5274581909
3044.2727050781	-96.7124710083
3054.8146972656	-96.8791580200
3065.3950195313	-97.0124359131
3076.0117187500	-97.1228713989
3086.6655273438	-97.2210388184
3097.3542480469	-97.3010482788
3108.0817871094	-97.3748550415
3118.8464355469	-97.4426498413
3129.6484375000	-97.5027160645
3140.4860839844	-97.5595932007
3151.3630371094	-97.6119308472
3162.2775878906	-97.6574935913
3173.2299804688	-97.6989669800
3184.2204589844	-97.7332839966
3195.2470703125	-97.7620086670
3206.3137207031	-97.7879409790
3217.4184570313	-97.8113479614
3228.5620117188	-97.8360519409
3239.7421875000	-97.8620834351
3250.9628906250	-97.8922500610
3262.2224121094	-97.9248733521
3273.5209960938	-97.9588775635
3284.8569335938	-97.9920196533
3296.2338867188	-98.0196228027
3307.6501464844	-98.0417633057
3319.1059570313	-98.0505752563
3330.5998535156	-98.0497360229
3342.1352539063	-98.0432281494
3353.7104492188	-98.0337905884
3365.3259277344	-98.0335998535
3376.9797363281	-98.0434646606
3388.6757812500	-98.0713653564
3400.4123535156	-98.1185150146
3412.1894531250	-98.1738586426
3424.0056152344	-98.2356338501
3435.8645019531	-98.2905578613
3447.7644042969	-98.3352203369
3459.7055664063	-98.3685836792
3471.6860351563	-98.3829345703
3483.7102050781	-98.3882980347
3495.7758789063	-98.3889694214
3507.8833007813	-98.3887481689
3520.0307617188	-98.3973464966
3532.2221679688	-98.4147415161
3544.4558105469	-98.4415435791
3556.7319335938	-98.4799499512
3569.0485839844	-98.5198822021
3581.4099121094	-98.5571060181
3593.8139648438	-98.5874862671
3606.2609863281	-98.6021957397
3618.7490234375	-98.6099929810
3631.2824707031	-98.6146392822
3643.8591308594	-98.6224365234
3656.4794921875	-98.6452941895
3669.1416015625	-98.6797485352
3681.8493652344	-98.7237701416
3694.6013183594	-98.7736663818
3707.3974609375	-98.8192672729
3720.2358398438	-98.8578414917
3733.1206054688	-98.8882064819
3746.0500488281	-98.9087371826
3759.0244140625	-98.9166564941
3772.0415039063	-98.9168319702
3785.1059570313	-98.9126358032
3798.2153320313	-98.9083023071
3811.3703613281	-98.9175033569
3824.5688476563	-98.9453430176
3837.8149414063	-98.9908447266
3851.1071777344	-99.0516738892
3864.4453125000	-99.1222686768
3877.8273925781	-99.1858673096
3891.2580566406	-99.2318267822
3904.7353515625	-99.2557449341
3918.2590332031	-99.2565612793
3931.8276367188	-99.2384643555
3945.4453125000	-99.2222747803
3959.1103515625	-99.2220840454
3972.8225097656	-99.2436676025
3986.5822753906	-99.2881088257
4000.3872070313	-99.3503875732
4014.2424316406	-99.4125976563
4028.1455078125	-99.4611129761
4042.0969238281	-99.4921340942
4056.0942382813	-99.5065612793
4070.1423339844	-99.5064086914
4084.2392578125	-99.4664077759
4098.3847656250	-98.9783782959
4112.5771484375	-97.0371704102
4126.8208007813	-93.5390243530
4141.1137695313	-89.1167907715
4155.4565429688	-84.8441314697
4169.8461914063	-81.2583465576
4184.2885742188	-78.4698410034
4198.7802734375	-76.3598861694
4213.3227539063	-74.9095916748
4227.9130859375	-74.1059188843
4242.5561523438	-73.9427032471
4257.2500000000	-74.4225082397
4271.9951171875	-75.5814895630
4286.7885742188	-77.5121841431
4301.6357421875	-80.1569061279
4316.5341796875	-83.5439529419
4331.4843750000	-87.6443481445
4346.4838867188	-92.1662597656
4361.5375976563	-96.2754516602
4376.6435546875	-98.7916488647
4391.8017578125	-99.4721679688
4407.0102539063	-99.5463333130
4422.2739257813	-99.5654830933
4437.5898437500	-99.5805206299
4452.9594726563	-99.6009750366
4468.3793945313	-99.6406402588
4483.8554687500	-99.7128067017
4499.3852539063	-99.8176345825
4514.9687500000	-99.9359588623
4530.6035156250	-100.0346527100
4546.2949218750	-100.0806884766
4562.0410156250	-100.0548019409
4577.8413085938	-99.9565887451
4593.6938476563	-99.8002090454
4609.6040039063	-99.6188430786
4625.5693359375	-99.4459915161
4641.5898437500	-99.3103485107
4657.6630859375	-99.2287902832
4673.7944335938	-99.2019958496
4689.9819335938	-99.2154998779
4706.2255859375	-99.2457656860
4722.5229492188	-99.2696533203
4738.8789062500	-99.2726364136
4755.2919921875	-99.2504959106
4771.7617187500	-99.2041625977
4788.2861328125	-99.1333999634
4804.8701171875	-99.0356140137
4821.5112304688	-98.9088058472
4838.2104492188	-98.7527389526
4854.9648437500	-98.5668106079
4871.7797851563	-98.3476028442
4888.6528320313	-98.0879516602
4905.5844726563	-97.8971023560
4922.5717773438	-97.5473632813
4939.6210937500	-97.1376953125
4956.7294921875	-96.6850051880
4973.8964843750	-96.2079162598
4991.1206054688	-95.7057952881
5008.4072265625	-95.1793594360
5025.7539062500	-94.6804885864
5043.1601562500	-94.3164901733
5060.6269531250	-94.2571716309
5078.1513671875	-94.6589355469
5095.7392578125	-95.0415039063
5113.3881835938	-95.3443908691
5131.0981445313	-95.5412826538
5148.8666992188	-95.6960220337
5166.6997070313	-95.8709793091
5184.5942382813	-96.0694427490
5202.5507812500	-96.2464599609
5220.5668945313	-96.3559646606
5238.6479492188	-96.3902893066
5256.7915039063	-96.3821563721
5274.9985351563	-96.3788681030
5293.2651367188	-96.4188613892
5311.5981445313	-96.5229797363
5329.9946289063	-96.6941299438
5348.4545898438	-97.0395584106
5366.9760742188	-97.3951339722
5385.5644531250	-97.5810241699
5404.2167968750	-97.7222442627
5422.9340820313	-97.8455047607
5441.7133789063	-97.9778900146
5460.5605468750	-98.1223220825
5479.4726562500	-98.2579345703
5498.4506835938	-98.3598861694
5517.4912109375	-98.4158706665
5536.6010742188	-98.4221115112
5555.7768554688	-98.4024429321
5575.0190429688	-98.4167861938
5594.3247070313	-98.4694747925
5613.7001953125	-98.5513610840
5633.1430664063	-98.6435470581
5652.6533203125	-98.7301254272
5672.2275390625	-98.8293151855
5691.8730468750	-98.8967514038
5711.5869140625	-98.9340057373
5731.3686523438	-98.9818420410
5751.2158203125	-99.0464401245
5771.1347656250	-99.1215286255
5791.1230468750	-99.2161026001
5811.1801757813	-99.2621688843
5831.3037109375	-99.2639083862
5851.5000000000	-99.2665710449
5871.7666015625	-99.2915725708
5892.1030273438	-99.3815155029
5912.5068359375	-99.4781646729
5932.9848632813	-99.5081558228
5953.5332031250	-99.5014877319
5974.1533203125	-99.4665832520
5994.8408203125	-99.3990783691
6015.6040039063	-99.3608322144
6036.4384765625	-99.3662338257
6057.3457031250	-99.3751296997
6078.3217773438	-99.3329772949
6099.3735351563	-99.2416305542
6120.4985351563	-99.1984710693
6141.6967773438	-99.1979675293
6162.9648437500	-99.2557220459
6184.3095703125	-99.3214645386
6205.7290039063	-99.3483200073
6227.2221679688	-99.3442077637
6248.7866210938	-99.2348403931
6270.4287109375	-99.0495986938
6292.1459960938	-98.9337692261
6313.9384765625	-98.7828292847
6335.8066406250	-98.5378341675
6357.7470703125	-98.2881927490
6379.7666015625	-98.0807876587
6401.8627929688	-98.1509399414
6424.0351562500	-98.6987380981
6446.2812500000	-99.2655563354
6468.6074218750	-100.0772705078
6491.0112304688	-100.7602920532
6513.4926757813	-101.1357498169
6536.0483398438	-101.6027832031
6558.6855468750	-101.9672470093
6581.4013671875	-102.1441040039
6604.1958007813	-102.3319931030
6627.0654296875	-102.4483718872
6650.0175781250	-102.4994888306
6673.0498046875	-102.6186523438
6696.1616210938	-102.7906494141
6719.3496093750	-102.8840560913
6742.6220703125	-102.8384094238
6765.9746093750	-102.7780838013
6789.4082031250	-102.7983779907
6812.9194335938	-102.9404907227
6836.5156250000	-103.0550384521
6860.1938476563	-103.1366882324
6883.9536132813	-103.1116867065
6907.7919921875	-103.0468521118
6931.7167968750	-103.0363388062
6955.7246093750	-103.0825653076
6979.8154296875	-103.1950836182
7003.9858398438	-103.2872390747
7028.2436523438	-103.3030853271
7052.5859375000	-103.3004913330
7077.0122070313	-103.3281326294
7101.5190429688	-103.3556976318
7126.1147460938	-103.3677062988
7150.7958984375	-103.4012832642
7175.5625000000	-103.4454040527
7200.4106445313	-103.5083694458
7225.3491210938	-103.5378036499
7250.3735351563	-103.5271759033
7275.4848632813	-103.5186843872
7300.6791992188	-103.5514144897
7325.9648437500	-103.6031646729
7351.3378906250	-103.6168746948
7376.7988281250	-103.5945739746
7402.3442382813	-103.6067504883
7427.9819335938	-103.6851730347
7453.7080078125	-103.7931671143
7479.5239257813	-103.8766098022
7505.4248046875	-103.9305725098
7531.4194335938	-103.9617080688
7557.5039062500	-103.9250564575
7583.6791992188	-103.7537002563
7609.9409179688	-103.5960998535
7636.2973632813	-103.5640869141
7662.7451171875	-103.6779327393
7689.2851562500	-103.8697052002
7715.9121093750	-104.0296173096
7742.6357421875	-104.1163482666
7769.4521484375	-104.1694030762
7796.3613281250	-104.2059326172
7823.3593750000	-104.2411880493
7850.4550781250	-104.2417144775
7877.6450195313	-104.2158355713
7904.9287109375	-104.2120208740
7932.3027343750	-104.2323837280
7959.7758789063	-104.2792663574
7987.3442382813	-104.3539733887
8015.0078125000	-104.4202880859
8042.7675781250	-104.4307632446
8070.6191406250	-104.3895950317
8098.5712890625	-104.3320541382
8126.6201171875	-104.2660903931
8154.7666015625	-104.2440490723
8183.0053710938	-104.2680282593
8211.3466796875	-104.3805084229
8239.7871093750	-104.5061874390
8268.3251953125	-104.5820846558
8296.9570312500	-104.5028152466
8325.6933593750	-104.1666564941
8354.5292968750	-101.3763046265
8383.4648437500	-93.2777557373
8412.4960937500	-86.5565795898
8441.6318359375	-83.4957199097
8470.8691406250	-82.1829681396
8500.2080078125	-82.8879165649
8529.6425781250	-85.2861251831
8559.1845703125	-89.1379318237
8588.8291015625	-96.4519119263
8618.5761718750	-102.9080352783
8648.4218750000	-104.0932159424
8678.3750000000	-104.0303115845
8708.4326171875	-103.8422241211
8738.5937500000	-103.6216278076
8768.8544921875	-103.2384262085
8799.2246093750	-102.8343048096
8829.7001953125	-102.3551559448
8860.2822265625	-101.9181137085
8890.9638671875	-102.0798416138
8921.7578125000	-102.5894241333
8952.6582031250	-102.8597793579
8983.6650390625	-102.9905014038
9014.7744140625	-103.1237564087
9045.9970703125	-103.1607284546
9077.3271484375	-103.0296936035
9108.7656250000	-102.9014282227
9140.3085937500	-103.0399093628
9171.9658203125	-103.3181915283
9203.7324218750	-103.6192474365
9235.6093750000	-103.8990859985
9267.5908203125	-104.0043334961
9299.6894531250	-104.0024185181
9331.8984375000	-104.0999450684
9364.2187500000	-104.3371887207
9396.6464843750	-104.4906234741
9429.1914062500	-104.5313720703
9461.8486328125	-104.5545043945
9494.6191406250	-104.5374298096
9527.4980468750	-104.5208816528
9560.4960937500	-104.6208953857
9593.6083984375	-104.7173156738
9626.8359375000	-104.6075134277
9660.1718750000	-104.4779434204
9693.6298828125	-104.5435638428
9727.2031250000	-104.7712020874
9760.8935546875	-104.9119338989
9794.6943359375	-104.8714904785
9828.6171875000	-104.7966918945
9862.6582031250	-104.7582931519
9896.8173828125	-104.6239624023
9931.0888671875	-104.3699188232
9965.4853515625	-104.1974792480
10000.0000000000	-104.4314193726
10034.6347656250	-104.4279479980
10069.3886718750	-104.4406204224
10104.2636718750	-104.4811096191
10139.2597656250	-104.5379791260
10174.3652343750	-104.6116714478
10209.6035156250	-104.7176284790
10244.9638671875	-104.8459701538
10280.4472656250	-104.9942245483
10316.0527343750	-105.1689224243
10351.7822265625	-105.3565826416
10387.6347656250	-105.5475463867
10423.6123046875	-105.7362442017
10459.7021484375	-105.9046707153
10495.9287109375	-106.0543518066
10532.2812500000	-106.1836395264
10568.7597656250	-106.2798919678
10605.3642578125	-106.3513793945
10642.0947265625	-106.4029312134
10678.9531250000	-106.4339294434
10715.9394531250	-106.4428176880
10753.0419921875	-106.4419784546
10790.2841796875	-106.4338684082
10827.6562500000	-106.4221649170
10865.1572265625	-106.4149780273
10902.7880859375	-106.4147796631
10940.5498046875	-106.4232559204
10978.4414062500	-106.4454269409
11016.4648437500	-106.4791717529
11054.6074218750	-106.5200500488
11092.8945312500	-106.5657424927
11131.3144531250	-106.6108398438
11169.8671875000	-106.6467742920
11208.5537109375	-106.6723403931
11247.3740234375	-106.6873474121
11286.3291015625	-106.6930313110
11325.4189453125	-106.7007522583
11364.6308593750	-106.7167892456
11403.9921875000	-106.7430801392
11443.4892578125	-106.7803955078
11483.1230468750	-106.8229446411
11522.8945312500	-106.8601379395
11562.8037109375	-106.8882751465
11602.8505859375	-106.9046630859
11643.0371093750	-106.9068145752
11683.3486328125	-106.8978805542
11723.8134765625	-106.8846893311
11764.4189453125	-106.8722534180
11805.1640625000	-106.8662185669
11846.0507812500	-106.8764038086
11887.0791015625	-106.9094619751
11928.2490234375	-106.9609222412
11969.5625000000	-107.0255279541
12011.0048828125	-107.0956192017
12052.6044921875	-107.1604766846
12094.3486328125	-107.2056732178
12136.2363281250	-107.2315063477
12178.2695312500	-107.2404861450
12220.4492187500	-107.2363586426
12262.7734375000	-107.2214889526
12305.2451171875	-107.1866226196
12347.8505859375	-107.0641632080
12390.6162109375	-106.7362747192
12433.5312500000	-106.0844192505
12476.5937500000	-105.0704650879
12519.8056640625	-103.7686004639
12563.1679687500	-102.3788375854
12606.6796875000	-101.1944351196
12650.3427734375	-100.3356933594
12694.1562500000	-99.8591384888
12738.1074218750	-99.7934646606
12782.2255859375	-100.1437454224
12826.4960937500	-100.8909912109
12870.9199218750	-101.9849624634
12915.4980468750	-103.3264999390
12960.2304687500	-104.6632308960
13005.1171875000	-105.7572326660
13050.1601562500	-106.5025024414
13095.3447265625	-106.9325790405
13140.6992187500	-107.1564636230
13186.2119140625	-107.2822036743
13231.8818359375	-107.3725357056
13277.7099609375	-107.4495391846
13323.6962890625	-107.5143356323
13369.8427734375	-107.5639343262
13416.1484375000	-107.6012573242
13462.5996093750	-107.6324844360
13509.2265625000	-107.6627273560
13556.0156250000	-107.6914138794
13602.9658203125	-107.7121887207
13650.0791015625	-107.7176971436
13697.3554687500	-107.7061157227
13744.7958984375	-107.6841430664
13792.4003906250	-107.6636886597
13840.1542968750	-107.6548156738
13888.0888671875	-107.6615982056
13936.1904296875	-107.6841201782
13984.4570312500	-107.7241134644
14032.8916015625	-107.7837677002
14081.4941406250	-107.8641815186
14130.2646484375	-107.9606475830
14179.2041015625	-108.0625076294
14228.2978515625	-108.1570281982
14277.5771484375	-108.2347183228
14327.0263671875	-108.2923126221
14376.6474609375	-108.3326263428
14426.4404296875	-108.3618240356
14476.4052734375	-108.3864898682
14526.5439453125	-108.4116973877
14576.8564453125	-108.4404602051
14627.3261718750	-108.4744491577
14677.9873046875	-108.5155792236
14728.8242187500	-108.5895385742
14779.8369140625	-108.6541519165
14831.0253906250	-108.7183761597
14882.3925781250	-108.7652969360
14933.9365234375	-108.7788467407
14985.6601562500	-108.7524642944
15037.5458984375	-108.6916351318
15089.6269531250	-108.6113128662
15141.8896484375	-108.5324172974
15194.3330078125	-108.4776229858
15246.9580078125	-108.4643173218
15299.7646484375	-108.4969940186
15352.7548828125	-108.5649490356
15405.9287109375	-108.6484146118
15459.2695312500	-108.7289199829
15512.8115234375	-108.7954788208
15566.5390625000	-108.8428726196
15620.4531250000	-108.8668060303
15674.5546875000	-108.8639221191
15728.8427734375	-108.8378295898
15783.3183593750	-108.8040313721
15837.9833984375	-108.7858734131
15892.8369140625	-108.8297729492
15947.8642578125	-108.9376296997
16003.0986328125	-109.0227279663
16058.5244140625	-109.0961151123
16114.1425781250	-109.1498489380
16169.9531250000	-109.1800460815
16225.9570312500	-109.1818237305
16282.1552734375	-109.1516799927
16338.5478515625	-109.0948638916
16395.1171875000	-109.0285034180
16451.9003906250	-108.9645538330
16508.8808593750	-108.9680557251
16566.0585937500	-109.0028686523
16623.4355468750	-109.0127487183
16681.0097656250	-108.9181365967
16738.7832031250	-108.6343078613
16796.7578125000	-108.1448974609
16854.9140625000	-107.5505676270
16913.2890625000	-106.8634338379
16971.8691406250	-106.7021179199
17030.6503906250	-107.0033340454
17089.6347656250	-107.5444641113
17148.8242187500	-108.1870422363
17208.2167968750	-108.7655868530
17267.8183593750	-109.2781829834
17327.6054687500	-109.4921951294
17387.6191406250	-109.5277023315
17447.8398437500	-109.5195465088
17508.2695312500	-109.4757537842
17568.9082031250	-109.3794479370
17629.7578125000	-109.3084030151
17690.8164062500	-109.2981185913
17752.0878906250	-109.3113479614
17813.5527343750	-109.3390655518
17875.2500000000	-109.4061660767
17937.1582031250	-109.5075531006
17999.2832031250	-109.5944442749
18061.6230468750	-109.6826095581
18124.1796875000	-109.7602081299
18186.9511718750	-109.8422775269
18249.9414062500	-109.8916702271
18313.1289062500	-109.9109649658
18376.5546875000	-109.9327239990
18440.2011718750	-109.9989929199
18504.0683593750	-110.1066589355
18568.1562500000	-110.1903610229
18632.4667968750	-110.2620162964
18697.0000000000	-110.3085937500
18761.7558593750	-110.2822113037
18826.7148437500	-110.2313079834
18891.9199218750	-110.1662063599
18957.3515625000	-110.1578140259
19023.0097656250	-110.2019958496
19088.8945312500	-110.2762222290
19155.0078125000	-110.4021835327
19221.3515625000	-110.4936981201
19287.9238281250	-110.5115585327
19354.7050781250	-110.4768142700
19421.7382812500	-110.4089584351
19489.0058593750	-110.3725509644
19556.5039062500	-110.3823852539
19624.2382812500	-110.4533843994
19692.2050781250	-110.5094375610
19760.4082031250	-110.5576934814
19828.8476562500	-110.5840759277
19897.5019531250	-110.6099472046
19966.4160156250	-110.6561965942
20035.5683593750	-110.6655273438
20104.9609375000	-110.6279678345
20174.5937500000	-110.5381774902
20244.4667968750	-110.4684295654
20314.5839843750	-110.4599456787
20384.9414062500	-110.4857635498
20455.5449218750	-110.5100631714
20526.3691406250	-110.5438079834
20597.4609375000	-110.5750732422
20668.7988281250	-110.6133651733
20740.3847656250	-110.6710281372
20812.2187500000	-110.7154388428
20884.3007812500	-110.6700820923
20956.6328125000	-110.3165969849
21029.2148437500	-109.4615478516
21102.0253906250	-108.5332031250
21175.1113281250	-108.0186614990
21248.4492187500	-108.0832748413
21322.0429687500	-108.4909973145
21395.8906250000	-109.3477783203
21469.9941406250	-110.1177062988
21544.3554687500	-110.4600753784
21618.9726562500	-110.5924682617
21693.8242187500	-110.7061691284
21768.9609375000	-110.8513641357
21844.3574218750	-110.9773101807
21920.0136718750	-111.0730743408
21995.9316406250	-111.1584625244
22072.1152343750	-111.2459411621
22148.5605468750	-111.3205413818
22225.2714843750	-111.3743667603
22302.2226562500	-111.4105529785
22379.4648437500	-111.4433898926
22456.9746093750	-111.4575042725
22534.7539062500	-111.4374923706
22612.8027343750	-111.3906326294
22691.1210937500	-111.3510513306
22769.7109375000	-111.3280029297
22848.5722656250	-111.3192825317
22927.6816406250	-111.3549804688
23007.0898437500	-111.4696960449
23086.7753906250	-111.5719909668
23166.7343750000	-111.6605987549
23246.9707031250	-111.7312469482
23327.4863281250	-111.7658767700
23408.2792968750	-111.7643966675
23489.3535156250	-111.7402267456
23570.6816406250	-111.7067413330
23652.3183593750	-111.6835098267
23734.2363281250	-111.6922378540
23816.4394531250	-111.7266235352
23898.9257812500	-111.7506256104
23981.6992187500	-111.7806091309
24064.7578125000	-111.8169555664
24148.1054687500	-111.8346176147
24231.7148437500	-111.8105697632
24315.6406250000	-111.7700881958
24399.8574218750	-111.7298812866
24484.3652343750	-111.6993865967
24569.1640625000	-111.6923828125
24654.2597656250	-111.6943588257
24739.6484375000	-111.7366409302
24825.3320312500	-111.8044204712
24911.2871093750	-111.8689193726
24997.5664062500	-111.8793869019
25084.1445312500	-111.4731445313
25171.0214843750	-110.4313049316
25258.1992187500	-108.5858535767
25345.6816406250	-106.5110778809
25433.4648437500	-105.8286819458
25521.5527343750	-106.2431793213
25609.9453125000	-108.0649185181
25698.6152343750	-110.4664611816
25787.6210937500	-111.6815490723
25876.9355468750	-112.0066757202
25966.5585937500	-112.0131378174
26056.4941406250	-112.0369949341
26146.7382812500	-112.1269989014
26237.2968750000	-112.2189483643
26328.1679687500	-112.2571640015
26419.3261718750	-112.1784286499
26510.8281250000	-112.0671005249
26602.6464843750	-112.0253829956
26694.7832031250	-112.0702285767
26787.2402343750	-112.2586441040
26880.0156250000	-112.4978637695
26973.1132812500	-112.6594085693
27066.5351562500	-112.7450942993
27160.2480468750	-112.7545242310
27254.3164062500	-112.7043762207
27348.7109375000	-112.6647033691
27443.4316406250	-112.7272567749
27538.4804687500	-112.7601318359
27633.8593750000	-112.6616744995
27729.5683593750	-112.5531997681
27825.6074218750	-112.5533370972
27921.9492187500	-112.5923385620
28018.6562500000	-112.6004257202
28115.6972656250	-112.5671768188
28213.0742187500	-112.5632705688
28310.7890625000	-112.6090850830
28408.8417968750	-112.6613464355
28507.2343750000	-112.7356872559
28605.9687500000	-112.8568801880
28705.0136718750	-112.9981765747
28804.4316406250	-113.1067657471
28904.1933593750	-113.0915985107
29004.3027343750	-112.9912872314
29104.7578125000	-112.9350357056
29205.5605468750	-112.8928451538
29306.7128906250	-112.8569335938
29408.2148437500	-112.9124603271
29510.0371093750	-113.0292205811
29612.2441406250	-113.1141281128
29714.8046875000	-113.1631851196
29817.7207031250	-113.2100219727
29920.9921875000	-113.2509689331
30024.6230468750	-113.1395645142
30128.6113281250	-113.1531219482
30232.9609375000	-113.1546020508
30337.6367187500	-113.1449890137
30442.7109375000	-113.1261062622
30548.1464843750	-113.1097106934
30653.9492187500	-113.1019058228
30760.1171875000	-113.1154785156
30866.6542968750	-113.1420745850
30973.5585937500	-113.2004699707
31080.8339843750	-113.2694473267
31188.4472656250	-113.3486175537
31296.4667968750	-113.4234390259
31404.8613281250	-113.4880752563
31513.6308593750	-113.5354995728
31622.7773437500	-113.5559997559
31732.3007812500	-113.5645751953
31842.2031250000	-113.5572662354
31952.4882812500	-113.5494613647
32063.1542968750	-113.5441970825
32174.1679687500	-113.5516433716
32285.6015625000	-113.5727462769
32397.4218750000	-113.6031188965
32509.6289062500	-113.6462631226
32622.2246093750	-113.6751937866
32735.2089843750	-113.6754913330
32848.5859375000	-113.5291900635
32962.3554687500	-113.0946350098
33076.4843750000	-112.4055557251
33191.0429687500	-111.2043228149
33305.9960937500	-109.8354721069
33421.3515625000	-108.4136047363
33537.1054687500	-107.1397781372
33653.2578125000	-106.1693420410
33769.8164062500	-105.4510421753
33886.7773437500	-105.1083450317
34004.1054687500	-105.2035217285
34121.8750000000	-105.5942459106
34240.0546875000	-106.3157196045
34358.6445312500	-107.4730834961
34477.6445312500	-108.8059921265
34597.0546875000	-110.2731475830
34716.8789062500	-111.6672744751
34837.1210937500	-112.7365875244
34957.7382812500	-113.5118560791
35078.8125000000	-113.9109268188
35200.3085937500	-114.0917434692
35322.2226562500	-114.2033691406
35444.5585937500	-114.2737045288
35567.3203125000	-114.3231277466
35690.5039062500	-114.3646469116
35814.1171875000	-114.4029998779
35938.1171875000	-114.4416427612
36062.5898437500	-114.4919738770
36187.4921875000	-114.5507736206
36312.8242187500	-114.6151123047
36438.5898437500	-114.6800765991
36564.7968750000	-114.7305374146
36691.4375000000	-114.7660293579
36818.5156250000	-114.7869720459
36945.9921875000	-114.7941436768
37073.9531250000	-114.7970581055
37202.3593750000	-114.8007659912
37331.2070312500	-114.8047409058
37460.5000000000	-114.8064346313
37590.2460937500	-114.7933120728
37720.4375000000	-114.7663192749
37851.0781250000	-114.7300949097
37982.1328125000	-114.6912307739
38113.6835937500	-114.6735153198
38245.6875000000	-114.6850280762
38378.1484375000	-114.7217712402
38511.0703125000	-114.7780990601
38644.4531250000	-114.8426284790
38778.2968750000	-114.8955993652
38912.6015625000	-114.9326095581
39047.3320312500	-114.9542236328
39182.5703125000	-114.9637069702
39318.2773437500	-114.9694976807
39454.4531250000	-114.9879684448
39591.1015625000	-115.0244827271
39728.2265625000	-115.0782318115
39865.8203125000	-115.1436309814
40003.8945312500	-115.2077026367
40142.4453125000	-115.2468948364
40281.4335937500	-115.2574005127
40420.9453125000	-115.2432556152
40560.9414062500	-115.2137603760
40701.4257812500	-115.1821365356
40842.3906250000	-115.1645431519
40983.8476562500	-115.1623001099
41125.7929687500	-115.1613693237
41268.2304687500	-115.1456985474
41411.1171875000	-115.1016540527
41554.5390625000	-115.0233459473
41698.4648437500	-114.9211196899
41842.8828125000	-114.8354263306
41987.8046875000	-114.7976684570
42133.2265625000	-114.8198852539
42279.1523437500	-114.8979034424
42425.5859375000	-115.0147857666
42572.4765625000	-115.1469802856
42719.9257812500	-115.2726745605
42867.8828125000	-115.3691711426
43016.3554687500	-115.4042510986
43165.3398437500	-115.3197326660
43314.8437500000	-115.0658950806
43464.8593750000	-114.6498718262
43615.3984375000	-114.1580123901
43766.4101562500	-113.7376022339
43917.9960937500	-113.5337371826
44070.1015625000	-113.6552810669
44222.7382812500	-114.0716171265
44375.9023437500	-114.6555480957
44529.5937500000	-115.2460479736
44683.8203125000	-115.7006378174
44838.5820312500	-115.9562149048
44993.8281250000	-116.0351333618
45149.6601562500	-116.0043563843
45306.0351562500	-115.9281082153
45462.9492187500	-115.8501205444
45620.4101562500	-115.7970046997
45778.4140625000	-115.7791900635
45936.9648437500	-115.7833480835
46096.0664062500	-115.7714920044
46255.6679687500	-115.7191238403
46415.8710937500	-115.6412963867
46576.6289062500	-115.5877838135
46737.9453125000	-115.6089324951
46899.8203125000	-115.7218322754
47062.2578125000	-115.8984909058
47225.2539062500	-116.0800018311
47388.8164062500	-116.2058486938
47552.8945312500	-116.2382431030
47717.5898437500	-116.1683502197
47882.8593750000	-116.0090103149
48048.6992187500	-115.7857894897
48215.1132812500	-115.5251998901
48382.1054687500	-115.2307510376
48549.6718750000	-114.8510131836
48717.8242187500	-114.2778091431
48886.5000000000	-113.4255142212
49055.8164062500	-112.7419357300
49225.7187500000	-111.5970077515
49396.2109375000	-110.5934677124
49567.2929687500	-109.8248367310
49738.9648437500	-108.8920974731
49911.2343750000	-106.6770324707
50084.1015625000	-103.0042037964
50257.5664062500	-99.1808853149
50431.5742187500	-96.0104980469
50606.2421875000	-92.9054794312
50781.5156250000	-91.6396560669
50957.3945312500	-91.8782958984
51133.8828125000	-92.9552307129
51310.9804687500	-94.8775482178
51488.6953125000	-97.6395721436
51667.0234375000	-101.1399917603
51845.9140625000	-104.9121093750
52025.4804687500	-107.8296737671
52205.6679687500	-109.2717590332
52386.4804687500	-110.0986175537
52567.9179687500	-110.9931030273
52749.9843750000	-112.0194168091
52932.6796875000	-113.0144805908
53116.0117187500	-113.8337097168
53299.9179687500	-114.4711837769
53484.5195312500	-115.2917633057
53669.7617187500	-116.1143951416
53855.6445312500	-116.5737762451
54042.1679687500	-116.8991241455
54229.3398437500	-117.0961532593
54417.1640625000	-117.2099761963
54605.6328125000	-117.2806243896
54794.6992187500	-117.3290023804
54984.4765625000	-117.3690261841
55174.9140625000	-117.4153976440
55366.0078125000	-117.5062637329
55557.7656250000	-117.5780029297
55750.1875000000	-117.5784606934
55943.2773437500	-117.5437850952
56137.0351562500	-117.4990768433
56331.3984375000	-117.4701995850
56526.5000000000	-117.4652633667
56722.2773437500	-117.4734497070
56918.7343750000	-117.4783172607
57115.8671875000	-117.5088958740
57313.6875000000	-117.5905227661
57512.1914062500	-117.7174453735
57711.3789062500	-117.8553924561
57911.1992187500	-118.0064849854
58111.7695312500	-118.0829010010
58313.0390625000	-118.0867614746
58515.0039062500	-118.0545578003
58717.6679687500	-117.9898147583
58921.0312500000	-117.8622665405
59125.1015625000	-117.7571945190
59329.8789062500	-117.7371520996
59535.3007812500	-117.7690048218
59741.5000000000	-117.8451461792
59948.4101562500	-117.9897994995
60156.0390625000	-118.1078262329
60364.3867187500	-118.1532135010
60573.4570312500	-118.1807556152
60783.2500000000	-118.2063064575
60993.7695312500	-118.2247619629
61204.9531250000	-118.2374267578
61416.9335937500	-118.2568359375
61629.6484375000	-118.3055343628
61843.0976562500	-118.3648757935
62057.2890625000	-118.3995895386
62272.2226562500	-118.4246597290
62487.8984375000	-118.4374465942
62704.3203125000	-118.4011001587
62921.4257812500	-118.3112564087
63139.3515625000	-118.0618591309
63358.0312500000	-117.8007965088
63577.4687500000	-117.7235794067
63797.6679687500	-117.7698364258
64018.6289062500	-117.9914474487
64240.3554687500	-118.1335678101
64462.8476562500	-118.0575561523
64686.1093750000	-117.8380050659
64910.0781250000	-117.7741012573
65134.8906250000	-117.9017410278
65360.4804687500	-118.1965026855
65586.8515625000	-118.4372863770
65814.0156250000	-118.5320892334
66041.9531250000	-118.6124343872
66270.6875000000	-118.6391372681
66500.2109375000	-118.6278991699
66730.4609375000	-118.5757675171
66961.5781250000	-118.3653259277
67193.5000000000	-117.5908584595
67426.2187500000	-116.4995727539
67659.7500000000	-115.8856277466
67894.0859375000	-115.6587295532
68129.2343750000	-116.2071380615
68365.1953125000	-116.9463882446
68601.8984375000	-118.0220870972
68839.5000000000	-118.6792297363
69077.9218750000	-118.8356246948
69317.1718750000	-118.8764266968
69557.2421875000	-118.8985137939
69798.1562500000	-118.9360275269
70039.8984375000	-118.9638061523
70282.4765625000	-118.9603805542
70525.8203125000	-118.9364852905
70770.0859375000	-118.9275207520
71015.1875000000	-118.9558105469
71261.1484375000	-118.9644393921
71507.9609375000	-118.8227691650
71755.6250000000	-118.5705413818
72004.1484375000	-118.0443420410
72253.5312500000	-117.6126327515
72503.6953125000	-117.6223831177
72754.8125000000	-118.0476608276
73006.7890625000	-118.6411895752
73259.6484375000	-119.0574188232
73513.3828125000	-119.2198867798
73767.9921875000	-119.2943115234
74023.4843750000	-119.3104705811
74279.8593750000	-119.3172531128
74537.0390625000	-119.3481140137
74795.1953125000	-119.3715667725
75054.2500000000	-119.3439712524
75314.1953125000	-119.2938461304
75575.0390625000	-119.2550659180
75836.7890625000	-119.1747741699
76099.4453125000	-119.0799331665
76363.0156250000	-119.0542449951
76627.4140625000	-119.1353073120
76892.8046875000	-119.2843475342
77159.1250000000	-119.4096450806
77426.3593750000	-119.4643020630
77694.5234375000	-119.4701385498
77963.6093750000	-119.4804458618
78233.6328125000	-119.5570449829
78504.5937500000	-119.6720886230
78776.4062500000	-119.7602691650
79049.2421875000	-119.7498855591
79323.0234375000	-119.5933074951
79597.7578125000	-119.2096176147
79873.4453125000	-118.7071990967
80150.0781250000	-118.3291168213
80427.6796875000	-118.2710418701
80706.2343750000	-118.4900665283
80985.7578125000	-118.8343048096
81266.1562500000	-119.3345870972
81547.6171875000	-119.6241760254
81830.0546875000	-119.7775650024
82113.4687500000	-119.9117813110
82397.8671875000	-120.0020370483
82683.2500000000	-120.0432662964
82969.6171875000	-119.9804077148
83256.9765625000	-119.8679580688
83545.2421875000	-119.7299118042
83834.6015625000	-119.5711441040
84124.9531250000	-119.5004730225
84416.3203125000	-119.4532318115
84708.6875000000	-119.3717269897
85002.0781250000	-119.3442916870
85296.4765625000	-119.4433670044
85591.8984375000	-119.6020736694
85888.2500000000	-119.7707901001
86185.7187500000	-119.8142318726
86484.2187500000	-119.7935638428
86783.7500000000	-119.8047714233
87084.3203125000	-119.7802200317
87385.9375000000	-119.4681549072
87688.5937500000	-119.1943893433
87992.2968750000	-119.3106689453
88296.9609375000	-119.5603027344
88602.7734375000	-119.5391464233
88909.6406250000	-119.2322463989
89217.5781250000	-119.2382812500
89526.5781250000	-119.5179061890
89836.6484375000	-119.7983016968
90147.7968750000	-119.9313125610
90460.0156250000	-120.0018234253
90773.2187500000	-120.1132659912
91087.6093750000	-120.1483230591
91403.0859375000	-120.1827163696
91719.6562500000	-120.2417297363
92037.3281250000	-120.3013305664
92356.0937500000	-120.3848876953
92675.9609375000	-120.4069824219
92996.9453125000	-120.2603836060
93318.9296875000	-120.0430755615
93642.1328125000	-119.9196319580
93966.4609375000	-120.0126495361
94291.9062500000	-120.1905441284
94618.4843750000	-120.0278320313
94946.1953125000	-119.6009826660
95275.0312500000	-119.1919708252
95605.0156250000	-119.1646118164
95936.0312500000	-119.5599746704
96268.3046875000	-119.7090148926
96601.7265625000	-119.6307144165
96936.2968750000	-119.5964813232
97272.0312500000	-119.3442916870
97608.9296875000	-118.7068176270
97946.9921875000	-118.1275634766
98286.2265625000	-117.7484359741
98626.5312500000	-116.9694137573
98968.1171875000	-115.3432617188
99310.8906250000	-113.0717315674
99654.8515625000	-109.9735031128
100000.0000000000	-101.5496215820
100346.3437500000	-99.7774276733
100693.8906250000	-98.2624130249
101042.6406250000	-97.1987533569
101392.5937500000	-96.3944396973
101743.6562500000	-95.8534393311
102096.0390625000	-95.7689743042
102449.6406250000	-95.9808578491
102804.4687500000	-96.4680099487
103160.5312500000	-97.3604507446
103517.8203125000	-98.6200637817
103876.3515625000	-100.1592407227
104236.1250000000	-102.0197448730
104597.0234375000	-104.2464981079
104959.2890625000	-106.6023712158
105322.8125000000	-109.0225448608
105687.5937500000	-111.2041473389
106053.6406250000	-112.9113159180
106420.9531250000	-114.2503204346
106789.5312500000	-115.2241210938
107159.3906250000	-116.0460205078
107530.4218750000	-116.8598861694
107902.8437500000	-117.6634521484
108276.5625000000	-118.4188003540
108651.5703125000	-118.9972305298
109027.8828125000	-119.4098892212
109405.4921875000	-119.6576232910
109784.4140625000	-119.7501220703
110164.6484375000	-119.8096008301
110546.0781250000	-119.8784713745
110928.9453125000	-119.9751663208
111313.1484375000	-120.1152343750
111698.6718750000	-120.2635269165
112085.5390625000	-120.3907165527
112473.7421875000	-120.4780654907
112863.2890625000	-120.4925765991
113254.1875000000	-120.4341278076
113646.3125000000	-120.3428344727
114039.9218750000	-120.2406311035
114434.8906250000	-120.1535339355
114831.2343750000	-120.1267623901
115228.9453125000	-120.1462707520
115628.0312500000	-120.1981201172
116028.5078125000	-120.2648162842
116430.3671875000	-120.3157272339
116833.4921875000	-120.3239746094
117238.1406250000	-120.3051528931
117644.1875000000	-120.2765502930
118051.6406250000	-120.2587966919
118460.5078125000	-120.2812347412
118870.7890625000	-120.3505325317
119282.4921875000	-120.4443511963
119695.6250000000	-120.5419616699
120110.0546875000	-120.6195144653
120526.0468750000	-120.6475906372
120943.4843750000	-120.5886306763
121362.3671875000	-120.4558486938
121782.6953125000	-120.2666702271
122204.4843750000	-120.0506668091
122627.7343750000	-119.8468780518
123052.4531250000	-119.7081909180
123478.5000000000	-119.6722106934
123906.1640625000	-119.7221145630
124335.3125000000	-119.8358306885
124765.9375000000	-119.9852371216
125198.0625000000	-120.1432876587
125631.6796875000	-120.2921066284
126066.7968750000	-120.4258193970
126503.4218750000	-120.5473175049
126941.5625000000	-120.6505966187
127381.0781250000	-120.7270202637
127822.2578125000	-120.7686233521
128264.9609375000	-120.7691574097
128709.2031250000	-120.7231292725
129154.9843750000	-120.6156616211
129602.3046875000	-120.4389266968
130051.1796875000	-120.2067108154
130501.6015625000	-119.9497985840
130953.4453125000	-119.7127761841
131407.0000000000	-119.5416412354
131862.1250000000	-119.4716644287
132318.8125000000	-119.5174331665
132777.0937500000	-119.6689682007
133236.9687500000	-119.8950576782
133698.4218750000	-120.1412200928
134161.4843750000	-120.3619918823
134626.0000000000	-120.5321884155
135092.2656250000	-120.6461868286
135560.1562500000	-120.7141189575
136029.6562500000	-120.7534866333
136500.7968750000	-120.7784881592
136973.5625000000	-120.7917633057
137447.9531250000	-120.7819290161
137924.0000000000	-120.7287216187
138401.5468750000	-120.6149978638
138880.8906250000	-120.4411621094
139361.9062500000	-120.2344818115
139844.5781250000	-120.0480422974
140328.9218750000	-119.9331283569
140814.9375000000	-119.9192733765
141302.6406250000	-120.0063018799
141792.0468750000	-120.1649703979
142282.9843750000	-120.3484725952
142775.7656250000	-120.5117034912
143270.2656250000	-120.6279983521
143766.4687500000	-120.6939468384
144264.4062500000	-120.7210083008
144764.0625000000	-120.7229919434
145265.4375000000	-120.7075119019
145768.5625000000	-120.6727142334
146273.2656250000	-120.6078262329
146779.8750000000	-120.4983291626
147288.2343750000	-120.2584762573
147798.3593750000	-120.0297851563
148310.2500000000	-119.7551574707
148823.9218750000	-119.3661575317
149339.3750000000	-118.6804885864
149856.5937500000	-117.4737548828
150375.4531250000	-115.7336196899
150896.2656250000	-113.7618408203
151418.8906250000	-111.9329147339
151943.3281250000	-110.5001068115
152469.5781250000	-109.5923004150
152997.6406250000	-109.2647476196
153527.5468750000	-109.5325088501
154059.2812500000	-110.3808670044
154592.6875000000	-111.7561798096
155128.1093750000	-113.5368499756
155665.3906250000	-115.4933700562
156204.5312500000	-117.2963562012
156745.5468750000	-118.6658630371
157288.4218750000	-119.5532379150
157833.1875000000	-120.0874099731
158379.8281250000	-120.4034805298
158928.3750000000	-120.6365966797
159478.6406250000	-120.7415008545
160030.9843750000	-120.7657318115
160585.2500000000	-120.7675857544
161141.4218750000	-120.7511825562
161699.5312500000	-120.7234954834
162259.5781250000	-120.6954574585
162821.5468750000	-120.6791839600
163385.4687500000	-120.6831512451
163951.1718750000	-120.7072143555
164519.0156250000	-120.7512512207
165088.8125000000	-120.7599334717
165660.5937500000	-120.7329330444
166234.3437500000	-120.7001037598
166810.0937500000	-120.6855239868
167387.8281250000	-120.7017898560
167967.5781250000	-120.7410812378
168549.1406250000	-120.7803268433
169132.9062500000	-120.7892608643
169718.6875000000	-120.7446060181
170306.5000000000	-120.7025222778
170896.3437500000	-120.6707458496
171488.2343750000	-120.6558456421
172082.1718750000	-120.6563568115
172678.1718750000	-120.6793289185
173276.0468750000	-120.7248382568
173876.1875000000	-120.7710571289
174478.3906250000	-120.8224868774
175082.6875000000	-120.8685150146
175689.0781250000	-120.9040298462
176297.5781250000	-120.8891220093
176908.1718750000	-120.8374099731
177520.8906250000	-120.7586746216
178135.5312500000	-120.6724090576
178752.4843750000	-120.5962600708
179371.5937500000	-120.6135253906
179992.8437500000	-120.6737289429
180616.2343750000	-120.7344207764
181241.7968750000	-120.7650222778
181869.5156250000	-120.7302703857
182499.4062500000	-120.6595840454
183131.2812500000	-120.6344757080
183765.5468750000	-120.6434936523
184402.0156250000	-120.6812973022
185040.6875000000	-120.6673431396
185681.5625000000	-120.6036071777
186324.6718750000	-120.5292510986
186969.9843750000	-120.4913024902
187617.5468750000	-120.5546875000
188267.1562500000	-120.6252517700
188919.2031250000	-120.6813964844
189573.5156250000	-120.6871795654
190230.0937500000	-120.6944580078
190888.9531250000	-120.7241058350
191550.0937500000	-120.7834854126
192213.5156250000	-120.7987976074
192879.2343750000	-120.7561569214
193547.0468750000	-120.6369018555
194217.3906250000	-120.5085830688
194890.0468750000	-120.4367141724
195565.0468750000	-120.3459396362
196242.3750000000	-120.2383041382
196922.0468750000	-120.0996627808
197604.0781250000	-119.5101547241
198288.4843750000	-118.2071228027
198975.0156250000	-116.6859664917
199664.1562500000	-113.3969573975
200355.6875000000	-109.8379516602
201049.6093750000	-107.1979522705
201745.9375000000	-103.2797164917
202444.6718750000	-100.2390823364
203145.8281250000	-98.1014480591
203849.4218750000	-97.0839385986
204555.4375000000	-97.1275405884
205263.6875000000	-98.2643890381
205974.6093750000	-100.5071029663
206688.0000000000	-103.5620574951
207403.8437500000	-107.3357238770
208122.1875000000	-109.7565994263
208843.0000000000	-112.9518127441
209566.3125000000	-115.9798736572
210292.1406250000	-118.0962905884
211020.2500000000	-119.4454040527
211751.1093750000	-119.8930130005
212484.5000000000	-120.0636978149
213220.4218750000	-120.1322326660
213958.9062500000	-120.2235260010
214699.9375000000	-120.2993392944
215443.5468750000	-120.3645095825
216189.7343750000	-120.4326629639
216938.2500000000	-120.5117721558
217689.6093750000	-120.5982208252
218443.5625000000	-120.6551895142
219200.1406250000	-120.6449966431
219959.3281250000	-120.5565567017
220721.1406250000	-120.4666671753
221485.5937500000	-120.4384078979
222252.7031250000	-120.4454345703
223022.2187500000	-120.4221343994
223794.6562500000	-120.3548202515
224569.7500000000	-120.3005142212
225347.5468750000	-120.3128738403
226128.0156250000	-120.4016265869
226911.2031250000	-120.5058517456
227697.0937500000	-120.5763702393
228485.7187500000	-120.6007003784
229276.8125000000	-120.5659866333
230070.9062500000	-120.4879837036
230867.7500000000	-120.4614181519
231667.3437500000	-120.4772186279
232469.7187500000	-120.4757003784
233274.8593750000	-120.4218978882
234082.7968750000	-120.3725357056
234893.5312500000	-120.4041976929
235706.8281250000	-120.4785614014
236523.1875000000	-120.5524749756
237342.3750000000	-120.5992660522
238164.3906250000	-120.5875015259
238989.2656250000	-120.5269927979
239816.9843750000	-120.4599380493
240647.5937500000	-120.3995819092
241481.0625000000	-120.3287200928
242317.1562500000	-120.2347259521
243156.4062500000	-120.1969223022
243998.5625000000	-120.2103652954
244843.6406250000	-120.2968750000
245691.6562500000	-120.3922424316
246542.5937500000	-120.4624938965
247396.4843750000	-120.4901275635
248253.3281250000	-120.4722366333
249112.8593750000	-120.3626403809
249975.6562500000	-119.8595886230
250841.4375000000	-118.5595855713
251710.2187500000	-116.9369964600
252582.0000000000	-114.6767044067
253456.8125000000	-111.8352050781
254334.6406250000	-110.3114776611
255215.5156250000	-109.7117691040
256099.4531250000	-110.3562316895
256986.1562500000	-112.5130233765
257876.2187500000	-114.7554016113
258769.3593750000	-116.7628402710
259665.5937500000	-118.6535644531
260564.9375000000	-119.4064025879
261467.3906250000	-119.5914916992
262372.9687500000	-119.7807998657
263281.6875000000	-120.0702896118
264193.2500000000	-120.1212844849
265108.2812500000	-120.0075302124
266026.4687500000	-120.0093765259
266947.8437500000	-120.1176681519
267872.4062500000	-120.2474060059
268800.1562500000	-120.2725448608
269731.1562500000	-120.2205123901
270665.3437500000	-120.1852722168
271602.4687500000	-120.2258834839
272543.1562500000	-120.2893753052
273487.0937500000	-120.2852859497
274434.3125000000	-120.2242507935
275384.8125000000	-120.2293624878
276338.5937500000	-120.2311401367
277295.6875000000	-120.1535110474
278256.0625000000	-120.1189880371
279219.5000000000	-120.1691436768
280186.5625000000	-120.1900558472
281156.9687500000	-120.0314636230
282130.7500000000	-119.8427200317
283107.9062500000	-119.8836975098
284088.4375000000	-119.7993621826
285072.3437500000	-119.1854324341
286059.6875000000	-118.6186141968
287050.1250000000	-117.5860519409
288044.3125000000	-114.3148956299
289041.9375000000	-111.2822952271
290043.0312500000	-110.4972305298
291047.5625000000	-112.2502059937
292055.5937500000	-115.8186187744
293067.1250000000	-117.2382049561
294082.1562500000	-115.7001342773
295100.3750000000	-115.2713928223
296122.4375000000	-116.6934356689
297148.0312500000	-118.9204177856
298177.1875000000	-120.0068206787
299209.9062500000	-119.4607925415
300246.2187500000	-109.4164657593
301286.1250000000	-107.9228820801
302329.5937500000	-106.6081466675
303376.3750000000	-105.6199645996
304427.0937500000	-104.9559555054
305481.4687500000	-104.5360717773
306539.5000000000	-104.4345855713
307601.1875000000	-104.7157592773
308666.5312500000	-105.2523040771
309735.5937500000	-106.0551071167
310808.3437500000	-107.2946548462
311884.4687500000	-108.7680892944
312964.6875000000	-110.4588088989
314048.6250000000	-112.3799667358
315136.3125000000	-114.2553176880
316227.7812500000	-115.9342575073
317323.0000000000	-117.2619400024
318422.0312500000	-117.9806365967
319524.8750000000	-118.4982147217
320631.5312500000	-118.8821334839
321741.6875000000	-119.2552413940
322856.0312500000	-119.6596298218
323974.2187500000	-120.0561676025
325096.2812500000	-120.4238281250
326222.2500000000	-120.6819763184
327352.0937500000	-120.8428268433
328485.8750000000	-120.9330749512
329623.5625000000	-120.9670028687
330764.8437500000	-120.9723968506
331910.4062500000	-120.9819564819
333059.9687500000	-120.9988098145
334213.5312500000	-121.0255737305
335371.0625000000	-121.0612640381
336532.5937500000	-121.0982589722
337698.1562500000	-121.1361007690
338867.7500000000	-121.1751174927
340041.0312500000	-121.2200927734
341218.7500000000	-121.2730560303
342400.5625000000	-121.3228302002
343586.4375000000	-121.3477554321
344776.4375000000	-121.3028106689
345970.5625000000	-121.0027236938
347168.8125000000	-120.3548889160
348371.2187500000	-119.3325042725
349577.4062500000	-117.9596328735
350788.1250000000	-116.3718948364
352003.0625000000	-114.8635253906
353222.2187500000	-113.5538406372
354445.5937500000	-112.5104293823
355673.1875000000	-111.7805023193
356905.0625000000	-111.4493255615
358141.1875000000	-111.5273513794
359381.1875000000	-111.9599533081
360625.9062500000	-112.7378845215
361874.9062500000	-113.8394470215
363128.2500000000	-115.2329483032
364385.9062500000	-116.8234100342
365647.9375000000	-118.3617248535
366914.3437500000	-119.6742553711
368185.1562500000	-120.6548461914
369459.9375000000	-121.2812042236
370739.5312500000	-121.6314544678
372023.5937500000	-121.8246612549
373312.0625000000	-121.9443359375
374605.0312500000	-122.0058441162
375902.4375000000	-122.0195388794
377204.3750000000	-121.9957504272
378510.7812500000	-121.9475708008
379821.3437500000	-121.8877716064
381136.8125000000	-121.8224258423
382456.8750000000	-121.7473220825
383781.5000000000	-121.6538085938
385110.7187500000	-121.5298919678
386444.5312500000	-121.3578491211
387782.9687500000	-121.1078262329
389126.0312500000	-120.7249603271
390473.3125000000	-120.0094375610
391825.6875000000	-118.5877914429
393182.7812500000	-116.0829238892
394544.5312500000	-112.5876922607
395911.0312500000	-108.5617523193
397282.2500000000	-104.4996871948
398658.2187500000	-100.7183151245
400038.9375000000	-97.3631439209
401424.4687500000	-94.4929504395
402814.3437500000	-92.1380004883
404209.4687500000	-90.3430099487
405609.4375000000	-89.0617828369
407014.2500000000	-88.2949142456
408423.9062500000	-88.0436401367
409838.4687500000	-88.3103485107
411257.9375000000	-89.0984878540
412682.3125000000	-90.4117736816
414111.1562500000	-92.2517623901
415545.4062500000	-94.6174621582
416984.6250000000	-97.4966201782
418428.8437500000	-100.8590011597
419878.0625000000	-104.6389160156
421332.2812500000	-108.7005310059
422791.5312500000	-112.7713928223
424255.8750000000	-116.3716964722
425724.7812500000	-118.9632034302
427199.2500000000	-120.4439239502
428678.8437500000	-121.2495269775
430163.5625000000	-121.7180633545
431653.4062500000	-122.0198287964
433148.4062500000	-122.2314682007
434648.5937500000	-122.3832702637
436154.0000000000	-122.4801406860
437664.1250000000	-122.5112304688
439179.9375000000	-122.4585037231
440701.0312500000	-122.3109588623
442227.3750000000	-122.0349273682
443759.0000000000	-121.7434921265
445295.9375000000	-121.4220199585
446838.2187500000	-121.0044021606
448385.8125000000	-120.2975387573
449938.2812500000	-119.0784149170
451496.6250000000	-117.3632278442
453060.3437500000	-115.4639434814
454629.5000000000	-113.7271575928
456204.0937500000	-112.3712081909
457784.1562500000	-111.5011672974
459369.6562500000	-111.1599273682
460960.6562500000	-111.3594589233
462556.6562500000	-112.0925598145
464158.7187500000	-113.3310165405
465766.3125000000	-115.0097885132
467379.4687500000	-116.9909896851
468998.2187500000	-119.0112152100
470622.5625000000	-120.6871871948
472252.5625000000	-121.9645080566
473888.1875000000	-122.4098968506
475528.9375000000	-122.5449523926
477175.9062500000	-122.6930389404
478828.5937500000	-122.8508605957
480487.0000000000	-122.9957580566
482151.1250000000	-123.1148071289
483821.0312500000	-123.2060775757
485496.7500000000	-123.2719497681
487178.2187500000	-123.3176040649
488865.0000000000	-123.3513259888
490558.1875000000	-123.3936843872
492257.1875000000	-123.4244918823
493962.1250000000	-123.4246749878
495672.9375000000	-123.3965301514
497389.6562500000	-123.3218688965
499112.3437500000	-123.1654052734
500841.0000000000	-122.8734054565
502575.6562500000	-122.3970336914
504315.7500000000	-121.3400650024
506062.4062500000	-120.2441558838
507815.1250000000	-119.6774139404
509573.9375000000	-119.3733520508
511338.8125000000	-119.3821182251
513109.8125000000	-119.7058105469
514886.9375000000	-120.6614761353
516670.2500000000	-121.8465499878
518459.1250000000	-122.5103302002
520254.7812500000	-122.9545745850
522056.6562500000	-123.1769104004
523864.7812500000	-123.2412185669
525679.1875000000	-123.2000579834
527499.8125000000	-123.1394042969
529326.8125000000	-123.1301498413
531160.1250000000	-123.1623535156
532999.1875000000	-123.2361984253
534845.1875000000	-123.3777694702
536697.6250000000	-123.4705657959
538556.4375000000	-123.4691696167
540421.6875000000	-123.4346008301
542293.4375000000	-123.3817291260
544171.6250000000	-123.3563385010
546056.3125000000	-123.3380889893
547947.0000000000	-123.2769622803
549844.7500000000	-123.1112594604
551749.1250000000	-122.4025726318
553660.0625000000	-121.1096267700
555577.6875000000	-119.9496536255
557501.8750000000	-118.8114013672
559432.7500000000	-117.5719451904
561370.3125000000	-117.0756301880
563314.0000000000	-117.2749710083
565265.0000000000	-118.2776565552
567222.7500000000	-119.8223342896
569187.3125000000	-120.9027633667
571158.6875000000	-121.7810516357
573136.8750000000	-122.3798675537
575121.8750000000	-122.3348617554
577113.8125000000	-122.1123504639
579112.0000000000	-121.9397201538
581117.6875000000	-122.1123352051
583130.3750000000	-122.4309844971
585150.0000000000	-122.9198303223
587176.6875000000	-123.2037963867
589210.3125000000	-123.2542190552
591251.0000000000	-123.3159942627
593298.8125000000	-123.4395217896
595353.0000000000	-123.5130996704
597415.0000000000	-123.3209915161
599484.1250000000	-122.4408187866
601560.3750000000	-121.1664505005
603643.8750000000	-118.3548431396
605734.5625000000	-115.5873641968
607832.5000000000	-113.1978302002
609937.6875000000	-111.6647186279
612049.5000000000	-111.1921539307
614169.3125000000	-111.4011001587
616296.4375000000	-112.5284347534
618431.0000000000	-113.8311843872
620572.8750000000	-116.2944412231
622722.1875000000	-119.1783828735
624879.0000000000	-121.3774337769
627043.2500000000	-122.7644805908
629214.2500000000	-123.2217407227
631393.5000000000	-123.3759231567
633580.3125000000	-123.4301757813
635774.6875000000	-123.5457229614
637976.6875000000	-123.6830673218
640186.2500000000	-123.7741699219
642403.5625000000	-123.7997436523
644628.5000000000	-123.7798233032
646861.1250000000	-123.7537002563
649100.7500000000	-123.6591720581
651348.8750000000	-123.3610534668
653604.8125000000	-122.5556640625
655868.5625000000	-121.3442687988
658140.1250000000	-119.8961563110
660419.5625000000	-118.7325286865
662706.8750000000	-118.1994400024
665002.1250000000	-118.3156890869
667304.6250000000	-119.1673507690
669615.8125000000	-120.4592208862
671935.0000000000	-121.7944717407
674262.1875000000	-122.8828811646
676597.5000000000	-123.4335327148
678940.8125000000	-123.6594314575
681292.3125000000	-123.6623840332
683651.9375000000	-123.6083984375
686019.0000000000	-123.5487976074
688395.0000000000	-123.4965896606
690779.1875000000	-123.4660186768
693171.6875000000	-123.4716186523
695572.4375000000	-123.4878082275
697981.5625000000	-123.3837814331
700398.9375000000	-122.9528884888
702824.7500000000	-121.6685638428
705258.1875000000	-119.7200775146
707700.8125000000	-117.2605056763
710151.9375000000	-114.5482101440
712611.5000000000	-113.2610397339
715079.5625000000	-112.9038543701
717556.2500000000	-113.7481002808
720041.4375000000	-115.3279800415
722535.3125000000	-117.4332504272
725036.9375000000	-119.7881927490
727548.0625000000	-121.6047668457
730067.9375000000	-122.9964218140
732596.5000000000	-123.3283157349
735133.8125000000	-123.3568115234
737679.8750000000	-123.3874893188
740234.8125000000	-123.4826126099
742798.5625000000	-123.5899353027
745370.4375000000	-123.6674575806
747952.0000000000	-123.6561355591
750542.4375000000	-123.4627304077
753141.9375000000	-122.7139892578
755750.4375000000	-120.7378616333
758367.9375000000	-118.8522338867
760994.5000000000	-117.0065612793
763630.1875000000	-115.4339599609
766274.1250000000	-115.1934585571
768928.0625000000	-115.8862762451
771591.1875000000	-117.2476119995
774263.5625000000	-119.5415267944
776945.1875000000	-121.6198654175
779636.1250000000	-122.6658706665
782336.3750000000	-123.1309585571
785045.9375000000	-123.2888565063
787764.0625000000	-123.2265625000
790492.4375000000	-123.1317977905
793230.2500000000	-122.9117660522
795977.5625000000	-121.9453887939
798734.4375000000	-118.4154434204
801500.8125000000	-112.2834014893
804276.7500000000	-106.3413238525
807062.3125000000	-102.7538528442
809857.5625000000	-99.6639175415
812661.5625000000	-96.8436050415
815476.1875000000	-95.4602508545
818300.5625000000	-95.5893249512
821134.6875000000	-97.1809692383
823978.6875000000	-99.2666854858
826832.5000000000	-101.8759078979
829696.1875000000	-106.1643829346
832569.8125000000	-111.1905212402
835452.4375000000	-116.6454467773
838346.0000000000	-120.9953155518
841249.5625000000	-122.7671279907
844163.1875000000	-123.2749481201
847086.9375000000	-123.4549407959
850020.7500000000	-123.4532165527
852964.7500000000	-123.3044891357
855919.0000000000	-122.8567276001
858882.4375000000	-121.7241210938
861857.1875000000	-120.1645431519
864842.1875000000	-118.7707672119
867837.5000000000	-118.1165237427
870843.2500000000	-118.4551315308
873859.3750000000	-119.6477279663
876885.9375000000	-121.2043762207
879923.0000000000	-122.5612945557
882969.5625000000	-123.4345016479
886027.6875000000	-123.8504180908
889096.4375000000	-124.0273971558
892175.7500000000	-124.1230773926
895265.7500000000	-124.1778869629
898366.5000000000	-124.2087020874
901477.9375000000	-124.1926422119
904600.1875000000	-124.1403961182
907732.1875000000	-124.0776519775
910876.1250000000	-123.9580383301
914030.8750000000	-123.7485885620
917196.5625000000	-123.6226882935
920373.2500000000	-123.6181030273
923560.9375000000	-123.6731338501
926759.6250000000	-123.7795867920
929969.4375000000	-123.8902359009
933189.3125000000	-123.9765625000
936421.3750000000	-124.0533981323
939664.6250000000	-124.0888977051
942919.0625000000	-123.9912033081
946184.8750000000	-123.8614807129
949461.9375000000	-123.9277191162
952750.3125000000	-124.0991210938
956050.1250000000	-124.1724777222
959360.3125000000	-124.0980987549
962683.0000000000	-123.9226150513
966017.2500000000	-123.6876220703
969363.0000000000	-123.5834274292
972720.3125000000	-123.6330032349
976089.3125000000	-123.7498931885
979469.9375000000	-123.8728713989
982862.3125000000	-123.9868087769
986265.3125000000	-124.0590209961
989681.1875000000	-124.0479125977
993108.9375000000	-124.0083541870
996548.5000000000	-124.0074157715
1000000.0000000000	-122.6260833740
1003463.4375000000	-122.1254806519
1006938.8750000000	-121.5990066528
1010426.3750000000	-121.1375503540
1013925.9375000000	-120.7227859497
1017436.5000000000	-120.4715957642
1020960.3750000000	-120.3529586792
1024496.4375000000	-120.3812561035
1028044.6875000000	-120.6158218384
1031605.3125000000	-120.9258346558
1035178.1875000000	-121.4169006348
1038763.5000000000	-121.9092330933
1042361.2500000000	-122.4041748047
1045970.2500000000	-122.7664337158
1049592.8750000000	-123.0503997803
1053228.1250000000	-123.0610046387
1056875.8750000000	-123.0099716187
1060536.3750000000	-122.8349151611
1064209.5000000000	-122.6683425903
1067895.3750000000	-122.5074615479
1071594.0000000000	-122.4750366211
1075304.1250000000	-122.5008239746
1079028.5000000000	-122.6479492188
1082765.6250000000	-122.8691253662
1086515.7500000000	-123.1285095215
1090278.8750000000	-123.3433151245
1094055.0000000000	-123.4569625854
1097844.1250000000	-123.4211502075
1101646.5000000000	-123.1321182251
1105460.7500000000	-122.7470474243
1109289.5000000000	-122.2345733643
1113131.5000000000	-121.7681274414
1116986.7500000000	-121.3354721069
1120855.3750000000	-121.1329040527
1124737.3750000000	-121.0554580688
1128632.8750000000	-121.1404800415
1132541.8750000000	-121.4441070557
1136463.1250000000	-121.8168563843
1140399.2500000000	-122.2702255249
1144348.8750000000	-122.6337814331
1148312.3750000000	-122.8969726563
1152289.5000000000	-122.8981399536
1156280.3750000000	-122.6825790405
1160285.1250000000	-122.3506011963
1164303.6250000000	-121.9389877319
1168334.8750000000	-121.6001586914
1172381.3750000000	-121.3199615479
1176441.8750000000	-121.1591873169
1180516.3750000000	-120.8376541138
1184605.1250000000	-120.2859420776
1188707.8750000000	-118.8284378052
1192824.8750000000	-116.7907028198
1196956.2500000000	-114.4251785278
1201100.5000000000	-112.0484237671
1205260.5000000000	-109.9721450806
1209434.8750000000	-108.1557846069
1213623.6250000000	-106.7673492432
1217827.0000000000	-105.8170928955
1222044.8750000000	-105.1811828613
1226277.3750000000	-104.9352874756
1230524.5000000000	-105.1907119751
1234785.0000000000	-105.7714614868
1239061.6250000000	-106.6826934814
1243353.1250000000	-108.1702651978
1247659.3750000000	-109.9940643311
1251980.6250000000	-112.1344375610
1256316.7500000000	-114.6630477905
1260668.0000000000	-117.2495651245
1265034.2500000000	-119.5662155151
1269415.6250000000	-121.3884887695
1273810.7500000000	-122.1026077271
1278222.6250000000	-122.5106353760
1282649.6250000000	-122.7255554199
1287092.0000000000	-122.9482269287
1291549.8750000000	-123.2349700928
1296023.0000000000	-123.5189743042
1300511.7500000000	-123.7670593262
1305016.0000000000	-123.8601837158
1309534.5000000000	-123.7997741699
1314070.0000000000	-123.6479873657
1318621.1250000000	-123.4389801025
1323188.1250000000	-123.2698593140
1327771.0000000000	-123.1945953369
1332369.6250000000	-123.2125320435
1336984.2500000000	-123.3258132935
1341614.8750000000	-123.5332717896
1346260.0000000000	-123.7563934326
1350922.6250000000	-123.9599227905
1355601.5000000000	-124.1191253662
1360296.6250000000	-124.1970748901
1365007.8750000000	-124.2093582153
1369735.6250000000	-124.1900863647
1374479.6250000000	-124.1576385498
1379240.0000000000	-124.1328659058
1384015.5000000000	-124.1408920288
1388808.8750000000	-124.1717147827
1393619.0000000000	-124.2157211304
1398445.7500000000	-124.2605209351
1403289.1250000000	-124.2832641602
1408149.3750000000	-124.2551651001
1413026.5000000000	-124.1819381714
1417920.3750000000	-124.0779495239
1422829.7500000000	-123.9666824341
1427757.6250000000	-123.8925094604
1432702.6250000000	-123.9031982422
1437664.7500000000	-123.9866714478
1442644.0000000000	-124.1217498779
1447640.6250000000	-124.2778854370
1452654.3750000000	-124.4179458618
1457685.6250000000	-124.5008850098
1462732.6250000000	-124.5458297729
1467798.7500000000	-124.5702667236
1472882.3750000000	-124.5884323120
1477983.6250000000	-124.6107101440
1483102.6250000000	-124.6424713135
1488239.2500000000	-124.6901855469
1493393.6250000000	-124.7482376099
1498566.0000000000	-124.7985763550
1503754.5000000000	-124.8112564087
1508962.7500000000	-124.7552261353
1514189.0000000000	-124.6120681763
1519433.2500000000	-124.3974304199
1524695.7500000000	-124.1868743896
1529976.5000000000	-124.0420989990
1535275.5000000000	-123.9899139404
1540592.8750000000	-124.0295028687
1545926.8750000000	-124.1335525513
1551281.1250000000	-124.2528991699
1556654.0000000000	-124.3244705200
1562045.3750000000	-124.2767105103
1567455.3750000000	-124.1063385010
1572884.2500000000	-123.8681945801
1578331.8750000000	-123.5938796997
1583798.3750000000	-123.1944351196
1589283.7500000000	-122.3757171631
1594786.3750000000	-120.7852249146
1600309.8750000000	-118.3537979126
1605852.5000000000	-115.5416641235
1611414.2500000000	-112.9020538330
1616995.3750000000	-110.7639770508
1622595.7500000000	-109.1877593994
1628215.5000000000	-108.1852798462
1633854.7500000000	-107.7623748779
1639511.7500000000	-107.9213485718
1645190.1250000000	-108.6649169922
1650888.1250000000	-109.9936218262
1656605.8750000000	-111.8933258057
1662343.5000000000	-114.2983551025
1668101.0000000000	-117.0060958862
1673878.3750000000	-119.5767517090
1679675.7500000000	-121.4376907349
1685491.3750000000	-122.3866043091
1691329.0000000000	-122.8383331299
1697186.8750000000	-123.2074661255
1703065.0000000000	-123.5961837769
1708963.5000000000	-123.9152145386
1714882.3750000000	-124.0305480957
1720821.7500000000	-123.9173812866
1726781.7500000000	-123.6761474609
1732760.5000000000	-123.4580459595
1738761.8750000000	-123.3741302490
1744784.0000000000	-123.4555206299
1750826.8750000000	-123.6578445435
1756890.8750000000	-123.8945922852
1762975.7500000000	-124.0824508667
1769081.7500000000	-124.1877365112
1775208.8750000000	-124.1770248413
1781355.2500000000	-124.1324539185
1787524.8750000000	-124.1242675781
1793715.8750000000	-124.1997146606
1799928.3750000000	-124.3517303467
1806162.3750000000	-124.5118179321
1812417.8750000000	-124.5790786743
1818695.1250000000	-124.4874496460
1824994.1250000000	-124.2644500732
1831312.8750000000	-124.0143814087
1837655.5000000000	-123.8468246460
1844020.1250000000	-123.8241958618
1850406.8750000000	-123.9495697021
1856815.6250000000	-124.1783294678
1863246.6250000000	-124.4431762695
1869699.8750000000	-124.6821136475
1876175.5000000000	-124.8529205322
1882671.5000000000	-124.9367599487
1889192.0000000000	-124.9412155151
1895735.2500000000	-124.9414367676
1902301.0000000000	-124.9772872925
1908889.5000000000	-125.0204010010
1915500.8750000000	-125.0590209961
1922135.1250000000	-125.1022109985
1928792.3750000000	-125.1523590088
1935470.5000000000	-125.1917877197
1942173.8750000000	-125.2047729492
1948900.5000000000	-125.1925659180
1955650.5000000000	-125.1552581787
1962423.7500000000	-124.9920959473
1969220.5000000000	-124.6620407104
1976040.8750000000	-124.3335342407
1982884.7500000000	-123.9368743896
1989750.2500000000	-123.3558349609
1996641.6250000000	-122.2033386230
2003556.8750000000	-120.0821304321
2010496.1250000000	-117.2487258911
2017459.3750000000	-112.9342651367
2024446.7500000000	-109.9027633667
2031458.3750000000	-108.5292816162
2038494.2500000000	-107.7351074219
2045554.5000000000	-107.5051727295
2052636.8750000000	-107.8283081055
2059746.1250000000	-109.3588256836
2066879.8750000000	-112.1138992310
2074038.5000000000	-114.5950698853
2081221.7500000000	-117.3905410767
2088430.0000000000	-120.0736541748
2095663.2500000000	-122.0857772827
2102921.5000000000	-123.5213470459
2110202.5000000000	-124.1102676392
2117511.0000000000	-124.1966247559
2124845.0000000000	-124.0874786377
2132204.2500000000	-123.8294677734
2139589.0000000000	-123.4587402344
2146999.5000000000	-123.4011993408
2154435.5000000000	-123.6376647949
2161897.2500000000	-124.0243225098
2169382.5000000000	-124.6340713501
2176896.0000000000	-125.0469818115
2184435.7500000000	-125.1341705322
2192001.2500000000	-125.1256484985
2199593.2500000000	-125.0501174927
2207211.5000000000	-124.9757003784
2214856.0000000000	-124.8927230835
2222527.0000000000	-124.7244644165
2230222.2500000000	-124.3180770874
2237946.5000000000	-123.9558944702
2245697.5000000000	-123.8691177368
2253475.5000000000	-123.9313507080
2261280.2500000000	-124.2456436157
2269112.0000000000	-124.6664962769
2276971.0000000000	-124.9234008789
2284857.2500000000	-125.0999603271
2292768.2500000000	-125.1780166626
2300709.0000000000	-125.1543426514
2308677.5000000000	-125.1467971802
2316673.5000000000	-125.1971588135
2324697.2500000000	-125.2696075439
2332748.7500000000	-125.3009262085
2340828.0000000000	-125.3142471313
2348935.2500000000	-125.3174285889
2357068.2500000000	-125.3258895874
2365231.7500000000	-125.3046951294
2373423.7500000000	-125.1467056274
2381644.0000000000	-124.8911209106
2389892.7500000000	-124.1911468506
2398170.0000000000	-122.8510360718
2406475.7500000000	-121.0656127930
2414810.5000000000	-117.0607070923
2423171.5000000000	-113.4297790527
2431564.0000000000	-110.4781112671
2439985.7500000000	-108.6552429199
2448436.5000000000	-108.0354843140
2456916.5000000000	-108.0069122314
2465426.0000000000	-108.8574905396
2473964.7500000000	-110.7529067993
2482533.2500000000	-113.7302780151
2491128.7500000000	-116.2100524902
2499756.5000000000	-119.8994979858
2508414.2500000000	-123.0679473877
2517102.2500000000	-124.3795242310
2525820.0000000000	-124.7516708374
2534568.0000000000	-124.6463470459
2543346.5000000000	-124.3302001953
2552155.2500000000	-124.0924987793
2560994.5000000000	-124.1512832642
2569861.5000000000	-124.4610137939
2578762.2500000000	-124.9633789063
2587693.5000000000	-125.4934921265
2596656.0000000000	-125.8450698853
2605649.2500000000	-125.9806518555
2614673.7500000000	-125.8488769531
2623729.7500000000	-125.4648284912
2632816.7500000000	-124.7851104736
2641932.5000000000	-124.0966949463
2651082.7500000000	-123.6953735352
2660264.7500000000	-123.6713409424
2669478.5000000000	-124.0943222046
2678724.0000000000	-124.7683181763
2688001.7500000000	-125.4473724365
2697311.5000000000	-125.9165039063
2706653.5000000000	-126.1106643677
2716024.7500000000	-126.2430496216
2725431.7500000000	-126.4023971558
2734871.0000000000	-126.5758743286
2744343.2500000000	-126.6818618774
2753848.0000000000	-126.6706008911
2763386.0000000000	-126.5521163940
2772956.7500000000	-126.3703994751
2782560.7500000000	-126.1837844849
2792195.0000000000	-125.7254257202
2801865.5000000000	-124.6590347290
2811569.7500000000	-121.9637527466
2821307.5000000000	-117.1387557983
2831079.0000000000	-113.9346084595
2840884.2500000000	-111.5102767944
2850723.5000000000	-110.0556716919
2860597.0000000000	-109.5438385010
2870501.2500000000	-110.0140304565
2880443.2500000000	-111.2364273071
2890419.5000000000	-113.3176956177
2900430.2500000000	-117.4075775146
2910475.7500000000	-121.1506347656
2920556.0000000000	-123.8685073853
2930671.2500000000	-125.6498184204
2940821.5000000000	-126.3334503174
2951003.7500000000	-126.6219787598
2961224.2500000000	-126.7210311890
2971480.5000000000	-126.7978973389
2981772.0000000000	-126.8578872681
2992099.2500000000	-126.8460922241
3002462.2500000000	-126.4682083130
3012861.0000000000	-126.4574279785
3023296.0000000000	-126.3398361206
3033763.7500000000	-126.1712570190
3044271.0000000000	-125.9942855835
3054814.7500000000	-125.8429489136
3065395.0000000000	-125.7443313599
3076011.7500000000	-125.7184295654
3086665.5000000000	-125.7794647217
3097356.0000000000	-125.8996734619
3108083.5000000000	-126.0512390137
3118844.7500000000	-126.1982879639
3129646.7500000000	-126.2986297607
3140486.2500000000	-126.2990570068
3151363.0000000000	-126.1248550415
3162277.7500000000	-125.6673583984
3173230.0000000000	-124.7665328979
3184220.5000000000	-123.3921127319
3195248.7500000000	-121.7294998169
3206315.5000000000	-119.9830322266
3217416.7500000000	-118.3227233887
3228560.2500000000	-116.8601684570
3239742.2500000000	-115.6603317261
3250962.7500000000	-114.7565460205
3262222.5000000000	-114.1653442383
3273521.0000000000	-113.8953170776
3284858.7500000000	-113.9511108398
3296235.5000000000	-114.3347625732
3307648.2500000000	-115.0569152832
3319104.2500000000	-116.0946197510
3330599.7500000000	-117.3847503662
3342135.2500000000	-118.8018798828
3353710.5000000000	-120.1142959595
3365326.0000000000	-121.0503082275
3376981.5000000000	-121.5007553101
3388677.5000000000	-121.6122512817
3400410.5000000000	-121.6457061768
3412187.5000000000	-121.8068847656
3424005.5000000000	-122.1935348511
3435864.5000000000	-122.8159179688
3447764.2500000000	-123.6201171875
3459705.5000000000	-124.5018157959
3471688.0000000000	-125.3288040161
3483712.0000000000	-125.9876708984
3495774.0000000000	-126.4327239990
3507881.5000000000	-126.6925964355
3520030.7500000000	-126.8263626099
3532222.2500000000	-126.8749771118
3544456.0000000000	-126.8815994263
3556732.0000000000	-126.7965545654
3569050.5000000000	-126.5401763916
3581411.7500000000	-125.9712524414
3593812.0000000000	-124.9566650391
3606259.0000000000	-123.5104141235
3618749.0000000000	-121.8249053955
3631282.5000000000	-120.1397857666
3643859.2500000000	-117.9718017578
3656479.5000000000	-116.4914321899
3669143.5000000000	-115.9294662476
3681851.5000000000	-115.7221298218
3694599.2500000000	-115.8724060059
3707395.5000000000	-116.3799896240
3720235.7500000000	-117.2406082153
3733120.7500000000	-118.4416809082
3746050.2500000000	-119.9520187378
3759024.5000000000	-121.7012710571
3772043.7500000000	-123.5476684570
3785108.0000000000	-125.2558822632
3798213.2500000000	-126.5579071045
3811368.2500000000	-127.3254318237
3824568.7500000000	-127.6541290283
3837815.0000000000	-127.7305374146
3851107.0000000000	-127.6565780640
3864445.2500000000	-127.5404739380
3877829.5000000000	-127.4774780273
3891260.2500000000	-127.4393234253
3904733.2500000000	-127.4266815186
3918257.0000000000	-127.4329223633
3931827.7500000000	-127.4464492798
3945445.5000000000	-127.4519500732
3959110.2500000000	-127.4263305664
3972822.5000000000	-127.1989364624
3986582.2500000000	-126.5660858154
4000389.5000000000	-125.7243499756
4014244.7500000000	-124.5810394287
4028143.5000000000	-123.2770614624
4042094.7500000000	-121.9842300415
4056094.2500000000	-120.8384323120
4070142.5000000000	-119.5952377319
4084239.2500000000	-118.9547042847
4098384.7500000000	-118.9309539795
4112579.2500000000	-119.2189483643
4126823.0000000000	-119.8120422363
4141111.5000000000	-120.6923141479
4155454.0000000000	-122.4256744385
4169846.2500000000	-124.4847106934
4184288.5000000000	-125.7208786011
4198780.5000000000	-126.6708984375
4213323.0000000000	-127.2711868286
4227915.5000000000	-127.5863647461
4242558.5000000000	-127.7696762085
4257248.0000000000	-127.8491134644
4271992.5000000000	-127.8793487549
4286788.5000000000	-127.8987503052
4301635.5000000000	-127.9076156616
4316534.0000000000	-127.9090728760
4331484.0000000000	-127.9126739502
4346486.0000000000	-127.9203262329
4361540.0000000000	-127.9225845337
4376641.0000000000	-127.8403091431
4391799.5000000000	-127.5273513794
4407010.0000000000	-127.0367736816
4422273.5000000000	-126.2812576294
4437590.0000000000	-124.7489547729
4452959.5000000000	-123.2280578613
4468382.0000000000	-122.3490982056
4483858.0000000000	-121.6794509888
4499383.0000000000	-121.1737442017
4514966.0000000000	-121.1986923218
4530603.5000000000	-121.5655517578
4546295.0000000000	-122.5732574463
4562041.0000000000	-123.9947967529
4577841.5000000000	-125.0502929688
4593696.5000000000	-126.0474395752
4609606.5000000000	-127.1142959595
4625566.5000000000	-127.6696395874
4641587.0000000000	-127.7677612305
4657663.0000000000	-127.7582092285
4673794.5000000000	-127.7175674438
4689982.0000000000	-127.7053375244
4706225.5000000000	-127.7227478027
4722525.5000000000	-127.7721023560
4738881.5000000000	-127.8195800781
4755289.5000000000	-127.8860244751
4771759.0000000000	-127.8992767334
4788286.0000000000	-127.8062667847
4804870.0000000000	-127.2800979614
4821511.5000000000	-126.2050933838
4838210.5000000000	-124.4787902832
4854967.5000000000	-122.7342224121
4871782.5000000000	-121.6887512207
4888650.0000000000	-120.5471115112
4905581.5000000000	-119.9371948242
4922572.0000000000	-119.8832015991
4939621.0000000000	-120.3325042725
4956729.5000000000	-121.3060531616
4973896.5000000000	-122.7687149048
4991123.5000000000	-124.5337753296
5008410.0000000000	-125.6531600952
5025756.5000000000	-126.8978042603
5043157.5000000000	-127.6335067749
5060624.0000000000	-127.8856124878
5078151.5000000000	-127.9779891968
5095739.5000000000	-128.0236816406
5113388.0000000000	-128.0854949951
5131098.0000000000	-128.1701202393
5148869.5000000000	-128.2434234619
5166702.5000000000	-128.2567596436
5184591.5000000000	-128.1427612305
5202548.0000000000	-127.7536544800
5220566.5000000000	-126.6653518677
5238648.0000000000	-124.9982528687
5256791.5000000000	-122.9048843384
5274998.5000000000	-121.0800170898
5293268.0000000000	-119.7054367065
5311601.0000000000	-118.8735656738
5329991.5000000000	-118.6860961914
5348452.0000000000	-119.0229568481
5366976.0000000000	-119.9810256958
5385564.5000000000	-121.4571914673
5404217.0000000000	-123.3148117065
5422934.0000000000	-125.8948822021
5441716.5000000000	-127.3343429565
5460563.5000000000	-127.9672775269
5479470.0000000000	-128.1998596191
5498447.5000000000	-128.2053985596
5517491.5000000000	-128.1510772705
5536601.0000000000	-128.1086273193
5555776.5000000000	-128.1253204346
5575019.0000000000	-128.2118682861
5594327.5000000000	-128.1550750732
5613703.5000000000	-127.5513687134
5633140.0000000000	-125.9000473022
5652650.0000000000	-123.8057098389
5672228.0000000000	-121.6264114380
5691873.5000000000	-119.4687271118
5711587.0000000000	-118.4675064087
5731368.5000000000	-118.0802993774
5751219.0000000000	-118.1912536621
5771138.0000000000	-118.9105453491
5791120.0000000000	-120.6956863403
5811177.0000000000	-122.6772308350
5831304.0000000000	-124.8752365112
5851500.0000000000	-127.4395141602
5871766.5000000000	-128.4212036133
5892103.0000000000	-128.6048889160
5912510.5000000000	-128.5308532715
5932988.0000000000	-128.4629974365
5953530.0000000000	-128.4455871582
5974150.0000000000	-128.4493255615
5994841.0000000000	-128.4079132080
6015604.0000000000	-128.1597747803
6036438.5000000000	-127.1386947632
6057345.5000000000	-125.1358795166
6078325.0000000000	-123.4494781494
6099377.0000000000	-121.9657974243
6120495.0000000000	-120.6999282837
6141693.0000000000	-120.2967529297
6162964.5000000000	-120.4364089966
6184310.0000000000	-121.3362197876
6205729.0000000000	-123.0710372925
6227222.0000000000	-125.4206924438
6248790.0000000000	-127.2052536011
6270432.0000000000	-128.3171691895
6292142.5000000000	-128.8733520508
6313935.0000000000	-128.9136199951
6335803.0000000000	-128.9169921875
6357747.0000000000	-128.9645538330
6379767.0000000000	-129.0431823730
6401863.0000000000	-129.0243988037
6424035.5000000000	-128.6268005371
6446284.5000000000	-127.8439102173
6468611.0000000000	-126.4744491577
6491007.5000000000	-124.4425811768
6513489.0000000000	-122.7899246216
6536048.0000000000	-121.8593444824
6558685.5000000000	-121.7054443359
6581401.0000000000	-122.3118209839
6604195.5000000000	-123.2593917847
6627069.0000000000	-124.6182937622
6650021.5000000000	-126.7844161987
6673046.0000000000	-128.5747528076
6696158.0000000000	-129.2238769531
6719350.0000000000	-128.5637817383
6742622.0000000000	-126.4316482544
6765974.5000000000	-123.8644561768
6789408.5000000000	-122.2093658447
6812923.0000000000	-121.9917602539
6836519.5000000000	-123.2081298828
6860190.0000000000	-124.7724914551
6883950.0000000000	-126.0355911255
6907792.0000000000	-126.3155441284
6931717.0000000000	-125.6162490845
6955724.5000000000	-125.1007080078
6979815.5000000000	-125.0627288818
7003989.5000000000	-125.5295562744
7028247.5000000000	-126.5124969482
7052582.0000000000	-127.8820190430
7077008.0000000000	-129.1709747314
7101519.0000000000	-129.8410949707
7126115.0000000000	-129.9587097168
7150796.0000000000	-129.9649505615
7175562.5000000000	-130.0741577148
7200414.5000000000	-130.2163238525
7225353.0000000000	-130.2336883545
7250369.5000000000	-130.0418548584
7275481.0000000000	-129.3823699951
7300679.0000000000	-128.3530883789
7325965.0000000000	-127.5723953247
7351338.0000000000	-127.1364517212
7376799.0000000000	-127.0932617188
7402348.0000000000	-127.3856048584
7427986.0000000000	-127.9641876221
7453704.0000000000	-128.7305603027
7479519.5000000000	-129.4566192627
7505424.5000000000	-129.9402618408
7531419.5000000000	-130.2259521484
7557504.0000000000	-130.3602294922
7583679.0000000000	-130.4242553711
7609945.0000000000	-130.4740142822
7636301.5000000000	-130.4636535645
7662741.0000000000	-130.2230377197
7689280.5000000000	-129.5257263184
7715912.0000000000	-128.1305236816
7742636.0000000000	-126.9356994629
7769452.0000000000	-126.4903717041
7796361.5000000000	-126.5292205811
7823363.5000000000	-126.9553909302
7850459.5000000000	-127.9476089478
7877640.5000000000	-129.2481536865
7904924.5000000000	-130.0860290527
7932302.5000000000	-130.4898834229
7959776.0000000000	-130.6139678955
7987344.0000000000	-130.6518859863
8015008.0000000000	-130.6801910400
8042767.5000000000	-130.5783843994
8070623.5000000000	-129.8724822998
8098575.5000000000	-128.5616149902
8126615.5000000000	-127.0404434204
8154762.0000000000	-125.6221237183
8183005.5000000000	-124.9754028320
8211347.0000000000	-125.0071792603
8239786.5000000000	-125.6910171509
8268325.0000000000	-127.1571121216
8296961.5000000000	-128.8178253174
8325698.0000000000	-130.4907379150
8354524.5000000000	-131.0864410400
8383460.0000000000	-131.0753936768
8412496.0000000000	-131.0823974609
8441632.0000000000	-131.0712585449
8470869.0000000000	-130.1613922119
8500208.0000000000	-127.9512252808
8529648.0000000000	-125.8656692505
8559190.0000000000	-123.9712982178
8588825.0000000000	-123.0770416260
8618572.0000000000	-123.1409759521
8648422.0000000000	-123.9192199707
8678375.0000000000	-125.6372909546
8708432.0000000000	-128.3111724854
8738593.0000000000	-130.6394042969
8768859.0000000000	-131.6087188721
8799230.0000000000	-131.7990722656
8829696.0000000000	-131.8907165527
8860277.0000000000	-131.7586975098
8890964.0000000000	-131.0225067139
8921758.0000000000	-129.4575958252
8952658.0000000000	-127.9046478271
8983665.0000000000	-126.9709701538
9014779.0000000000	-126.7538986206
9046002.0000000000	-127.1859207153
9077322.0000000000	-128.1397094727
9108761.0000000000	-129.7050628662
9140309.0000000000	-131.5429229736
9171966.0000000000	-132.1828460693
9203732.0000000000	-132.3048553467
9235609.0000000000	-132.3456878662
9267596.0000000000	-132.2337493896
9299694.0000000000	-131.4454040527
9331893.0000000000	-130.1373138428
9364214.0000000000	-128.7932739258
9396646.0000000000	-127.9036102295
9429191.0000000000	-127.7766189575
9461849.0000000000	-127.9331588745
9494619.0000000000	-128.6147155762
9527503.0000000000	-130.0586700439
9560501.0000000000	-131.7725830078
9593603.0000000000	-132.7470550537
9626830.0000000000	-132.9097595215
9660172.0000000000	-133.0656585693
9693630.0000000000	-133.0035095215
9727203.0000000000	-132.2884979248
9760893.0000000000	-131.4928283691
9794699.0000000000	-130.9086608887
9828623.0000000000	-130.6988067627
9862653.0000000000	-130.9423675537
9896812.0000000000	-131.5350952148
9931089.0000000000	-132.3556823730
9965485.0000000000	-132.8566589355
10000000.0000000000	-132.3886108398
Trace	5
Trace Mode	BLANK
Trace	6
Trace Mode	BLANK
Window	2	Integrated Measurements
Window	Range	Trace	Start Offset	Unit	Stop Offset	Unit	Weighting	Int Noise	Unit	PM	Unit	FM	Unit	Jitter	Unit
1	1	1	1.0000000000	Hz	10000000.0000000000	Hz		-42.70197296142578125	dBc	0.59366172552108764648	degree	11847.0947265625	Hz	2.6384965393089210295e-11	s
1	1	2	1.0000000000	Hz	10000000.0000000000	Hz		-56.22705841064453125	dBc	0.12510788440704345703	degree	5070.6943359375	Hz	5.5603503572310142289e-12	s
1	1	3	1.0000000000	Hz	10000000.0000000000	Hz		-39.254367828369140625	dBc	0.88291555643081665039	degree	15433.87890625	Hz	3.9240690558051127823e-11	s
1	1	4	1.0000000000	Hz	10000000.0000000000	Hz		-41.41571044921875	dBc	0.68841773271560668945	degree	14215.521484375	Hz	3.059634143265377304e-11	s
1	2	1	1.0000000000	Hz	10000000.0000000000	Hz		-42.70197296142578125	dBc	0.59366172552108764648	degree	11847.0947265625	Hz	2.6384965393089210295e-11	s
1	2	2	1.0000000000	Hz	10000000.0000000000	Hz		-56.22705841064453125	dBc	0.12510788440704345703	degree	5070.6943359375	Hz	5.5603503572310142289e-12	s
1	2	3	1.0000000000	Hz	10000000.0000000000	Hz		-39.254367828369140625	dBc	0.88291555643081665039	degree	15433.87890625	Hz	3.9240690558051127823e-11	s
1	2	4	1.0000000000	Hz	10000000.0000000000	Hz		-41.41571044921875	dBc	0.68841773271560668945	degree	14215.521484375	Hz	3.059634143265377304e-11	s
1	3	1	1.0000000000	Hz	10000000.0000000000	Hz		-42.70197296142578125	dBc	0.59366172552108764648	degree	11847.0947265625	Hz	2.6384965393089210295e-11	s
1	3	2	1.0000000000	Hz	10000000.0000000000	Hz		-56.22705841064453125	dBc	0.12510788440704345703	degree	5070.6943359375	Hz	5.5603503572310142289e-12	s
1	3	3	1.0000000000	Hz	10000000.0000000000	Hz		-39.254367828369140625	dBc	0.88291555643081665039	degree	15433.87890625	Hz	3.9240690558051127823e-11	s
1	3	4	1.0000000000	Hz	10000000.0000000000	Hz		-41.41571044921875	dBc	0.68841773271560668945	degree	14215.521484375	Hz	3.059634143265377304e-11	s
1	4	1	1.0000000000	Hz	10000000.0000000000	Hz		-42.70197296142578125	dBc	0.59366172552108764648	degree	11847.0947265625	Hz	2.6384965393089210295e-11	s
1	4	2	1.0000000000	Hz	10000000.0000000000	Hz		-56.22705841064453125	dBc	0.12510788440704345703	degree	5070.6943359375	Hz	5.5603503572310142289e-12	s
1	4	3	1.0000000000	Hz	10000000.0000000000	Hz		-39.254367828369140625	dBc	0.88291555643081665039	degree	15433.87890625	Hz	3.9240690558051127823e-11	s
1	4	4	1.0000000000	Hz	10000000.0000000000	Hz		-41.41571044921875	dBc	0.68841773271560668945	degree	14215.521484375	Hz	3.059634143265377304e-11	s
1	5	1	1.0000000000	Hz	10000000.0000000000	Hz		-42.70197296142578125	dBc	0.59366172552108764648	degree	11847.0947265625	Hz	2.6384965393089210295e-11	s
1	5	2	1.0000000000	Hz	10000000.0000000000	Hz		-56.22705841064453125	dBc	0.12510788440704345703	degree	5070.6943359375	Hz	5.5603503572310142289e-12	s
1	5	3	1.0000000000	Hz	10000000.0000000000	Hz		-39.254367828369140625	dBc	0.88291555643081665039	degree	15433.87890625	Hz	3.9240690558051127823e-11	s
1	5	4	1.0000000000	Hz	10000000.0000000000	Hz		-41.41571044921875	dBc	0.68841773271560668945	degree	14215.521484375	Hz	3.059634143265377304e-11	s
1	6	1	1.0000000000	Hz	10000000.0000000000	Hz		-42.70197296142578125	dBc	0.59366172552108764648	degree	11847.0947265625	Hz	2.6384965393089210295e-11	s
1	6	2	1.0000000000	Hz	10000000.0000000000	Hz		-56.22705841064453125	dBc	0.12510788440704345703	degree	5070.6943359375	Hz	5.5603503572310142289e-12	s
1	6	3	1.0000000000	Hz	10000000.0000000000	Hz		-39.254367828369140625	dBc	0.88291555643081665039	degree	15433.87890625	Hz	3.9240690558051127823e-11	s
1	6	4	1.0000000000	Hz	10000000.0000000000	Hz		-41.41571044921875	dBc	0.68841773271560668945	degree	14215.521484375	Hz	3.059634143265377304e-11	s
1	7	1	1.0000000000	Hz	10000000.0000000000	Hz		-42.70197296142578125	dBc	0.59366172552108764648	degree	11847.0947265625	Hz	2.6384965393089210295e-11	s
1	7	2	1.0000000000	Hz	10000000.0000000000	Hz		-56.22705841064453125	dBc	0.12510788440704345703	degree	5070.6943359375	Hz	5.5603503572310142289e-12	s
1	7	3	1.0000000000	Hz	10000000.0000000000	Hz		-39.254367828369140625	dBc	0.88291555643081665039	degree	15433.87890625	Hz	3.9240690558051127823e-11	s
1	7	4	1.0000000000	Hz	10000000.0000000000	Hz		-41.41571044921875	dBc	0.68841773271560668945	degree	14215.521484375	Hz	3.059634143265377304e-11	s
1	8	1	1.0000000000	Hz	10000000.0000000000	Hz		-42.70197296142578125	dBc	0.59366172552108764648	degree	11847.0947265625	Hz	2.6384965393089210295e-11	s
1	8	2	1.0000000000	Hz	10000000.0000000000	Hz		-56.22705841064453125	dBc	0.12510788440704345703	degree	5070.6943359375	Hz	5.5603503572310142289e-12	s
1	8	3	1.0000000000	Hz	10000000.0000000000	Hz		-39.254367828369140625	dBc	0.88291555643081665039	degree	15433.87890625	Hz	3.9240690558051127823e-11	s
1	8	4	1.0000000000	Hz	10000000.0000000000	Hz		-41.41571044921875	dBc	0.68841773271560668945	degree	14215.521484375	Hz	3.059634143265377304e-11	s
1	9	1	1.0000000000	Hz	10000000.0000000000	Hz		-42.70197296142578125	dBc	0.59366172552108764648	degree	11847.0947265625	Hz	2.6384965393089210295e-11	s
1	9	2	1.0000000000	Hz	10000000.0000000000	Hz		-56.22705841064453125	dBc	0.12510788440704345703	degree	5070.6943359375	Hz	5.5603503572310142289e-12	s
1	9	3	1.0000000000	Hz	10000000.0000000000	Hz		-39.254367828369140625	dBc	0.88291555643081665039	degree	15433.87890625	Hz	3.9240690558051127823e-11	s
1	9	4	1.0000000000	Hz	10000000.0000000000	Hz		-41.41571044921875	dBc	0.68841773271560668945	degree	14215.521484375	Hz	3.059634143265377304e-11	s
1	10	1	1.0000000000	Hz	10000000.0000000000	Hz		-42.70197296142578125	dBc	0.59366172552108764648	degree	11847.0947265625	Hz	2.6384965393089210295e-11	s
1	10	2	1.0000000000	Hz	10000000.0000000000	Hz		-56.22705841064453125	dBc	0.12510788440704345703	degree	5070.6943359375	Hz	5.5603503572310142289e-12	s
1	10	3	1.0000000000	Hz	10000000.0000000000	Hz		-39.254367828369140625	dBc	0.88291555643081665039	degree	15433.87890625	Hz	3.9240690558051127823e-11	s
1	10	4	1.0000000000	Hz	10000000.0000000000	Hz		-41.41571044921875	dBc	0.68841773271560668945	degree	14215.521484375	Hz	3.059634143265377304e-11	s
